event_id,event_date,landslide_category,landslide_trigger,landslide_size,landslide_setting,country_name,admin_division_name,longitude,latitude,state_normalized,district,district_state,district_state_code,district_code,district_lgd,state_lgd,rainfall_7d,rainfall_48h,rainfall_24h,average_humidity_24h,soil_moisture,landslide,elevation,slope
NEG_0036,2012-11-11 00:00:00,,,,,,,93.9873516377487,24.188679817955705,,Chandel,,,,,,22.5,0.7,0.0,84.75,0.454,0,892.0,8.93
NEG_0319,2011-06-28 00:00:00,,,,,,,89.93561467802851,25.690219362435215,,West Garo Hills,,,,,,68.8,18.9,11.0,88.54,0.404,0,54.0,7.26
5441,2013-09-02 00:00:00,landslide,downpour,large,unknown,India,Arunāchal Pradesh,94.9829,28.611,Arunachal Pradesh,Upper Siang,Arunachal Pradesh,12.0,252.0,240.0,12.0,117.8,41.2,30.2,97.54,0.428,1,1610.0,38.22
4848,2013-05-08 00:00:00,landslide,rain,medium,unknown,India,Tripura,91.4663,24.0896,Tripura,West Tripura,Tripura,16.0,289.0,272.0,16.0,300.8,116.8,45.0,94.58,0.429,1,107.0,1.82
2573,2010-10-09 00:00:00,mudslide,downpour,medium,unknown,India,Assam,93.0083,25.1796,Assam,Dima Hasao,Assam,18.0,315.0,299.0,18.0,93.0,71.8,53.3,99.62,0.493,1,696.0,6.31
755,2008-08-28 00:00:00,landslide,downpour,medium,unknown,India,Sikkim,88.609,27.337,Sikkim,Gangtok,Sikkim,11.0,244.0,225.0,11.0,326.6,122.2,65.9,99.92,0.424,1,1535.0,18.46
NEG_0022,2007-07-27 00:00:00,,,,,,,92.55179692542715,24.897913642265028,,Cachar,,,,,,258.4,74.4,36.2,93.42,0.487,0,11.0,0.38
6292,2014-09-23 00:00:00,landslide,continuous_rain,small,unknown,India,Assam,89.9032,25.7238,Assam,West Garo Hills,Meghalaya,17.0,293.0,278.0,17.0,101.4,57.4,43.8,95.46,0.397,1,30.0,3.14
9604,2016-10-12 00:00:00,landslide,continuous_rain,medium,above_road,India,Sikkim,88.2891,27.2676,Sikkim,Gyalshing,Sikkim,11.0,242.0,228.0,11.0,73.2,20.9,14.0,93.12,0.409,1,573.0,47.03
7591,2015-03-19 00:00:00,landslide,rain,small,unknown,India,Assam,92.4584,25.0318,Assam,Cachar,Assam,18.0,316.0,282.0,18.0,0.1,0.0,0.0,54.17,0.257,1,102.0,18.57
7972,2015-08-28 01:45:00,landslide,downpour,large,unknown,India,Mizoram,92.8112,23.4495,Mizoram,Aizawl,Mizoram,15.0,283.0,261.0,15.0,48.0,15.2,7.0,89.46,0.412,1,867.0,30.15
7372,2015-07-31 23:00:00,mudslide,continuous_rain,medium,above_road,India,Manipur,94.3415,25.0634,Manipur,Ukhrul,Manipur,14.0,279.0,260.0,14.0,152.2,67.9,40.5,99.92,0.417,1,1742.0,27.67
NEG_0134,2015-06-19 00:00:00,,,,,,,92.09781563360085,26.145101793143247,,Kamrup Metro,,,,,,111.2,19.0,13.2,88.79,0.479,0,51.0,0.0
9338,2016-05-18 08:00:00,landslide,continuous_rain,medium,natural_slope,India,Assam,92.4943,24.4638,Assam,Sribhumi,Assam,18.0,317.0,293.0,18.0,93.7,38.7,30.7,87.79,0.427,1,90.0,15.31
NEG_0030,2013-05-11 00:00:00,,,,,,,94.13314482092387,23.917660990833987,,Chandel,,,,,,140.1,32.0,25.3,93.79,0.439,0,571.0,14.96
NEG_0066,2012-06-25 00:00:00,,,,,,,92.27331814011411,25.224308004049195,,East Jaintia Hills,,,,,,193.2,151.0,99.2,98.08,0.502,0,817.0,10.57
NEG_0098,2011-07-25 00:00:00,,,,,,,92.64547150286984,24.340682345707364,,Hailakandi,,,,,,222.5,8.9,1.8,85.88,0.401,0,76.0,4.25
NEG_0268,2015-03-19 00:00:00,,,,,,,90.37284627810882,25.392611434909085,,South Garo Hills,,,,,,0.0,0.0,0.0,60.46,0.271,0,384.0,30.71
NEG_0302,2013-09-24 00:00:00,,,,,,,94.86052174484196,26.22314786700445,,Tuensang,,,,,,41.1,4.0,1.8,87.12,0.423,0,2059.0,29.76
NEG_0190,2014-09-22 00:00:00,,,,,,,93.8359115290164,27.558907938880647,,Lower Subansiri,,,,,,131.2,82.3,49.2,99.96,0.429,0,1555.0,1.27
NEG_0196,2011-08-05 00:00:00,,,,,,,94.57875150292136,25.60840769345552,,Meluri,,,,,,44.2,10.5,5.9,87.75,0.492,0,791.0,23.72
7837,2015-08-27 00:00:00,landslide,downpour,medium,urban,India,Mizoram,92.7265,23.7269,Mizoram,Aizawl,Mizoram,15.0,283.0,261.0,15.0,67.3,17.8,7.3,93.29,0.418,1,898.0,25.78
269,2007-09-18 00:00:00,landslide,rain,medium,unknown,India,Sikkim,88.2816,27.2872,Sikkim,Namchi,Sikkim,11.0,243.0,227.0,11.0,50.5,16.1,3.5,91.25,0.415,1,574.0,12.77
NEG_0067,2016-07-19 00:00:00,,,,,,,92.96778490932093,27.24336271204924,,East Kameng,,,,,,222.9,69.2,43.7,99.33,0.43,0,1033.0,36.86
NEG_0281,2015-09-05 00:00:00,,,,,,,93.56029319973553,25.096398263976297,,Tamenglong,,,,,,110.5,14.3,2.9,96.67,0.41,0,1291.0,12.11
1776,2010-04-21 00:00:00,landslide,downpour,medium,unknown,India,Meghālaya,92.2845,25.3612,Meghalaya,East Jaintia Hills,Meghalaya,17.0,714.0,657.0,17.0,213.3,121.2,57.3,98.42,0.514,1,1227.0,2.5
4798,2013-04-07 00:00:00,landslide,rain,medium,unknown,India,Arunachal Pradesh,96.1509,28.8254,Arunachal Pradesh,Dibang Valley,Arunachal Pradesh,12.0,257.0,230.0,12.0,117.8,37.1,12.5,86.38,0.387,1,3620.0,34.13
4313,2012-04-08 00:00:00,landslide,downpour,medium,unknown,India,Arunāchal Pradesh,95.86,28.4659,Arunachal Pradesh,Dibang Valley,Arunachal Pradesh,12.0,257.0,230.0,12.0,120.9,79.0,26.3,85.92,0.428,1,1026.0,34.44
NEG_0262,2010-07-19 06:00:00,,,,,,,94.31462694205408,25.367492894916527,,Senapati,,,,,,87.8,29.1,10.8,97.25,0.472,0,1340.0,23.34
NEG_0075,2015-06-19 00:00:00,,,,,,,91.66152115882812,25.14459025642732,,East Khasi Hills,,,,,,267.7,15.3,3.1,83.33,0.435,0,40.0,1.99
4858,2013-05-11 09:00:00,landslide,rain,medium,unknown,India,Assam,91.7138,26.1662,Assam,Kamrup Metro,Assam,18.0,322.0,618.0,18.0,64.4,29.9,19.4,86.17,0.472,1,165.0,22.23
NEG_0158,2016-07-20 00:00:00,,,,,,,94.05401094676417,25.719010514510153,,Kohima,,,,,,34.3,6.4,5.0,80.21,0.489,0,789.0,22.25
6284,2014-09-22 00:00:00,landslide,rain,small,unknown,India,Assam,91.8342,26.1324,Assam,Kamrup Metro,Assam,18.0,322.0,618.0,18.0,128.7,86.3,27.7,92.58,0.469,1,71.0,4.59
2045,2010-07-06 00:00:00,mudslide,monsoon,medium,unknown,India,Nāgāland,94.8133,26.2363,Nagaland,Tuensang,Nagaland,13.0,267.0,249.0,13.0,98.3,13.8,4.1,88.12,0.503,1,1560.0,10.12
NEG_0017,2010-06-07 00:00:00,,,,,,,96.632888390271,28.168024149801433,,Anjaw,,,,,,116.4,66.2,41.8,93.42,0.426,0,2380.0,22.21
580,2008-06-09 00:00:00,landslide,monsoon,medium,unknown,India,Manipur,93.9784,24.6596,Manipur,Thoubal,Manipur,14.0,276.0,259.0,14.0,43.0,22.4,15.0,91.21,0.485,1,777.0,0.85
1756,2010-04-17 00:00:00,landslide,downpour,small,unknown,India,Sikkim,88.6087,27.322,Sikkim,Gangtok,Sikkim,11.0,244.0,225.0,11.0,32.9,3.7,1.9,76.21,0.383,1,1477.0,24.64
NEG_0325,2016-07-10 00:00:00,,,,,,,92.3306806236301,25.59562354143025,,West Jaintia Hills,,,,,,144.2,29.8,13.8,90.12,0.461,0,1107.0,1.76
4845,2013-05-07 00:00:00,mudslide,rain,medium,unknown,India,Mizoram,92.6755,24.2315,Mizoram,Kolasib,Mizoram,15.0,282.0,263.0,15.0,49.8,32.1,11.2,92.58,0.392,1,680.0,8.69
6293,2014-10-20 00:00:00,landslide,rain,medium,unknown,India,Meghalaya,90.0896,25.5006,Meghalaya,South West Garo Hills,Meghalaya,17.0,711.0,663.0,17.0,11.6,0.3,0.3,78.67,0.438,1,48.0,6.88
3776,2011-07-15 18:00:00,landslide,downpour,small,unknown,India,Arunāchal Pradesh,93.7145,27.125,Arunachal Pradesh,Papum Pare,Arunachal Pradesh,12.0,248.0,237.0,12.0,90.3,54.1,44.1,96.62,0.405,1,132.0,0.26
5338,2013-08-16 00:00:00,landslide,rain,medium,unknown,India,Assam,94.9275,26.8727,Assam,Mon,Nagaland,13.0,261.0,247.0,13.0,117.4,39.8,27.6,85.79,0.467,1,128.0,2.16
NEG_0011,2016-08-05 00:00:00,,,,,,,92.9819295699364,23.73583158921991,,Aizawl,,,,,,33.8,13.7,8.4,87.96,0.413,0,1128.0,18.92
NEG_0225,2015-06-24 00:00:00,,,,,,,93.42738233124462,24.707697847688692,,Noney,,,,,,127.6,49.2,31.6,99.83,0.424,0,280.0,8.91
NEG_0297,2010-10-09 00:00:00,,,,,,,94.2688472375884,25.956253611651334,,Tseminyu,,,,,,54.4,39.0,25.8,92.88,0.456,0,840.0,14.12
NEG_0243,2015-08-01 00:00:00,,,,,,,91.75531803955688,25.8373905436709,,Ri Bhoi,,,,,,82.1,62.9,60.7,92.46,0.508,0,585.0,13.2
NEG_0314,2013-09-01 00:00:00,,,,,,,94.66069928189376,25.15316489918411,,Ukhrul,,,,,,101.4,13.0,8.1,91.17,0.459,0,2245.0,22.04
NEG_0181,2014-07-14 18:00:00,,,,,,,92.94496717115764,27.88481912994768,,Kurung Kumey,,,,,,239.2,57.5,41.9,95.58,0.427,0,3099.0,37.92
9124,2016-07-19 00:00:00,translational_slide,continuous_rain,large,natural_slope,India,Meghalaya,90.5573,25.203,Meghalaya,South Garo Hills,Meghalaya,17.0,295.0,277.0,17.0,159.3,80.4,39.1,96.96,0.448,1,128.0,16.41
NEG_0136,2013-08-04 00:00:00,,,,,,,91.9338941563418,26.2006684541521,,Kamrup Metro,,,,,,109.0,25.4,6.5,84.33,0.488,0,459.0,5.97
2579,2010-10-09 00:00:00,landslide,downpour,medium,unknown,India,Nāgāland,94.1076,25.682,Nagaland,Kohima,Nagaland,13.0,270.0,245.0,13.0,83.2,50.2,26.8,95.12,0.453,1,1435.0,12.52
869,2008-10-29 00:00:00,landslide,downpour,medium,unknown,India,Assam,94.1167,27.2333,Assam,Lakhimpur,Assam,18.0,307.0,295.0,18.0,45.7,37.2,0.8,85.67,0.366,1,91.0,1.07
NEG_0132,2015-07-22 00:00:00,,,,,,,91.90130782794138,26.176738929924667,,Kamrup Metro,,,,,,142.5,86.5,72.2,96.17,0.452,0,281.0,20.26
5552,2013-09-24 00:00:00,landslide,unknown,medium,unknown,India,Manipur,94.3619,25.0985,Manipur,Ukhrul,Manipur,14.0,279.0,260.0,14.0,11.2,1.6,1.5,87.08,0.387,1,1889.0,3.85
5430,2013-09-01 00:00:00,mudslide,continuous_rain,medium,unknown,India,Manipur,93.487,24.9037,Manipur,Tamenglong,Manipur,14.0,273.0,258.0,14.0,81.7,3.0,1.2,89.5,0.398,1,1272.0,26.52
NEG_0329,2010-06-03 05:00:00,,,,,,,90.77165490069568,25.38091143826982,,West Khasi Hills,,,,,,130.1,50.3,30.5,94.21,0.464,0,354.0,3.75
NEG_0203,2013-08-04 00:00:00,,,,,,,94.94972509410483,26.84746475882016,,Mon,,,,,,118.4,28.5,10.6,83.75,0.486,0,564.0,12.44
NEG_0223,2011-07-07 00:00:00,,,,,,,93.57454163127905,24.650728946335523,,Noney,,,,,,84.6,24.2,18.5,89.58,0.426,0,1136.0,23.54
NEG_0288,2015-08-19 00:00:00,,,,,,,91.8149486104872,27.77228293454445,,Tawang,,,,,,142.6,67.1,30.8,97.79,0.422,0,4386.0,29.39
NEG_0123,2010-04-20 00:00:00,,,,,,,91.87870621419312,26.046814829510826,,Kamrup Metro,,,,,,47.0,31.8,13.9,95.25,0.502,0,102.0,15.86
7335,2015-08-18 09:00:00,landslide,continuous_rain,medium,urban,India,Meghalaya,90.2023,25.5145,Meghalaya,West Garo Hills,Meghalaya,17.0,293.0,278.0,17.0,84.1,36.8,28.2,92.46,0.443,1,279.0,11.98
5250,2013-08-01 00:00:00,mudslide,rain,medium,unknown,India,Arunachal Pradesh,93.0515,27.8837,Arunachal Pradesh,Kurung Kumey,Arunachal Pradesh,12.0,256.0,233.0,12.0,138.5,14.2,7.2,89.38,0.415,1,1679.0,36.16
NEG_0229,2016-06-14 08:00:00,,,,,,,88.71151731603443,27.281546731623425,,Pakyong,,,,,,79.9,20.6,11.6,93.0,0.423,0,1523.0,41.23
2282,2010-08-19 06:30:00,landslide,downpour,medium,unknown,India,Nāgāland,94.8158,26.1984,Nagaland,Tuensang,Nagaland,13.0,267.0,249.0,13.0,124.1,20.5,15.5,92.29,0.5,1,1849.0,27.36
NEG_0024,2010-10-08 00:00:00,,,,,,,93.06708765130792,24.63597804237234,,Cachar,,,,,,29.8,17.7,8.3,95.96,0.43,0,114.0,9.95
NEG_0226,2015-08-11 00:00:00,,,,,,,93.5417243096578,24.80346898450072,,Noney,,,,,,94.9,20.3,11.6,95.88,0.418,0,421.0,24.34
4241,2012-03-04 00:00:00,landslide,unknown,medium,unknown,India,Manipur,93.6795,25.1604,Manipur,Tamenglong,Manipur,14.0,273.0,258.0,14.0,23.3,8.9,0.7,72.83,0.301,1,1065.0,13.39
2344,2010-08-27 16:30:00,landslide,downpour,medium,unknown,India,Assam,93.4221,24.7505,Assam,Noney,Manipur,14.0,771.0,714.0,14.0,68.2,19.4,7.6,93.46,0.414,1,772.0,4.35
5270,2013-08-04 00:00:00,landslide,continuous_rain,medium,unknown,India,Nāgāland,94.4619,26.0481,Nagaland,Zunheboto,Nagaland,13.0,263.0,251.0,13.0,34.4,12.5,1.3,88.0,0.466,1,856.0,20.77
2163,2010-07-29 00:00:00,landslide,downpour,medium,unknown,India,Nāgāland,94.1054,25.4196,Nagaland,Senapati,Manipur,14.0,272.0,257.0,14.0,100.5,17.5,10.2,89.79,0.515,1,1415.0,12.49
213,2007-08-26 00:00:00,landslide,rain,medium,unknown,India,Assam,92.8339,25.2946,Assam,Dima Hasao,Assam,18.0,315.0,299.0,18.0,90.7,59.0,41.1,94.04,0.491,1,872.0,12.8
5123,2013-07-17 00:00:00,mudslide,rain,medium,unknown,India,Nāgāland,94.0885,25.7131,Nagaland,Kohima,Nagaland,13.0,270.0,245.0,13.0,151.9,87.8,75.8,91.71,0.507,1,1402.0,22.75
NEG_0283,2007-08-26 00:00:00,,,,,,,93.44524968812674,25.239211872908136,,Tamenglong,,,,,,71.3,35.1,21.3,97.29,0.519,0,909.0,21.3
8901,2016-07-10 00:00:00,landslide,downpour,medium,above_road,India,Nagaland,94.1318,25.7902,Nagaland,Kohima,Nagaland,13.0,270.0,245.0,13.0,130.0,5.4,3.6,87.38,0.435,1,1285.0,5.19
NEG_0035,2010-08-17 00:00:00,,,,,,,93.77181914558533,23.99002500654674,,Chandel,,,,,,107.1,42.7,23.9,99.04,0.419,0,1111.0,30.26
NEG_0342,2013-05-12 00:00:00,,,,,,,94.6143334527487,26.042131347538536,,Zunheboto,,,,,,167.5,61.2,39.6,92.21,0.496,0,1429.0,15.38
NEG_0001,2016-06-12 00:00:00,,,,,,,92.7208129153357,23.56387152816037,,Aizawl,,,,,,118.3,53.7,8.0,92.12,0.422,0,775.0,17.32
NEG_0252,2013-10-06 00:00:00,,,,,,,93.99739543194724,25.52662793244414,,Senapati,,,,,,102.4,65.6,50.2,99.21,0.443,0,1963.0,45.57
2587,2010-10-10 06:00:00,landslide,downpour,medium,unknown,India,Nāgāland,94.1072,25.6623,Nagaland,Kohima,Nagaland,13.0,270.0,245.0,13.0,99.4,45.2,18.4,92.71,0.474,1,1394.0,11.82
NEG_0248,2016-07-11 23:00:00,,,,,,,93.76624751966985,25.502118673021464,,Senapati,,,,,,127.1,51.4,31.0,93.38,0.487,0,879.0,21.01
5274,2013-08-04 00:00:00,landslide,rain,medium,unknown,India,Nāgāland,94.564,26.0838,Nagaland,Zunheboto,Nagaland,13.0,263.0,251.0,13.0,34.4,12.5,1.3,89.92,0.492,1,1848.0,20.4
NEG_0211,2015-07-22 00:00:00,,,,,,,92.4419923777662,26.20856261099158,,Nagaon,,,,,,98.4,55.6,41.4,94.21,0.483,0,57.0,1.55
NEG_0334,2013-05-12 00:00:00,,,,,,,94.26109291501348,26.0591377365208,,Wokha,,,,,,105.4,37.6,28.7,90.83,0.503,0,1615.0,16.72
NEG_0273,2015-08-27 00:00:00,,,,,,,92.4662174395672,24.439552884904792,,Sribhumi,,,,,,91.9,17.5,15.9,90.92,0.43,0,74.0,6.66
2576,2010-10-09 00:00:00,landslide,downpour,medium,unknown,India,Nāgāland,94.1399,25.4788,Nagaland,Senapati,Manipur,14.0,272.0,257.0,14.0,91.5,47.2,24.1,98.29,0.458,1,1660.0,15.11
6214,2014-10-05 17:45:00,landslide,rain,medium,above_road,India,Meghalaya,91.8587,25.9702,Meghalaya,Ri Bhoi,Meghalaya,17.0,297.0,276.0,17.0,11.0,0.6,0.0,78.67,0.445,1,299.0,13.88
7369,2015-08-01 00:00:00,landslide,continuous_rain,medium,above_road,India,Manipur,94.1016,24.1988,Manipur,Chandel,Manipur,14.0,280.0,253.0,14.0,491.1,287.6,163.3,99.96,0.44,1,1345.0,29.58
1125,2009-08-26 00:00:00,landslide,rain,medium,unknown,India,Sikkim,88.7648,27.3746,Sikkim,Gangtok,Sikkim,11.0,244.0,225.0,11.0,173.5,44.7,16.5,93.25,0.43,1,3751.0,0.0
8012,2015-09-06 15:00:00,landslide,unknown,medium,above_road,India,Meghalaya,91.8584,25.9703,Meghalaya,Ri Bhoi,Meghalaya,17.0,297.0,276.0,17.0,465.3,45.9,3.5,89.25,0.468,1,299.0,16.41
6288,2014-09-22 00:00:00,landslide,rain,small,unknown,India,Assam,91.7998,26.1985,Assam,Kamrup Metro,Assam,18.0,322.0,618.0,18.0,128.7,86.3,27.7,92.29,0.48,1,92.0,5.85
NEG_0186,2014-09-23 00:00:00,,,,,,,92.60458394391124,22.343721363117595,,Lawngtlai,,,,,,22.2,2.4,1.1,82.54,0.378,0,284.0,14.78
1084,2009-08-12 00:00:00,landslide,downpour,medium,unknown,India,Arunāchal Pradesh,92.8,27.7,Arunachal Pradesh,East Kameng,Arunachal Pradesh,12.0,247.0,231.0,12.0,244.3,104.5,55.3,93.79,0.429,1,2477.0,13.65
870,2008-10-29 00:00:00,mudslide,downpour,medium,unknown,India,Arunāchal Pradesh,92.35,27.4,Arunachal Pradesh,West Kameng,Arunachal Pradesh,12.0,246.0,242.0,12.0,132.9,110.6,13.2,95.08,0.419,1,2628.0,25.93
NEG_0184,2015-07-25 09:00:00,,,,,,,94.12720066819192,26.999517910559756,,Lakhimpur,,,,,,105.1,39.1,11.9,89.38,0.513,0,84.0,0.51
5087,2013-07-12 00:00:00,landslide,downpour,medium,unknown,India,Nāgāland,94.1139,25.6269,Nagaland,Kohima,Nagaland,13.0,270.0,245.0,13.0,69.4,12.0,9.6,90.46,0.462,1,1558.0,12.45
6200,2014-08-17 00:00:00,landslide,downpour,large,unknown,India,Arunachal Pradesh,93.6086,27.0869,Arunachal Pradesh,Papum Pare,Arunachal Pradesh,12.0,248.0,237.0,12.0,356.3,88.4,20.0,92.38,0.513,1,312.0,4.93
212,2007-08-26 00:00:00,complex,rain,medium,unknown,India,Meghālaya,91.8506,25.5576,Meghalaya,East Khasi Hills,Meghalaya,17.0,298.0,274.0,17.0,59.5,13.6,4.2,91.12,0.491,1,1669.0,7.12
NEG_0167,2013-08-04 00:00:00,,,,,,,94.16797884861946,25.68675004299947,,Kohima,,,,,,38.7,11.7,3.1,89.92,0.479,0,1220.0,19.79
NEG_0204,2016-06-14 08:00:00,,,,,,,95.04947514000278,26.902405340735253,,Mon,,,,,,117.4,46.6,15.0,88.29,0.501,0,129.0,1.39
NEG_0328,2007-09-18 00:00:00,,,,,,,92.32312522749014,27.218248840706934,,West Kameng,,,,,,65.4,19.5,4.5,85.92,0.41,0,1766.0,37.7
NEG_0155,2010-06-15 00:00:00,,,,,,,94.65697160099694,25.843732806676943,,Kiphire,,,,,,61.5,36.1,22.8,90.04,0.449,0,1822.0,19.08
2539,2010-10-03 00:00:00,landslide,downpour,medium,unknown,India,Arunāchal Pradesh,95.4149,28.3092,Arunachal Pradesh,East Siang,Arunachal Pradesh,12.0,251.0,232.0,12.0,96.8,6.2,3.5,86.58,0.407,1,1879.0,47.62
7836,2015-08-27 00:00:00,landslide,downpour,medium,above_road,India,Mizoram,92.6724,24.042,Mizoram,Kolasib,Mizoram,15.0,282.0,263.0,15.0,71.8,17.3,10.2,94.29,0.418,1,815.0,9.5
7387,2015-08-01 00:00:00,landslide,continuous_rain,small,below_road,India,Manipur,94.2156,24.954,Manipur,Ukhrul,Manipur,14.0,279.0,260.0,14.0,183.5,92.5,52.0,97.17,0.452,1,909.0,7.95
5006,2013-07-01 00:00:00,landslide,downpour,medium,unknown,India,Nāgāland,94.3864,26.1147,Nagaland,Wokha,Nagaland,13.0,264.0,250.0,13.0,108.0,45.0,29.7,88.5,0.518,1,362.0,10.91
NEG_0043,2015-08-22 09:00:00,,,,,,,95.56662294024936,28.760486101460767,,Dibang Valley,,,,,,627.9,113.1,32.5,92.79,0.427,0,2072.0,35.03
1755,2010-04-17 15:00:00,landslide,downpour,small,unknown,India,Sikkim,88.6083,27.3341,Sikkim,Gangtok,Sikkim,11.0,244.0,225.0,11.0,32.9,3.7,1.9,76.21,0.383,1,1418.0,31.8
6969,2015-06-16 06:15:00,landslide,downpour,medium,urban,India,Meghalaya,90.215,25.5114,Meghalaya,West Garo Hills,Meghalaya,17.0,293.0,278.0,17.0,301.9,32.8,21.7,94.0,0.509,1,305.0,13.98
3556,2011-05-31 14:00:00,landslide,continuous_rain,small,unknown,India,Manipur,93.8474,25.1555,Manipur,Kangpokpi,Manipur,14.0,767.0,712.0,14.0,112.5,74.0,54.6,96.5,0.43,1,1406.0,28.6
3840,2011-07-25 00:00:00,landslide,downpour,medium,unknown,India,Manipur,93.9157,24.6869,Manipur,Thoubal,Manipur,14.0,276.0,259.0,14.0,93.2,5.6,5.3,86.42,0.451,1,772.0,0.0
NEG_0274,2016-07-20 00:00:00,,,,,,,92.26903026941008,24.3043463829258,,Sribhumi,,,,,,39.1,17.6,11.7,86.71,0.436,0,49.0,1.76
255,2007-09-10 00:00:00,landslide,rain,medium,unknown,India,Manipur,94.0691,24.2451,Manipur,Chandel,Manipur,14.0,280.0,253.0,14.0,119.7,6.1,2.1,90.04,0.433,1,1349.0,24.84
1109,2009-08-20 00:00:00,landslide,downpour,medium,unknown,India,Assam,93.1645,25.5215,Assam,Dima Hasao,Assam,18.0,315.0,299.0,18.0,102.0,7.2,3.6,84.04,0.466,1,279.0,3.87
5337,2013-08-16 00:00:00,landslide,rain,medium,unknown,India,Nāgāland,94.9731,26.4205,Nagaland,Mon,Nagaland,13.0,261.0,247.0,13.0,82.8,21.9,12.8,89.29,0.48,1,690.0,16.78
5476,2013-09-07 15:00:00,landslide,rain,medium,unknown,India,Sikkim,88.7323,27.3736,Sikkim,Gangtok,Sikkim,11.0,244.0,225.0,11.0,161.2,34.5,13.4,90.5,0.42,1,3454.0,28.25
NEG_0120,2014-06-27 00:00:00,,,,,,,91.9114548066772,26.169243186653393,,Kamrup Metro,,,,,,223.1,34.7,30.3,87.83,0.481,0,302.0,22.48
7655,2016-04-22 02:30:00,landslide,continuous_rain,medium,above_road,India,Arunachal Pradesh,91.8569,27.5799,Arunachal Pradesh,Tawang,Arunachal Pradesh,12.0,245.0,238.0,12.0,77.2,50.2,27.9,90.04,0.428,1,2758.0,21.4
7923,2015-09-01 00:00:00,landslide,rain,medium,unknown,India,Assam,91.72137514,26.49349035,Assam,Kamrup,Assam,18.0,321.0,291.0,18.0,166.7,76.4,51.3,95.29,0.472,1,62.0,1.26
NEG_0182,2011-06-28 00:00:00,,,,,,,93.92517713322452,27.11017853153665,,Lakhimpur,,,,,,109.0,72.5,36.5,92.88,0.422,0,92.0,0.0
2296,2010-08-20 00:00:00,complex,downpour,medium,unknown,India,Sikkim,88.3652,27.167,Sikkim,Namchi,Sikkim,11.0,243.0,227.0,11.0,265.2,58.5,30.4,99.12,0.439,1,1516.0,18.9
NEG_0005,2010-09-13 09:00:00,,,,,,,92.9076085455244,23.6921541498751,,Aizawl,,,,,,55.3,17.2,9.8,94.04,0.424,0,513.0,21.36
NEG_0135,2011-08-16 08:00:00,,,,,,,91.60102403979916,26.123984511239847,,Kamrup Metro,,,,,,198.4,27.8,11.1,89.67,0.491,0,47.0,0.0
1930,2010-05-31 00:00:00,landslide,downpour,medium,unknown,India,Arunāchal Pradesh,95.8776,28.4298,Arunachal Pradesh,Dibang Valley,Arunachal Pradesh,12.0,257.0,230.0,12.0,51.3,6.4,3.1,88.29,0.427,1,503.0,20.8
NEG_0343,2010-04-20 00:00:00,,,,,,,94.41062139255862,26.134884839621517,,Zunheboto,,,,,,111.0,71.6,49.3,91.71,0.433,0,592.0,19.99
NEG_0149,2013-09-07 15:00:00,,,,,,,93.89520469173888,24.94951986815494,,Kangpokpi,,,,,,21.8,6.7,0.8,84.75,0.459,0,915.0,14.65
2281,2010-08-19 18:00:00,landslide,downpour,medium,above_road,India,Nāgāland,94.11603493,25.61560252,Nagaland,Kohima,Nagaland,13.0,270.0,245.0,13.0,73.1,11.2,8.1,91.62,0.449,1,1634.0,19.94
NEG_0012,2010-08-13 00:00:00,,,,,,,92.88003578721978,23.71908114529014,,Aizawl,,,,,,69.6,20.0,13.4,92.0,0.422,0,374.0,18.01
259,2007-09-11 00:00:00,landslide,rain,medium,unknown,India,Meghālaya,91.27,25.52,Meghalaya,West Khasi Hills,Meghalaya,17.0,296.0,279.0,17.0,425.9,44.1,17.3,93.67,0.46,1,1340.0,8.05
NEG_0092,2016-07-14 00:00:00,,,,,,,88.82567491325162,27.348236833358225,,Gangtok,,,,,,194.5,55.6,17.0,98.0,0.421,0,3591.0,24.28
3741,2011-07-07 00:00:00,landslide,rain,medium,unknown,India,Nāgāland,94.1079,25.4191,Nagaland,Senapati,Manipur,14.0,272.0,257.0,14.0,122.0,21.7,7.7,89.92,0.488,1,1395.0,1.72
2113,2010-07-21 08:00:00,landslide,downpour,medium,unknown,India,Sikkim,88.559,27.3773,Sikkim,Mangan,Sikkim,11.0,241.0,226.0,11.0,263.1,72.8,29.7,97.54,0.434,1,1437.0,38.42
NEG_0296,2016-07-07 00:00:00,,,,,,,95.50195958340638,27.16068586810282,,Tirap,,,,,,105.3,29.7,5.6,86.29,0.511,0,444.0,26.22
7263,2015-07-22 00:00:00,landslide,continuous_rain,medium,above_road,India,Manipur,94.0489,25.4477,Manipur,Senapati,Manipur,14.0,272.0,257.0,14.0,178.5,66.8,31.1,97.46,0.425,1,1287.0,17.53
2420,2010-09-13 00:00:00,landslide,downpour,medium,urban,India,Mizoram,92.71495623,23.72988966,Mizoram,Aizawl,Mizoram,15.0,283.0,261.0,15.0,41.7,9.4,5.3,93.08,0.413,1,946.0,28.87
NEG_0313,2010-08-15 23:00:00,,,,,,,94.23743284079696,25.173415284727096,,Ukhrul,,,,,,78.0,25.4,10.6,91.58,0.422,0,1451.0,19.96
2253,2010-08-15 23:00:00,landslide,downpour,medium,unknown,India,Manipur,94.48265093,25.31006064,Manipur,Ukhrul,Manipur,14.0,279.0,260.0,14.0,135.5,28.1,20.5,92.17,0.466,1,1571.0,27.78
2042,2010-07-06 00:00:00,mudslide,monsoon,medium,unknown,India,Nāgāland,94.5238,26.0093,Nagaland,Zunheboto,Nagaland,13.0,263.0,251.0,13.0,119.3,18.2,3.9,86.54,0.472,1,1828.0,10.97
NEG_0257,2011-07-25 00:00:00,,,,,,,93.92215666785688,25.51660772459531,,Senapati,,,,,,170.6,25.9,18.7,94.08,0.435,0,1888.0,32.63
9087,2016-07-19 00:00:00,landslide,downpour,medium,above_road,India,Arunachal Pradesh,94.9612,28.235,Arunachal Pradesh,Siang,Arunachal Pradesh,12.0,764.0,679.0,12.0,199.7,63.1,43.2,97.0,0.429,1,251.0,39.05
7701,2015-08-19 15:00:00,landslide,continuous_rain,medium,above_road,India,Nagaland,94.1051,25.6278,Nagaland,Kohima,Nagaland,13.0,270.0,245.0,13.0,52.5,9.9,3.7,86.83,0.473,1,1508.0,22.0
2283,2010-08-19 00:00:00,mudslide,downpour,medium,unknown,India,Manipur,93.4957,24.8961,Manipur,Tamenglong,Manipur,14.0,273.0,258.0,14.0,125.1,8.7,4.6,95.54,0.416,1,1049.0,36.03
6222,2014-10-01 11:00:00,landslide,unknown,small,above_road,India,Arunachal Pradesh,93.7706,27.1249,Arunachal Pradesh,Papum Pare,Arunachal Pradesh,12.0,248.0,237.0,12.0,64.8,1.0,0.0,77.96,0.36,1,151.0,18.94
4436,2012-06-25 00:00:00,landslide,downpour,medium,unknown,India,Arunāchal Pradesh,95.4993,26.9986,Arunachal Pradesh,Tirap,Arunachal Pradesh,12.0,254.0,239.0,12.0,217.6,65.3,43.5,93.92,0.484,1,615.0,7.01
NEG_0209,2016-10-12 00:00:00,,,,,,,95.1150773617376,26.94953383193537,,Mon,,,,,,50.8,19.2,11.3,91.46,0.472,0,122.0,1.57
NEG_0104,2015-09-01 00:00:00,,,,,,,93.82386639010144,24.78608295782337,,Imphal West,,,,,,37.1,13.7,5.5,91.67,0.499,0,782.0,0.57
NEG_0162,2016-07-16 00:00:00,,,,,,,94.16520047700118,25.568060207285356,,Kohima,,,,,,100.9,20.4,12.8,92.42,0.515,0,1309.0,15.87
2043,2010-07-06 00:00:00,mudslide,monsoon,medium,unknown,India,Nāgāland,95.0281,26.7225,Nagaland,Mon,Nagaland,13.0,261.0,247.0,13.0,108.5,23.7,7.3,88.46,0.466,1,706.0,13.27
NEG_0191,2014-08-14 23:00:00,,,,,,,92.48601972311604,23.22743715344856,,Lunglei,,,,,,39.7,16.3,10.2,93.12,0.423,0,604.0,25.39
4382,2012-06-03 00:00:00,landslide,downpour,medium,unknown,India,Assam,92.8573,25.1175,Assam,Dima Hasao,Assam,18.0,315.0,299.0,18.0,182.9,138.6,20.9,92.04,0.502,1,158.0,11.71
2247,2010-08-14 00:00:00,landslide,downpour,medium,unknown,India,Nāgāland,94.8422,26.148,Nagaland,Tuensang,Nagaland,13.0,267.0,249.0,13.0,58.7,19.4,12.0,90.62,0.494,1,1504.0,22.1
NEG_0145,2014-09-21 00:00:00,,,,,,,91.82241200388596,26.13753400570108,,Kamrup Metro,,,,,,108.1,79.9,58.6,93.04,0.484,0,55.0,0.77
NEG_0289,2009-08-12 00:00:00,,,,,,,91.9655721145108,27.666938371534293,,Tawang,,,,,,46.0,11.8,7.3,90.46,0.417,0,4114.0,16.8
NEG_0265,2009-08-20 00:00:00,,,,,,,92.84885599715726,22.26109608179978,,Siaha,,,,,,63.8,28.4,14.1,98.54,0.43,0,269.0,16.53
4892,2013-06-01 00:00:00,landslide,downpour,large,unknown,India,Arunāchal Pradesh,94.25,27.8776,Arunachal Pradesh,Upper Subansiri,Arunachal Pradesh,12.0,249.0,241.0,12.0,116.9,46.1,24.2,92.04,0.421,1,993.0,33.83
NEG_0166,2012-06-02 00:00:00,,,,,,,94.0876583574283,25.80816244926024,,Kohima,,,,,,98.2,64.0,50.0,94.38,0.497,0,1138.0,28.76
NEG_0053,2013-05-11 09:00:00,,,,,,,93.05933731819876,25.2419327084764,,Dima Hasao,,,,,,439.8,173.5,75.4,98.38,0.49,0,385.0,8.97
587,2008-06-15 00:00:00,landslide,downpour,medium,unknown,India,Assam,94.0989,27.2298,Assam,Lakhimpur,Assam,18.0,307.0,295.0,18.0,135.0,69.8,40.2,91.25,0.405,1,95.0,0.26
7334,2015-08-18 00:00:00,landslide,unknown,medium,unknown,India,Arunachal Pradesh,94.7596,28.1737,Arunachal Pradesh,West Siang,Arunachal Pradesh,12.0,250.0,243.0,12.0,143.3,86.8,30.5,97.04,0.429,1,610.0,19.63
NEG_0170,2015-09-14 03:10:00,,,,,,,94.02820380183266,25.741774466578356,,Kohima,,,,,,91.8,14.9,7.4,87.29,0.474,0,799.0,13.7
NEG_0125,2015-08-01 00:00:00,,,,,,,91.98576018477594,26.16352773884582,,Kamrup Metro,,,,,,45.3,29.0,29.0,84.75,0.494,0,52.0,0.39
7910,2015-08-01 00:00:00,landslide,unknown,medium,above_road,India,Manipur,94.1146,24.3481,Manipur,Chandel,Manipur,14.0,280.0,253.0,14.0,491.1,287.6,163.3,99.96,0.444,1,995.0,2.87
NEG_0089,2013-05-11 00:00:00,,,,,,,88.51191360811467,27.188551784871457,,Gangtok,,,,,,18.9,7.5,1.6,86.04,0.41,0,540.0,21.12
NEG_0059,2016-05-18 08:00:00,,,,,,,93.19115856767536,25.49490919585902,,Dima Hasao,,,,,,86.6,5.5,3.0,78.54,0.484,0,259.0,6.13
NEG_0037,2010-11-22 00:00:00,,,,,,,94.03455800285089,23.993320040773128,,Chandel,,,,,,4.0,2.7,1.8,89.71,0.345,0,1119.0,26.58
2574,2010-10-09 00:00:00,landslide,downpour,medium,unknown,India,Assam,93.1477,25.4749,Assam,Dima Hasao,Assam,18.0,315.0,299.0,18.0,91.7,59.3,36.7,99.04,0.517,1,152.0,1.82
7384,2015-08-01 00:00:00,landslide,rain,medium,unknown,India,Manipur,94.0906,23.9278,Manipur,Chandel,Manipur,14.0,280.0,253.0,14.0,640.9,415.0,212.5,99.96,0.489,1,909.0,18.37
NEG_0083,2013-07-01 00:00:00,,,,,,,88.84665047366147,27.354092555929668,,Gangtok,,,,,,119.0,23.4,13.6,94.83,0.424,0,4089.0,34.89
NEG_0206,2011-06-29 00:00:00,,,,,,,95.07934797496075,26.373091561874485,,Mon,,,,,,95.6,66.8,43.6,91.42,0.45,0,2311.0,20.28
NEG_0015,2011-09-06 08:00:00,,,,,,,92.97149657096976,24.168650497669283,,Aizawl,,,,,,83.2,27.6,23.1,93.21,0.424,0,544.0,22.07
8237,2016-07-01 00:00:00,landslide,downpour,large,unknown,India,Arunachal Pradesh,92.6351,27.0136,Arunachal Pradesh,West Kameng,Arunachal Pradesh,12.0,246.0,242.0,12.0,87.2,45.1,21.1,94.42,0.47,1,231.0,2.27
NEG_0286,2016-06-12 00:00:00,,,,,,,93.53855134732729,24.962373083593743,,Tamenglong,,,,,,70.8,25.3,16.6,95.21,0.425,0,522.0,26.46
NEG_0048,2013-09-02 00:00:00,,,,,,,92.57512165491632,25.471373470398007,,Dima Hasao,,,,,,91.6,16.3,12.4,86.75,0.508,0,743.0,3.17
4407,2012-06-13 00:00:00,landslide,downpour,medium,unknown,India,Assam,92.3567,25.0951,Assam,East Jaintia Hills,Meghalaya,17.0,714.0,657.0,17.0,144.5,33.8,7.8,89.33,0.48,1,246.0,33.3
NEG_0303,2010-06-15 00:00:00,,,,,,,94.7088219667056,26.2052208087556,,Tuensang,,,,,,56.7,28.6,14.4,90.08,0.423,0,1954.0,17.69
220,2007-08-31 00:00:00,landslide,rain,medium,unknown,India,Manipur,93.9667,25.1333,Manipur,Kangpokpi,Manipur,14.0,767.0,712.0,14.0,127.4,22.6,5.1,85.83,0.479,1,1009.0,2.94
3760,2011-07-11 09:00:00,landslide,downpour,medium,unknown,India,Nāgāland,94.1095,25.6703,Nagaland,Kohima,Nagaland,13.0,270.0,245.0,13.0,55.4,6.5,3.7,86.71,0.515,1,1448.0,14.07
NEG_0260,2016-10-12 00:00:00,,,,,,,94.19981194326864,25.508076833274565,,Senapati,,,,,,73.4,33.1,29.4,95.5,0.419,0,1530.0,16.4
NEG_0345,2011-05-31 14:00:00,,,,,,,94.53328948946633,25.98503959855764,,Zunheboto,,,,,,81.9,45.4,31.2,91.0,0.515,0,1332.0,22.01
NEG_0256,2007-09-08 00:00:00,,,,,,,94.04915940014617,25.304836176659105,,Senapati,,,,,,156.9,51.4,23.2,98.79,0.491,0,1023.0,16.78
7409,2015-08-02 00:00:00,landslide,continuous_rain,medium,unknown,India,Nagaland,94.6219,25.72,Nagaland,Meluri,Nagaland,13.0,847.0,788.0,13.0,61.8,44.2,9.3,86.83,0.488,1,1765.0,41.63
NEG_0060,2010-06-16 00:00:00,,,,,,,93.02475418936709,25.542980565579203,,Dima Hasao,,,,,,45.1,12.2,8.5,89.04,0.497,0,169.0,10.99
7383,2015-08-01 00:00:00,landslide,rain,medium,unknown,India,Manipur,94.1434,23.899,Manipur,Chandel,Manipur,14.0,280.0,253.0,14.0,750.4,433.2,198.8,99.96,0.489,1,269.0,17.02
2248,2010-08-14 00:00:00,landslide,downpour,medium,unknown,India,Nāgāland,94.9152,26.222,Nagaland,Noklak,Nagaland,13.0,792.0,736.0,13.0,106.2,33.9,25.6,92.96,0.45,1,1734.0,23.16
NEG_0275,2016-10-12 00:00:00,,,,,,,93.2664379652522,24.945353854190767,,Tamenglong,,,,,,29.0,8.3,2.8,91.33,0.404,0,191.0,10.37
7706,2015-08-19 00:00:00,landslide,rain,medium,above_road,India,Meghalaya,92.3636,25.0728,Meghalaya,East Jaintia Hills,Meghalaya,17.0,714.0,657.0,17.0,258.5,113.8,65.3,98.0,0.47,1,120.0,6.79
4378,2012-06-02 00:00:00,landslide,downpour,medium,unknown,India,Arunachal Pradesh,96.1517,28.8254,Arunachal Pradesh,Dibang Valley,Arunachal Pradesh,12.0,257.0,230.0,12.0,28.3,22.0,11.2,83.21,0.428,1,3589.0,31.12
3662,2011-06-28 00:00:00,landslide,rain,medium,below_road,India,Manipur,94.0144205,25.03561729,Manipur,Imphal East,Manipur,14.0,278.0,255.0,14.0,41.0,15.4,8.2,93.92,0.501,1,873.0,1.41
1961,2010-06-09 14:15:00,landslide,downpour,medium,unknown,India,Meghālaya,91.2,25.8833,Meghalaya,Kamrup,Assam,18.0,321.0,291.0,18.0,143.9,19.2,15.3,94.75,0.463,1,247.0,20.34
8930,2016-07-11 23:00:00,landslide,unknown,large,unknown,India,Nagaland,94.4922,26.1699,Nagaland,Zunheboto,Nagaland,13.0,263.0,251.0,13.0,130.2,26.9,13.6,92.21,0.51,1,1134.0,23.28
NEG_0213,2010-07-06 00:00:00,,,,,,,88.3306875459138,27.176328637651643,,Namchi,,,,,,183.8,33.5,22.0,97.42,0.426,0,778.0,31.72
NEG_0032,2013-08-16 00:00:00,,,,,,,94.09364890786838,24.30310116627508,,Chandel,,,,,,109.5,33.5,12.2,96.75,0.434,0,1034.0,15.11
NEG_0172,2012-03-04 00:00:00,,,,,,,94.04288666056614,25.864332042758186,,Kohima,,,,,,5.0,2.4,1.5,75.29,0.33,0,849.0,24.32
NEG_0054,2010-03-27 20:00:00,,,,,,,92.71531169496656,25.584314333924116,,Dima Hasao,,,,,,1.9,1.3,0.8,68.04,0.306,0,453.0,25.81
NEG_0016,2015-08-19 00:00:00,,,,,,,92.96220366501768,24.20034977468548,,Aizawl,,,,,,49.7,6.7,3.3,86.96,0.406,0,300.0,14.0
5336,2013-08-16 00:00:00,landslide,rain,medium,unknown,India,Nāgāland,94.9439,26.3897,Nagaland,Mon,Nagaland,13.0,261.0,247.0,13.0,82.8,21.9,12.8,89.92,0.466,1,514.0,4.59
7664,2015-08-11 00:00:00,landslide,continuous_rain,medium,unknown,India,Manipur,93.4251,24.7459,Manipur,Noney,Manipur,14.0,771.0,714.0,14.0,94.9,20.3,11.6,96.67,0.419,1,769.0,10.75
3560,2011-05-31 14:30:00,landslide,downpour,medium,unknown,India,Manipur,93.5935,24.8286,Manipur,Noney,Manipur,14.0,771.0,714.0,14.0,84.9,44.0,26.2,96.79,0.454,1,777.0,30.75
9051,2016-07-19 09:00:00,landslide,unknown,medium,natural_slope,India,Meghalaya,91.8744337,26.09748244,Meghalaya,Ri Bhoi,Meghalaya,17.0,297.0,276.0,17.0,197.7,74.1,34.3,94.75,0.479,1,188.0,24.38
2106,2010-07-20 00:00:00,landslide,downpour,medium,unknown,India,Nāgāland,94.9921,26.8716,Nagaland,Mon,Nagaland,13.0,261.0,247.0,13.0,168.9,78.1,41.1,90.38,0.506,1,288.0,7.64
2411,2010-09-10 00:00:00,landslide,downpour,medium,unknown,India,Arunāchal Pradesh,93.7273,27.0011,Arunachal Pradesh,Lakhimpur,Assam,18.0,307.0,295.0,18.0,96.0,32.7,15.5,91.62,0.422,1,109.0,0.59
126,2007-07-16 00:00:00,mudslide,rain,medium,unknown,India,Sikkim,88.38,27.1499,Sikkim,Namchi,Sikkim,11.0,243.0,227.0,11.0,286.5,26.0,8.6,91.12,0.405,1,1099.0,32.93
8224,2015-09-14 01:30:00,landslide,downpour,medium,above_road,India,Mizoram,92.7187,23.7313,Mizoram,Aizawl,Mizoram,15.0,283.0,261.0,15.0,46.1,20.5,14.9,91.42,0.43,1,1039.0,18.46
NEG_0258,2015-07-15 08:00:00,,,,,,,94.13279756630796,25.216082876995895,,Senapati,,,,,,86.3,12.4,7.9,90.88,0.457,0,1260.0,18.57
256,2007-09-10 00:00:00,landslide,rain,medium,unknown,India,Sikkim,88.6236,27.3425,Sikkim,Gangtok,Sikkim,11.0,244.0,225.0,11.0,441.1,138.6,78.5,98.92,0.42,1,2102.0,23.16
7031,2015-05-24 00:00:00,landslide,unknown,medium,above_road,India,Sikkim,88.6586,27.6163,Sikkim,Mangan,Sikkim,11.0,241.0,226.0,11.0,184.5,66.0,21.3,87.88,0.418,1,1875.0,33.96
NEG_0117,2013-08-04 00:00:00,,,,,,,92.05811512458614,26.135894919018032,,Kamrup Metro,,,,,,109.0,25.4,6.5,84.58,0.474,0,56.0,6.18
NEG_0284,2014-09-22 00:00:00,,,,,,,93.78227683263724,25.385484006557107,,Tamenglong,,,,,,104.1,15.6,4.3,92.29,0.416,0,1027.0,30.06
7265,2015-07-22 00:00:00,landslide,continuous_rain,medium,above_road,India,Manipur,93.9854,25.5007,Manipur,Senapati,Manipur,14.0,272.0,257.0,14.0,178.5,66.8,31.1,98.12,0.444,1,1437.0,27.64
2569,2010-10-08 00:00:00,landslide,downpour,medium,unknown,India,Nāgāland,94.0212,25.2745,Nagaland,Senapati,Manipur,14.0,272.0,257.0,14.0,58.0,35.9,19.7,99.54,0.433,1,1083.0,6.83
NEG_0010,2010-07-06 00:00:00,,,,,,,92.72715200375066,23.4065050457272,,Aizawl,,,,,,45.8,12.8,12.2,92.29,0.415,0,867.0,31.32
NEG_0154,2015-08-16 00:00:00,,,,,,,94.79575554659952,25.87294109544401,,Kiphire,,,,,,57.1,17.0,10.0,93.04,0.508,0,727.0,17.79
2098,2010-07-19 06:00:00,landslide,downpour,medium,unknown,India,Nāgāland,95.0283,26.7215,Nagaland,Mon,Nagaland,13.0,261.0,247.0,13.0,159.2,43.3,37.0,92.17,0.501,1,704.0,2.98
NEG_0072,2015-08-19 00:00:00,,,,,,,91.6383043523845,25.44089501536235,,East Khasi Hills,,,,,,275.0,144.3,85.5,97.96,0.496,0,1744.0,24.74
545,2008-05-20 00:00:00,mudslide,mining,medium,unknown,India,Assam,92.8411,24.9849,Assam,Cachar,Assam,18.0,316.0,282.0,18.0,58.9,46.0,26.1,89.54,0.508,1,252.0,16.22
NEG_0107,2007-07-16 00:00:00,,,,,,,94.24522760724716,24.641126549377116,,Kamjong,,,,,,48.6,28.0,18.8,97.62,0.446,0,1407.0,18.43
NEG_0185,2015-08-19 09:00:00,,,,,,,94.13102165095252,27.02308689959016,,Lakhimpur,,,,,,80.2,41.8,35.8,90.21,0.515,0,83.0,0.51
6016,2014-05-09 23:00:00,landslide,rain,small,unknown,India,Assam,92.3576,24.8669,Assam,Sribhumi,Assam,18.0,317.0,293.0,18.0,176.0,106.2,65.9,95.38,0.466,1,18.0,0.89
NEG_0138,2015-09-06 15:00:00,,,,,,,91.824683055449,26.14370771275923,,Kamrup Metro,,,,,,224.4,36.4,7.2,89.83,0.488,0,54.0,0.57
NEG_0007,2013-09-01 00:00:00,,,,,,,92.973546129001,23.98047757948749,,Aizawl,,,,,,56.3,3.3,0.5,84.79,0.392,0,580.0,23.25
NEG_0111,2007-08-26 00:00:00,,,,,,,91.62112902401525,26.43206472449733,,Kamrup,,,,,,48.4,5.1,1.7,86.58,0.479,0,55.0,0.57
2421,2010-09-13 09:00:00,landslide,downpour,medium,above_road,India,Mizoram,92.74128531,23.75406693,Mizoram,Aizawl,Mizoram,15.0,283.0,261.0,15.0,41.7,9.4,5.3,92.96,0.411,1,994.0,19.19
3672,2011-06-29 00:00:00,landslide,downpour,medium,unknown,India,Assam,93.3613,25.5125,Assam,Dima Hasao,Assam,18.0,315.0,299.0,18.0,24.6,11.6,1.7,87.88,0.438,1,320.0,13.34
6971,2015-06-09 00:00:00,landslide,continuous_rain,medium,above_road,India,Arunachal Pradesh,93.816,27.0987,Arunachal Pradesh,Papum Pare,Arunachal Pradesh,12.0,248.0,237.0,12.0,148.3,70.1,44.0,94.58,0.439,1,211.0,6.93
NEG_0246,2011-06-29 00:00:00,,,,,,,94.11540849703736,25.46605896739607,,Senapati,,,,,,132.7,58.7,26.5,94.25,0.443,0,1656.0,17.63
5272,2013-08-04 00:00:00,landslide,monsoon,medium,unknown,India,Nāgāland,94.5438,26.2083,Nagaland,Mokokchung,Nagaland,13.0,262.0,246.0,13.0,68.2,20.7,3.8,90.29,0.494,1,1469.0,13.53
NEG_0304,2010-10-09 00:00:00,,,,,,,94.70745330352574,26.15890127108435,,Tuensang,,,,,,67.6,42.9,23.9,92.83,0.453,0,2024.0,35.6
6970,2015-06-16 00:00:00,rock_fall,downpour,small,above_road,India,Meghalaya,90.2191,25.5084,Meghalaya,West Garo Hills,Meghalaya,17.0,293.0,278.0,17.0,301.9,32.8,21.7,94.0,0.509,1,300.0,7.98
NEG_0148,2013-08-04 00:00:00,,,,,,,93.97852168509658,25.19998581836119,,Kangpokpi,,,,,,43.2,18.2,6.9,88.38,0.422,0,1377.0,14.48
3633,2011-06-20 00:00:00,landslide,downpour,medium,unknown,India,Nāgāland,94.5121,26.3186,Nagaland,Mokokchung,Nagaland,13.0,262.0,246.0,13.0,138.8,45.8,6.6,90.04,0.466,1,1260.0,16.23
4394,2012-06-07 04:30:00,landslide,rain,large,unknown,India,Sikkim,88.6458,27.1748,Sikkim,Pakyong,Sikkim,11.0,801.0,741.0,11.0,107.8,3.3,1.6,79.0,0.374,1,930.0,19.29
NEG_0004,2015-09-23 15:00:00,,,,,,,92.9090149222461,23.778966580178743,,Aizawl,,,,,,77.1,7.6,3.4,90.17,0.412,0,913.0,26.82
6775,2015-02-14 00:00:00,landslide,mining,small,mine,India,Assam,91.6469,26.1468,Assam,Kamrup Metro,Assam,18.0,322.0,618.0,18.0,0.5,0.4,0.4,66.12,0.249,1,52.0,8.62
3983,2011-09-23 00:00:00,landslide,downpour,large,unknown,India,Assam,91.7351,26.1548,Assam,Kamrup Metro,Assam,18.0,322.0,618.0,18.0,151.2,57.0,32.2,92.58,0.492,1,55.0,0.39
NEG_0084,2007-07-16 00:00:00,,,,,,,88.68379093462644,27.341109371109816,,Gangtok,,,,,,290.7,40.0,19.3,92.38,0.428,0,2111.0,20.96
NEG_0009,2012-06-13 00:00:00,,,,,,,92.87692570090424,24.288059808591733,,Aizawl,,,,,,37.5,3.1,2.3,86.79,0.39,0,192.0,8.7
322,2007-10-21 00:00:00,landslide,rain,medium,unknown,India,Assam,93.4333,24.75,Assam,Noney,Manipur,14.0,771.0,714.0,14.0,75.2,16.0,10.8,95.75,0.414,1,546.0,36.56
5431,2013-09-01 00:00:00,mudslide,continuous_rain,medium,unknown,India,Assam,93.5063,24.9829,Assam,Tamenglong,Manipur,14.0,273.0,258.0,14.0,81.7,3.0,1.2,89.88,0.398,1,1284.0,21.77
NEG_0018,2010-09-10 00:00:00,,,,,,,97.281647172359,28.157424271246036,,Anjaw,,,,,,44.3,1.6,1.0,85.75,0.396,0,4083.0,7.51
3738,2011-07-06 00:00:00,landslide,downpour,medium,unknown,India,Manipur,93.9482,24.8063,Manipur,Imphal East,Manipur,14.0,278.0,255.0,14.0,50.3,15.1,8.9,87.17,0.498,1,783.0,0.89
NEG_0278,2015-09-05 00:00:00,,,,,,,93.80539503787962,25.199938792782103,,Tamenglong,,,,,,101.9,17.1,3.9,95.92,0.412,0,844.0,14.55
NEG_0332,2013-06-07 00:00:00,,,,,,,91.30789903481858,23.7696627054414,,West Tripura,,,,,,17.8,6.2,1.3,81.92,0.447,0,49.0,2.57
6213,2014-09-24 00:00:00,landslide,continuous_rain,large,unknown,India,Meghalaya,90.5763,25.8143,Meghalaya,North Garo Hills,Meghalaya,17.0,712.0,656.0,17.0,150.8,91.8,19.6,96.17,0.468,1,63.0,3.75
215,2007-08-28 00:00:00,landslide,rain,medium,unknown,India,Nāgāland,93.9136,25.7428,Nagaland,Chumoukedima,Nagaland,13.0,818.0,758.0,13.0,142.2,102.1,61.9,91.5,0.479,1,452.0,9.26
2415,2010-09-12 00:00:00,landslide,downpour,medium,unknown,India,Nāgāland,94.11112157,25.63961883,Nagaland,Kohima,Nagaland,13.0,270.0,245.0,13.0,64.5,23.2,9.6,90.46,0.426,1,1499.0,12.56
9336,2016-05-18 08:00:00,landslide,continuous_rain,small,unknown,India,Assam,92.5121,24.5308,Assam,Hailakandi,Assam,18.0,318.0,289.0,18.0,93.7,38.7,30.7,87.79,0.427,1,67.0,2.29
NEG_0230,2015-08-18 00:00:00,,,,,,,93.53910977372588,27.02161416153475,,Papum Pare,,,,,,30.4,14.9,7.9,90.33,0.415,0,384.0,25.16
4434,2012-06-25 18:00:00,landslide,downpour,large,unknown,India,Assam,91.7369,26.1049,Assam,Kamrup Metro,Assam,18.0,322.0,618.0,18.0,351.7,131.5,81.6,98.0,0.469,1,164.0,17.68
6963,2015-06-19 00:00:00,landslide,rain,medium,natural_slope,India,Mizoram,92.7362,23.7131,Mizoram,Aizawl,Mizoram,15.0,283.0,261.0,15.0,52.3,9.6,5.7,90.88,0.392,1,879.0,6.8
2437,2010-09-16 00:00:00,landslide,downpour,medium,unknown,India,Mizoram,92.694,23.7527,Mizoram,Aizawl,Mizoram,15.0,283.0,261.0,15.0,65.3,27.0,14.6,96.04,0.419,1,793.0,22.76
NEG_0308,2007-07-26 00:00:00,,,,,,,94.51386138622962,25.540272815168688,,Ukhrul,,,,,,72.5,22.9,9.2,86.29,0.471,0,789.0,24.68
7375,2015-08-01 00:00:00,landslide,continuous_rain,medium,above_road,India,Manipur,94.4481,25.1941,Manipur,Ukhrul,Manipur,14.0,279.0,260.0,14.0,145.9,76.0,44.3,98.42,0.459,1,1713.0,12.09
NEG_0051,2010-08-06 00:00:00,,,,,,,93.34200897116156,25.31686424242061,,Dima Hasao,,,,,,45.0,13.9,4.0,85.79,0.493,0,688.0,16.75
5427,2013-08-15 00:00:00,landslide,downpour,medium,unknown,India,Nāgāland,94.1884,25.3833,Nagaland,Senapati,Manipur,14.0,272.0,257.0,14.0,147.6,33.7,19.8,97.46,0.505,1,1683.0,23.52
NEG_0222,2013-08-04 00:00:00,,,,,,,93.6624777148492,24.678145527158872,,Noney,,,,,,33.4,9.4,0.0,85.67,0.412,0,1311.0,18.6
4610,2012-11-11 00:00:00,landslide,downpour,medium,unknown,India,Mizoram,92.5217,23.7705,Mizoram,Mamit,Mizoram,15.0,281.0,266.0,15.0,40.6,0.0,0.0,82.92,0.369,1,69.0,3.35
264,2007-09-13 00:00:00,landslide,rain,medium,unknown,India,Assam,91.8,26.1833,Assam,Kamrup Metro,Assam,18.0,322.0,618.0,18.0,209.7,5.2,3.6,86.83,0.503,1,67.0,1.18
NEG_0333,2015-08-01 00:00:00,,,,,,,94.17138608839578,26.169579782130715,,Wokha,,,,,,65.8,33.5,31.4,92.46,0.49,0,418.0,14.73
6290,2014-09-23 03:00:00,landslide,continuous_rain,small,urban,India,Meghalaya,91.8666,25.5772,Meghalaya,East Khasi Hills,Meghalaya,17.0,298.0,274.0,17.0,244.8,150.5,103.8,95.33,0.464,1,1469.0,5.92
NEG_0276,2007-09-09 00:00:00,,,,,,,93.71336618002772,24.978876543360773,,Tamenglong,,,,,,157.5,60.4,27.4,99.42,0.428,0,759.0,11.49
2205,2010-08-06 00:00:00,landslide,downpour,medium,unknown,India,Mizoram,92.7146,23.7365,Mizoram,Aizawl,Mizoram,15.0,283.0,261.0,15.0,128.0,51.8,29.5,90.5,0.418,1,1010.0,23.93
5005,2013-07-01 00:00:00,landslide,downpour,medium,unknown,India,Nāgāland,95.029,26.72,Nagaland,Mon,Nagaland,13.0,261.0,247.0,13.0,129.7,43.8,33.4,90.33,0.493,1,717.0,7.01
4908,2013-06-08 17:00:00,landslide,downpour,medium,unknown,India,Sikkim,88.708,27.3721,Sikkim,Gangtok,Sikkim,11.0,244.0,225.0,11.0,86.9,32.8,13.6,95.42,0.424,1,3172.0,24.62
NEG_0207,2015-08-02 00:00:00,,,,,,,95.00701378247096,26.358443686562136,,Mon,,,,,,78.7,46.6,8.4,90.96,0.419,0,1795.0,25.31
7279,2015-07-24 00:00:00,mudslide,monsoon,medium,other,India,Manipur,93.5142,24.9818,Manipur,Tamenglong,Manipur,14.0,273.0,258.0,14.0,190.2,78.5,19.1,95.33,0.43,1,1238.0,10.34
NEG_0199,2012-06-20 00:00:00,,,,,,,94.64056902031606,26.3767603399679,,Mokokchung,,,,,,170.1,60.4,32.9,90.96,0.49,0,777.0,28.36
2140,2010-07-25 00:00:00,landslide,downpour,medium,unknown,India,Assam,92.801,25.0477,Assam,Cachar,Assam,18.0,316.0,282.0,18.0,97.2,24.4,9.9,87.33,0.444,1,184.0,20.32
5575,2013-10-05 23:00:00,mudslide,continuous_rain,medium,unknown,India,Nāgāland,94.1497,25.8266,Nagaland,Kohima,Nagaland,13.0,270.0,245.0,13.0,39.8,16.0,11.2,92.54,0.464,1,1409.0,21.95
6283,2014-09-22 00:00:00,landslide,rain,small,unknown,India,Assam,91.7548,26.1314,Assam,Kamrup Metro,Assam,18.0,322.0,618.0,18.0,128.7,86.3,27.7,92.58,0.469,1,81.0,3.47
NEG_0238,2010-07-06 00:00:00,,,,,,,93.39042247189565,27.42646116015962,,Papum Pare,,,,,,211.4,51.9,31.6,98.0,0.424,0,3048.0,10.44
3965,2011-09-06 08:00:00,landslide,rain,medium,unknown,India,Assam,93.117,24.808,Assam,Jiribam,Manipur,14.0,766.0,713.0,14.0,82.7,36.5,20.2,90.08,0.428,1,38.0,2.13
6968,2015-06-13 00:00:00,landslide,continuous_rain,medium,unknown,India,Meghalaya,92.2121,25.463,Meghalaya,West Jaintia Hills,Meghalaya,17.0,299.0,275.0,17.0,389.3,270.4,165.8,98.29,0.461,1,1372.0,4.6
NEG_0280,2011-07-25 00:00:00,,,,,,,93.33472633731272,24.776353239694657,,Tamenglong,,,,,,195.2,22.2,14.6,91.0,0.43,0,564.0,11.59
1613,2010-04-02 23:00:00,mudslide,downpour,large,unknown,India,Arunāchal Pradesh,93.3497,27.8997,Arunachal Pradesh,Kurung Kumey,Arunachal Pradesh,12.0,256.0,233.0,12.0,130.6,42.4,22.5,87.75,0.429,1,872.0,8.99
2164,2010-07-29 23:00:00,landslide,downpour,medium,unknown,India,Manipur,94.48214677,25.3098633,Manipur,Ukhrul,Manipur,14.0,279.0,260.0,14.0,101.0,15.2,12.6,90.08,0.493,1,1559.0,26.1
NEG_0339,2010-08-14 00:00:00,,,,,,,94.29805578164289,25.9353318741944,,Zunheboto,,,,,,59.6,26.1,12.9,90.92,0.455,0,630.0,27.7
5300,2013-08-09 00:00:00,landslide,downpour,large,unknown,India,Nāgāland,94.0441,25.318,Nagaland,Senapati,Manipur,14.0,272.0,257.0,14.0,112.6,16.2,11.7,93.25,0.421,1,1026.0,15.52
NEG_0189,2013-08-04 00:00:00,,,,,,,94.71654774547522,26.535355102035854,,Longleng,,,,,,134.0,32.8,12.8,88.29,0.472,0,635.0,27.36
NEG_0085,2012-09-16 00:00:00,,,,,,,88.50232711546384,27.280559993331064,,Gangtok,,,,,,256.1,106.7,46.4,94.08,0.436,0,1804.0,34.58
8223,2015-09-14 03:10:00,landslide,downpour,large,above_road,India,Mizoram,92.7187,23.7348,Mizoram,Aizawl,Mizoram,15.0,283.0,261.0,15.0,46.1,20.5,14.9,91.42,0.43,1,1043.0,13.57
6106,2014-06-26 23:00:00,landslide,continuous_rain,small,unknown,India,Assam,91.7645,26.1407,Assam,Kamrup Metro,Assam,18.0,322.0,618.0,18.0,222.3,8.8,3.7,87.58,0.482,1,61.0,1.32
4426,2012-06-22 00:00:00,landslide,downpour,medium,unknown,India,Assam,91.7162,26.1226,Assam,Kamrup Metro,Assam,18.0,322.0,618.0,18.0,191.1,132.1,88.7,94.88,0.441,1,122.0,30.72
NEG_0133,2016-06-12 00:00:00,,,,,,,91.9533086106538,26.19093844499602,,Kamrup Metro,,,,,,77.5,16.4,7.1,85.0,0.505,0,206.0,15.14
NEG_0193,2010-04-17 15:00:00,,,,,,,88.64029992121108,27.469919168196743,,Mangan,,,,,,111.5,8.9,4.2,80.88,0.408,0,2590.0,42.68
2568,2010-10-08 00:00:00,landslide,downpour,medium,unknown,India,Assam,93.4108,24.7679,Assam,Noney,Manipur,14.0,771.0,714.0,14.0,60.2,40.0,17.4,96.75,0.426,1,483.0,11.68
NEG_0094,2016-07-28 00:00:00,,,,,,,88.26623258106544,27.42544952040027,,Gyalshing,,,,,,455.9,86.0,27.6,94.29,0.417,0,2518.0,26.89
6287,2014-09-22 00:00:00,landslide,rain,small,unknown,India,Assam,91.7056,26.1295,Assam,Kamrup Metro,Assam,18.0,322.0,618.0,18.0,128.7,86.3,27.7,92.62,0.472,1,130.0,2.97
NEG_0263,2015-06-19 00:00:00,,,,,,,93.99110394800849,25.36336179846001,,Senapati,,,,,,81.6,17.5,7.1,94.75,0.421,0,1712.0,21.57
NEG_0307,2010-04-20 00:00:00,,,,,,,94.63848209677,25.438029149362,,Ukhrul,,,,,,23.5,19.7,9.2,90.5,0.369,0,1455.0,33.45
NEG_0279,2015-07-22 00:00:00,,,,,,,93.42714389652264,25.276172084905312,,Tamenglong,,,,,,177.4,52.7,25.5,96.33,0.49,0,1013.0,25.51
NEG_0150,2011-07-07 00:00:00,,,,,,,93.9279769850176,24.967216705998062,,Kangpokpi,,,,,,53.4,4.7,1.3,84.08,0.468,0,939.0,5.96
2345,2010-08-27 18:00:00,landslide,downpour,medium,unknown,India,Sikkim,88.6188,27.3392,Sikkim,Gangtok,Sikkim,11.0,244.0,225.0,11.0,425.1,43.3,23.3,95.38,0.428,1,1892.0,13.11
NEG_0232,2010-07-21 08:00:00,,,,,,,93.56102998412868,27.339557478429445,,Papum Pare,,,,,,262.6,122.6,74.5,97.71,0.425,0,1985.0,26.41
3830,2011-07-22 00:00:00,landslide,downpour,small,unknown,India,Manipur,94.3429,24.3527,Manipur,Tengnoupal,Manipur,14.0,769.0,716.0,14.0,174.2,47.9,14.5,99.46,0.444,1,285.0,7.32
7214,2015-07-15 08:00:00,landslide,monsoon,medium,urban,India,Arunachal Pradesh,93.0385,27.36,Arunachal Pradesh,East Kameng,Arunachal Pradesh,12.0,247.0,231.0,12.0,134.1,61.5,39.2,97.58,0.429,1,404.0,9.53
7389,2015-08-01 00:00:00,landslide,continuous_rain,medium,above_road,India,Manipur,94.0644,24.4072,Manipur,Chandel,Manipur,14.0,280.0,253.0,14.0,382.3,219.5,132.7,99.92,0.457,1,1148.0,24.2
NEG_0346,2013-08-15 00:00:00,,,,,,,94.60257859031653,26.09160571987535,,Zunheboto,,,,,,69.0,16.3,9.9,90.12,0.508,0,1557.0,35.52
NEG_0231,2013-09-02 00:00:00,,,,,,,93.26192142143049,27.137120885708548,,Papum Pare,,,,,,134.7,34.4,19.8,96.17,0.427,0,1609.0,17.04
7666,2015-08-11 00:00:00,landslide,continuous_rain,medium,unknown,India,Manipur,93.3729,25.1019,Manipur,Tamenglong,Manipur,14.0,273.0,258.0,14.0,68.6,31.3,23.8,98.29,0.495,1,1133.0,16.92
NEG_0335,2015-08-01 00:00:00,,,,,,,94.16795359876828,26.000207243737336,,Wokha,,,,,,44.3,31.0,28.0,93.92,0.492,0,938.0,21.23
NEG_0171,2016-07-25 12:30:00,,,,,,,94.0406517372612,25.895279981178255,,Kohima,,,,,,61.4,51.0,45.7,94.04,0.486,0,881.0,30.5
313,2007-10-16 00:00:00,landslide,rain,large,unknown,India,Nāgāland,94.0132,25.7055,Nagaland,Kohima,Nagaland,13.0,270.0,245.0,13.0,160.0,37.2,26.0,91.79,0.499,1,1478.0,15.83
594,2008-06-19 00:00:00,mudslide,monsoon,medium,unknown,India,Manipur,93.8275,24.9336,Manipur,Kangpokpi,Manipur,14.0,767.0,712.0,14.0,60.6,24.5,6.9,91.83,0.493,1,1023.0,15.27
NEG_0227,2010-04-17 00:00:00,,,,,,,90.56811777713467,25.843192832310095,,North Garo Hills,,,,,,117.2,30.0,18.4,85.88,0.51,0,92.0,10.08
NEG_0272,2014-06-26 23:00:00,,,,,,,92.50210115322083,24.702517595349875,,Sribhumi,,,,,,355.3,21.4,5.2,85.79,0.52,0,41.0,1.61
6291,2014-09-21 00:00:00,landslide,continuous_rain,large,unknown,India,Meghalaya,90.3852,25.7354,Meghalaya,West Garo Hills,Meghalaya,17.0,293.0,278.0,17.0,84.4,44.6,10.3,92.58,0.517,1,334.0,4.4
2436,2010-09-16 03:00:00,landslide,downpour,medium,unknown,India,Mizoram,93.125,24.3069,Mizoram,Pherzawl,Manipur,14.0,772.0,715.0,14.0,79.5,26.6,15.5,96.67,0.43,1,719.0,22.38
252,2007-09-09 00:00:00,landslide,rain,medium,unknown,India,Nāgāland,94.1192,25.4993,Nagaland,Senapati,Manipur,14.0,272.0,257.0,14.0,193.7,67.1,48.7,97.58,0.485,1,1923.0,17.38
NEG_0205,2011-07-29 00:00:00,,,,,,,95.15999615309912,26.96746381158297,,Mon,,,,,,110.4,22.1,14.9,88.08,0.491,0,269.0,23.11
8995,2016-07-14 00:00:00,landslide,monsoon,small,unknown,India,Assam,91.8074,26.1963,Assam,Kamrup Metro,Assam,18.0,322.0,618.0,18.0,135.9,24.4,10.3,88.42,0.46,1,196.0,2.15
7364,2015-07-31 09:00:00,landslide,continuous_rain,medium,below_road,India,Manipur,94.3551,24.819,Manipur,Kamjong,Manipur,14.0,770.0,717.0,14.0,249.1,96.9,64.0,99.75,0.429,1,1615.0,31.89
NEG_0202,2013-09-01 18:00:00,,,,,,,95.22623358858304,26.88906316768945,,Mon,,,,,,72.1,9.6,5.7,88.17,0.51,0,811.0,28.96
NEG_0253,2012-06-13 00:00:00,,,,,,,94.09606160048682,25.476206724952824,,Senapati,,,,,,87.5,7.1,3.3,86.71,0.479,0,1658.0,10.44
4408,2012-06-13 00:00:00,landslide,downpour,medium,unknown,India,Meghālaya,92.0757,25.5498,Meghalaya,East Khasi Hills,Meghalaya,17.0,298.0,274.0,17.0,79.4,20.4,9.5,91.04,0.468,1,1245.0,12.62
NEG_0080,2014-09-22 00:00:00,,,,,,,88.69875841755564,27.354012918693027,,Gangtok,,,,,,207.1,150.9,117.8,97.21,0.436,0,2910.0,37.01
NEG_0309,2012-06-03 00:00:00,,,,,,,94.56675234781488,25.646690757191877,,Ukhrul,,,,,,108.5,49.7,25.2,90.54,0.476,0,795.0,9.67
NEG_0337,2013-07-01 00:00:00,,,,,,,94.48689988552948,25.895357199060268,,Zunheboto,,,,,,106.4,36.6,13.3,85.5,0.511,0,1898.0,34.47
2263,2010-08-17 00:00:00,landslide,downpour,medium,unknown,India,Nāgāland,94.6654,26.2753,Nagaland,Tuensang,Nagaland,13.0,267.0,249.0,13.0,130.5,73.1,28.8,94.08,0.478,1,1115.0,26.12
NEG_0292,2013-07-12 00:00:00,,,,,,,94.27723731507804,24.535729448743584,,Tengnoupal,,,,,,69.4,43.8,29.1,93.96,0.426,0,846.0,8.97
7887,2015-08-16 00:00:00,landslide,continuous_rain,medium,above_road,India,Arunachal Pradesh,96.9262,27.8835,Arunachal Pradesh,Anjaw,Arunachal Pradesh,12.0,260.0,628.0,12.0,53.2,21.0,11.6,95.67,0.42,1,956.0,29.06
7589,2015-08-19 00:00:00,landslide,rain,medium,above_road,India,Meghalaya,92.3825,25.2568,Meghalaya,East Jaintia Hills,Meghalaya,17.0,714.0,657.0,17.0,185.5,92.7,56.7,97.79,0.463,1,802.0,10.99
NEG_0045,2011-07-11 09:00:00,,,,,,,96.31651098724696,28.615892565810945,,Dibang Valley,,,,,,123.7,28.7,6.4,92.62,0.414,0,3940.0,11.18
319,2007-10-19 00:00:00,landslide,rain,medium,unknown,India,Nāgāland,94.1162,25.4379,Nagaland,Senapati,Manipur,14.0,272.0,257.0,14.0,94.7,16.8,4.9,94.46,0.498,1,1518.0,17.25
1112,2009-08-20 00:00:00,mudslide,downpour,medium,unknown,India,Sikkim,88.5287,27.1761,Sikkim,Gangtok,Sikkim,11.0,244.0,225.0,11.0,499.7,52.9,23.7,96.21,0.436,1,314.0,23.28
6110,2014-06-27 00:00:00,landslide,rain,small,unknown,India,Assam,91.7697,26.1619,Assam,Kamrup Metro,Assam,18.0,322.0,618.0,18.0,216.0,31.5,27.8,87.21,0.472,1,55.0,0.39
NEG_0214,2007-07-27 00:00:00,,,,,,,88.36174580312694,27.145593568061535,,Namchi,,,,,,409.1,88.4,47.0,98.79,0.432,0,758.0,14.57
3932,2011-08-18 00:00:00,landslide,monsoon,medium,unknown,India,Nāgāland,94.13,25.83,Nagaland,Kohima,Nagaland,13.0,270.0,245.0,13.0,80.8,19.9,4.2,87.5,0.488,1,1006.0,9.5
NEG_0298,2010-09-10 00:00:00,,,,,,,94.80134598206917,26.25538444035927,,Tuensang,,,,,,61.8,15.0,4.7,90.29,0.499,0,1479.0,19.4
2025,2010-06-28 00:00:00,landslide,downpour,medium,unknown,India,Meghālaya,91.885,25.5728,Meghalaya,East Khasi Hills,Meghalaya,17.0,298.0,274.0,17.0,287.7,111.2,46.0,92.62,0.478,1,1496.0,4.13
142,2007-07-27 00:00:00,rock_fall,rain,large,unknown,India,Meghālaya,90.232,25.5212,Meghalaya,West Garo Hills,Meghalaya,17.0,293.0,278.0,17.0,195.8,114.1,53.0,97.33,0.474,1,583.0,9.27
1108,2009-08-20 00:00:00,landslide,downpour,medium,unknown,India,Assam,93.5,24.9925,Assam,Tamenglong,Manipur,14.0,273.0,258.0,14.0,84.0,14.8,6.9,94.62,0.421,1,1206.0,7.42
NEG_0169,2007-09-11 00:00:00,,,,,,,94.1759859678794,25.856864808976184,,Kohima,,,,,,198.2,44.4,8.4,87.79,0.494,0,1328.0,16.02
3806,2011-07-19 00:00:00,landslide,downpour,medium,unknown,India,Arunāchal Pradesh,93.6884,27.1032,Arunachal Pradesh,Papum Pare,Arunachal Pradesh,12.0,248.0,237.0,12.0,176.6,49.7,38.9,96.46,0.419,1,149.0,2.64
NEG_0315,2013-08-16 00:00:00,,,,,,,95.16517863750384,28.679558960502025,,Upper Siang,,,,,,54.0,7.7,3.7,89.0,0.411,0,2786.0,21.57
NEG_0063,2013-08-04 00:00:00,,,,,,,92.2998576173162,25.309782765559756,,East Jaintia Hills,,,,,,71.6,20.6,9.7,90.21,0.455,0,1108.0,2.52
1770,2010-04-20 00:00:00,landslide,downpour,medium,unknown,India,Assam,91.763,26.1965,Assam,Kamrup Metro,Assam,18.0,322.0,618.0,18.0,132.9,55.1,24.8,95.21,0.479,1,81.0,8.59
7390,2015-08-01 00:00:00,landslide,continuous_rain,medium,above_road,India,Manipur,94.1913,24.4265,Manipur,Tengnoupal,Manipur,14.0,769.0,716.0,14.0,444.3,203.5,97.0,99.96,0.428,1,1299.0,6.65
NEG_0086,2011-07-22 00:00:00,,,,,,,88.76510081591535,27.399039695260083,,Gangtok,,,,,,200.2,36.4,20.2,89.58,0.426,0,4171.0,23.04
5312,2013-08-11 23:00:00,landslide,downpour,very_large,unknown,India,Assam,94.693,26.7103,Assam,Mokokchung,Nagaland,13.0,262.0,246.0,13.0,89.1,24.4,17.6,85.29,0.511,1,688.0,13.7
3860,2011-07-29 00:00:00,landslide,rain,medium,unknown,India,Nāgāland,94.108,25.4192,Nagaland,Senapati,Manipur,14.0,272.0,257.0,14.0,106.0,17.8,14.8,91.88,0.497,1,1400.0,9.95
7373,2015-08-01 00:00:00,landslide,continuous_rain,medium,above_road,India,Manipur,94.4759,24.9111,Manipur,Kamjong,Manipur,14.0,770.0,717.0,14.0,243.2,110.3,61.1,99.83,0.428,1,1804.0,22.94
NEG_0122,2010-10-08 00:00:00,,,,,,,91.99226678948824,26.06868900249768,,Kamrup Metro,,,,,,56.7,43.9,34.4,94.54,0.471,0,283.0,1.52
6282,2014-09-22 00:00:00,landslide,rain,small,urban,India,Assam,91.7747,26.1097,Assam,Kamrup Metro,Assam,18.0,322.0,618.0,18.0,141.0,103.7,29.6,92.58,0.469,1,60.0,0.39
7374,2015-08-01 00:00:00,landslide,continuous_rain,medium,below_road,India,Manipur,94.3591,25.1122,Manipur,Ukhrul,Manipur,14.0,279.0,260.0,14.0,183.5,92.5,52.0,98.79,0.428,1,1822.0,16.06
4990,2013-06-27 23:00:00,landslide,downpour,medium,unknown,India,Sikkim,88.7628,27.3765,Sikkim,Gangtok,Sikkim,11.0,244.0,225.0,11.0,177.9,59.2,32.7,97.04,0.422,1,3764.0,31.61
NEG_0087,2015-08-01 00:00:00,,,,,,,88.54192966460828,27.370301683738436,,Gangtok,,,,,,63.4,23.2,16.2,92.54,0.426,0,1911.0,38.58
247,2007-09-08 00:00:00,landslide,rain,medium,unknown,India,Manipur,93.9877,25.0604,Manipur,Kangpokpi,Manipur,14.0,767.0,712.0,14.0,154.8,61.6,29.8,97.88,0.495,1,1485.0,25.3
NEG_0008,2015-08-12 00:00:00,,,,,,,92.92155602880102,23.906675146994612,,Aizawl,,,,,,89.1,39.2,19.2,92.12,0.424,0,1009.0,28.01
5271,2013-08-04 00:00:00,landslide,continuous_rain,medium,unknown,India,Nāgāland,94.5808,26.284,Nagaland,Tuensang,Nagaland,13.0,267.0,249.0,13.0,68.2,20.7,3.8,90.21,0.497,1,728.0,21.06
NEG_0156,2007-08-26 00:00:00,,,,,,,94.07665399987884,25.683868695783215,,Kohima,,,,,,60.8,23.0,12.2,91.04,0.482,0,1147.0,23.13
2426,2010-09-13 00:00:00,landslide,downpour,medium,unknown,India,Mizoram,92.8416,22.7176,Mizoram,Lunglei,Mizoram,15.0,286.0,265.0,15.0,59.7,23.8,10.5,94.67,0.428,1,761.0,23.88
9252,2016-07-28 00:00:00,landslide,monsoon,medium,unknown,India,Arunachal Pradesh,91.8644,27.5748,Arunachal Pradesh,Tawang,Arunachal Pradesh,12.0,245.0,238.0,12.0,240.9,33.6,11.6,95.08,0.418,1,2695.0,10.42
147,2007-07-30 00:00:00,landslide,downpour,medium,unknown,India,Mizoram,92.899,22.533,Mizoram,Lawngtlai,Mizoram,15.0,287.0,264.0,15.0,57.2,3.5,1.3,87.54,0.402,1,793.0,14.2
NEG_0140,2011-07-07 00:00:00,,,,,,,91.94570661181378,26.06570573085838,,Kamrup Metro,,,,,,211.1,45.4,18.9,86.42,0.476,0,81.0,3.45
9010,2016-07-16 00:00:00,mudslide,downpour,medium,above_road,India,Arunachal Pradesh,93.804,27.3034,Arunachal Pradesh,Papum Pare,Arunachal Pradesh,12.0,248.0,237.0,12.0,79.8,41.0,24.1,96.92,0.451,1,768.0,35.02
9619,2016-10-15 00:00:00,landslide,rain,medium,above_road,India,Sikkim,88.3664,27.1695,Sikkim,Namchi,Sikkim,11.0,243.0,227.0,11.0,273.5,134.1,44.9,92.5,0.415,1,1576.0,27.35
NEG_0338,2010-07-06 00:00:00,,,,,,,94.63829668219424,26.132010245065175,,Zunheboto,,,,,,98.3,13.8,4.1,86.96,0.505,0,1190.0,11.99
NEG_0317,2010-10-08 00:00:00,,,,,,,94.15930229539268,28.10756965164852,,Upper Subansiri,,,,,,67.1,27.9,5.1,88.79,0.422,0,395.0,53.39
9142,2016-06-14 08:00:00,landslide,continuous_rain,medium,retaining_wall,India,Nagaland,94.5247,26.3185,Nagaland,Mokokchung,Nagaland,13.0,262.0,246.0,13.0,221.3,55.3,31.5,88.42,0.519,1,1171.0,7.16
NEG_0091,2012-04-08 00:00:00,,,,,,,88.80028501754568,27.366443254126963,,Gangtok,,,,,,41.5,18.8,8.9,90.12,0.413,0,3594.0,11.13
NEG_0264,2015-08-11 00:00:00,,,,,,,94.08301911343138,25.301466226823496,,Senapati,,,,,,126.4,50.3,22.6,95.46,0.47,0,1499.0,20.21
NEG_0112,2010-07-19 06:00:00,,,,,,,91.65044415842614,26.387079337805513,,Kamrup,,,,,,141.3,10.5,8.6,89.25,0.505,0,57.0,0.77
8339,2015-09-23 00:00:00,landslide,continuous_rain,medium,above_road,India,Assam,91.7042,26.1666,Assam,Kamrup Metro,Assam,18.0,322.0,618.0,18.0,151.8,46.3,22.6,95.33,0.452,1,231.0,14.83
7727,2015-08-20 18:00:00,landslide,continuous_rain,medium,below_road,India,Nagaland,94.1057,25.6263,Nagaland,Kohima,Nagaland,13.0,270.0,245.0,13.0,57.7,26.1,22.4,92.46,0.471,1,1546.0,18.99
251,2007-09-09 00:00:00,landslide,rain,medium,unknown,India,Sikkim,88.35,27.1667,Sikkim,Namchi,Sikkim,11.0,243.0,227.0,11.0,564.0,294.4,93.9,97.0,0.432,1,1162.0,32.77
NEG_0079,2009-08-12 00:00:00,,,,,,,88.53232513845538,27.188102369876873,,Gangtok,,,,,,196.6,35.2,28.6,92.83,0.406,0,699.0,21.79
NEG_0161,2016-10-15 00:00:00,,,,,,,93.96708498673914,25.665080092365063,,Kohima,,,,,,100.6,9.8,6.7,93.08,0.494,0,1961.0,45.66
NEG_0106,2013-07-01 00:00:00,,,,,,,94.57633135452848,25.003488872596527,,Kamjong,,,,,,91.2,29.7,18.6,96.0,0.427,0,1482.0,34.77
NEG_0103,2012-06-03 00:00:00,,,,,,,93.87567168053876,24.95503180817277,,Imphal West,,,,,,111.7,48.5,11.2,87.58,0.465,0,837.0,1.54
NEG_0081,2010-10-09 00:00:00,,,,,,,88.53564849637009,27.283226683405235,,Gangtok,,,,,,22.9,15.3,13.3,89.58,0.433,0,1454.0,16.14
2566,2010-10-08 00:00:00,mudslide,downpour,medium,unknown,India,Nāgāland,94.1351,25.4769,Nagaland,Senapati,Manipur,14.0,272.0,257.0,14.0,82.9,43.7,23.1,99.04,0.51,1,1684.0,20.7
2392,2010-09-04 00:00:00,landslide,downpour,medium,unknown,India,Sikkim,88.7334,27.3702,Sikkim,Gangtok,Sikkim,11.0,244.0,225.0,11.0,135.7,28.2,15.6,94.42,0.427,1,3520.0,14.03
NEG_0050,2007-07-19 00:00:00,,,,,,,92.69774267164382,25.48066630560379,,Dima Hasao,,,,,,51.7,4.1,3.3,85.58,0.489,0,608.0,0.86
NEG_0176,2009-09-17 00:00:00,,,,,,,94.16304910508968,25.78125202652342,,Kohima,,,,,,44.5,17.4,3.4,89.62,0.471,0,1269.0,24.29
714,2008-08-14 00:00:00,landslide,rain,medium,unknown,India,Assam,94.0,27.163,Assam,Lakhimpur,Assam,18.0,307.0,295.0,18.0,142.3,18.8,10.2,85.46,0.401,1,95.0,0.77
1611,2010-04-01 00:00:00,landslide,downpour,medium,unknown,India,Assam,93.028,25.1553,Assam,Dima Hasao,Assam,18.0,315.0,299.0,18.0,122.3,81.5,20.7,95.67,0.424,1,565.0,20.46
3269,2011-03-22 00:00:00,landslide,downpour,medium,unknown,India,Arunāchal Pradesh,96.5242,28.0791,Arunachal Pradesh,Anjaw,Arunachal Pradesh,12.0,260.0,628.0,12.0,229.0,167.5,99.6,93.21,0.426,1,554.0,17.27
NEG_0323,2015-08-28 01:45:00,,,,,,,90.280277770766,25.940930887763063,,West Garo Hills,,,,,,105.3,25.8,14.4,86.96,0.429,0,43.0,0.63
NEG_0287,2013-09-01 00:00:00,,,,,,,93.72373284272402,25.07743439275892,,Tamenglong,,,,,,87.7,3.4,1.3,89.04,0.399,0,1552.0,28.75
7370,2015-08-01 00:00:00,landslide,continuous_rain,medium,above_road,India,Manipur,94.1078,24.1419,Manipur,Chandel,Manipur,14.0,280.0,253.0,14.0,491.1,287.6,163.3,99.96,0.479,1,1187.0,26.26
NEG_0101,2010-04-02 23:00:00,,,,,,,93.9975533029215,24.785617294692138,,Imphal East,,,,,,82.0,43.9,6.6,87.0,0.468,0,905.0,31.43
NEG_0064,2014-06-26 23:00:00,,,,,,,92.49050052770454,25.139523896690136,,East Jaintia Hills,,,,,,497.7,41.8,5.9,89.83,0.415,0,100.0,20.26
5584,2013-10-06 00:00:00,landslide,downpour,medium,unknown,India,Assam,91.7049,26.1665,Assam,Kamrup Metro,Assam,18.0,322.0,618.0,18.0,70.1,23.0,13.6,92.25,0.516,1,231.0,11.97
NEG_0291,2014-06-26 23:00:00,,,,,,,91.93400673411402,27.617598310116456,,Tawang,,,,,,194.3,20.1,7.2,89.21,0.413,0,3758.0,18.31
1994,2010-06-16 00:00:00,landslide,downpour,medium,unknown,India,Assam,92.8025,25.0633,Assam,Cachar,Assam,18.0,316.0,282.0,18.0,124.2,52.8,20.6,92.21,0.495,1,91.0,25.16
NEG_0152,2010-08-14 00:00:00,,,,,,,91.54954969438224,24.05191329402229,,Khowai,,,,,,71.5,25.8,11.7,87.5,0.417,0,42.0,3.14
692,2008-08-07 00:00:00,landslide,downpour,medium,unknown,India,Nāgāland,94.04,25.705,Nagaland,Kohima,Nagaland,13.0,270.0,245.0,13.0,155.9,43.6,33.8,89.46,0.51,1,1029.0,19.82
NEG_0194,2010-07-06 00:00:00,,,,,,,88.81280057160109,27.859277141207855,,Mangan,,,,,,25.6,5.1,3.7,96.0,0.411,0,5386.0,21.38
1129,2009-08-30 00:00:00,landslide,downpour,medium,unknown,India,Manipur,94.4182,24.8628,Manipur,Kamjong,Manipur,14.0,770.0,717.0,14.0,52.0,10.4,3.7,87.46,0.42,1,922.0,20.46
6105,2014-06-26 23:00:00,landslide,continuous_rain,medium,above_road,India,Arunachal Pradesh,95.3429,28.9205,Arunachal Pradesh,Dibang Valley,Arunachal Pradesh,12.0,257.0,230.0,12.0,156.5,40.9,14.4,94.38,0.425,1,4060.0,18.33
NEG_0198,2014-09-22 00:00:00,,,,,,,94.67635843976728,26.460659459793483,,Mokokchung,,,,,,130.0,55.9,45.2,92.54,0.496,0,599.0,14.96
2405,2010-09-09 23:00:00,landslide,downpour,medium,unknown,India,Arunāchal Pradesh,95.4112,28.3036,Arunachal Pradesh,East Siang,Arunachal Pradesh,12.0,251.0,232.0,12.0,520.1,75.6,15.8,92.29,0.423,1,1835.0,36.23
6990,2015-06-24 00:00:00,landslide,continuous_rain,medium,above_road,India,Nagaland,94.5466,26.0319,Nagaland,Zunheboto,Nagaland,13.0,263.0,251.0,13.0,111.5,67.2,33.0,92.54,0.513,1,1581.0,35.87
NEG_0019,2010-09-13 00:00:00,,,,,,,96.91366205304566,27.83682384149718,,Anjaw,,,,,,79.8,34.5,13.9,90.54,0.411,0,2007.0,42.28
8366,2015-09-23 15:00:00,landslide,downpour,medium,natural_slope,India,Meghalaya,91.893,25.583,Meghalaya,East Khasi Hills,Meghalaya,17.0,298.0,274.0,17.0,174.1,106.9,56.4,94.92,0.464,1,1451.0,4.95
7385,2015-08-01 00:00:00,landslide,continuous_rain,medium,unknown,India,Manipur,93.9815,24.004,Manipur,Chandel,Manipur,14.0,280.0,253.0,14.0,640.9,415.0,212.5,99.96,0.431,1,1496.0,27.26
5603,2013-10-13 19:30:00,mudslide,downpour,medium,unknown,India,Manipur,94.6024,25.426,Manipur,Ukhrul,Manipur,14.0,279.0,260.0,14.0,62.6,0.1,0.1,73.38,0.373,1,1311.0,21.94
8996,2016-07-14 00:00:00,landslide,monsoon,small,natural_slope,India,Assam,91.7702,26.1768,Assam,Kamrup Metro,Assam,18.0,322.0,618.0,18.0,135.9,24.4,10.3,88.42,0.46,1,127.0,26.86
NEG_0331,2015-08-16 00:00:00,,,,,,,94.57201486222912,28.121884204642235,,West Siang,,,,,,80.6,46.3,24.2,96.75,0.425,0,639.0,25.98
NEG_0029,2010-04-20 00:00:00,,,,,,,94.15443013990873,23.990980456120443,,Chandel,,,,,,25.8,13.7,9.1,84.08,0.401,0,428.0,5.69
NEG_0025,2013-08-04 00:00:00,,,,,,,92.7844445879258,24.723438265453822,,Cachar,,,,,,82.1,16.9,5.1,83.92,0.471,0,31.0,1.17
3789,2011-07-16 00:00:00,landslide,downpour,medium,unknown,India,Arunāchal Pradesh,92.9064,27.2743,Arunachal Pradesh,Bichom,Arunachal Pradesh,12.0,848.0,787.0,12.0,196.7,113.6,70.8,95.58,0.423,1,695.0,24.68
NEG_0239,2015-08-27 00:00:00,,,,,,,94.2410357930931,25.5404320551916,,Phek,,,,,,105.1,18.0,4.7,91.12,0.442,0,1693.0,24.6
NEG_0312,2014-09-21 00:00:00,,,,,,,94.4582126534803,25.089592826713403,,Ukhrul,,,,,,105.6,59.4,5.6,91.54,0.416,0,2193.0,17.67
NEG_0183,2015-08-01 00:00:00,,,,,,,93.85607015308098,26.876875035063573,,Lakhimpur,,,,,,14.4,10.1,9.9,75.08,0.472,0,80.0,1.39
4556,2012-09-16 00:00:00,landslide,downpour,medium,unknown,India,Sikkim,88.3651,27.1675,Sikkim,Namchi,Sikkim,11.0,243.0,227.0,11.0,287.1,158.4,72.6,97.5,0.43,1,1551.0,24.19
NEG_0241,2016-08-05 00:00:00,,,,,,,91.83683387690505,25.813946261391855,,Ri Bhoi,,,,,,55.3,9.8,4.4,85.42,0.453,0,656.0,2.86
NEG_0249,2010-08-17 00:00:00,,,,,,,93.92838207642812,25.41710427429541,,Senapati,,,,,,100.8,24.9,14.9,98.29,0.423,0,1716.0,38.23
NEG_0077,2010-04-21 00:00:00,,,,,,,95.2676377871106,27.957148383100776,,East Siang,,,,,,135.4,55.4,13.1,84.54,0.485,0,166.0,0.78
NEG_0142,2014-09-22 00:00:00,,,,,,,91.58090100237423,26.071727090874663,,Kamrup Metro,,,,,,97.8,71.7,15.3,93.04,0.473,0,48.0,0.51
NEG_0100,2013-07-12 00:00:00,,,,,,,93.97410461124716,24.86846076720832,,Imphal East,,,,,,44.9,26.6,22.3,88.08,0.488,0,779.0,0.38
NEG_0322,2007-05-23 00:00:00,,,,,,,90.26056813366624,25.486355383062634,,West Garo Hills,,,,,,80.6,9.7,3.9,94.58,0.481,0,871.0,16.51
NEG_0235,2011-08-13 08:00:00,,,,,,,93.97049516069173,27.336896983588584,,Papum Pare,,,,,,77.0,21.1,16.4,85.25,0.439,0,458.0,27.01
NEG_0250,2013-08-04 00:00:00,,,,,,,94.3891634100532,25.424798424539777,,Senapati,,,,,,57.9,19.0,4.4,91.42,0.497,0,818.0,1.54
9335,2016-05-18 08:00:00,landslide,continuous_rain,unknown,unknown,India,Assam,92.7239,24.5202,Assam,Hailakandi,Assam,18.0,318.0,289.0,18.0,81.8,28.5,23.0,85.88,0.423,1,39.0,0.82
NEG_0168,2012-06-25 18:00:00,,,,,,,94.05529016055948,25.895842217408592,,Kohima,,,,,,78.8,28.2,13.3,89.54,0.445,0,707.0,18.0
1168,2009-09-17 00:00:00,landslide,rain,medium,unknown,India,Sikkim,88.6115,27.1954,Sikkim,Pakyong,Sikkim,11.0,801.0,741.0,11.0,117.2,13.0,7.4,89.0,0.399,1,487.0,6.09
NEG_0099,2008-08-14 00:00:00,,,,,,,94.071152579918,24.747441889047472,,Imphal East,,,,,,43.8,11.9,2.0,91.38,0.498,0,850.0,20.46
3837,2011-07-24 12:30:00,landslide,downpour,medium,unknown,India,Assam,93.0038,26.5836,Assam,Nagaon,Assam,18.0,305.0,297.0,18.0,218.7,48.6,9.9,87.46,0.514,1,68.0,0.26
4383,2012-06-03 00:00:00,landslide,downpour,medium,unknown,India,Assam,93.1265,25.3056,Assam,Dima Hasao,Assam,18.0,315.0,299.0,18.0,134.6,89.1,10.4,89.67,0.49,1,285.0,7.64
7660,2015-08-12 00:00:00,mudslide,continuous_rain,medium,below_road,India,Nagaland,94.1136,25.6237,Nagaland,Kohima,Nagaland,13.0,270.0,245.0,13.0,183.1,35.3,11.4,87.38,0.493,1,1610.0,22.76
NEG_0128,2010-10-08 00:00:00,,,,,,,92.0046349995406,26.078770739481698,,Kamrup Metro,,,,,,56.7,43.9,34.4,94.58,0.471,0,271.0,4.75
NEG_0020,2012-06-13 00:00:00,,,,,,,90.922996053456,26.40352218698635,,Barpeta,,,,,,137.3,77.1,61.9,92.33,0.43,0,43.0,0.57
NEG_0038,2010-04-17 15:00:00,,,,,,,94.15480561540306,23.95860908872156,,Chandel,,,,,,5.7,5.5,3.5,70.29,0.358,0,278.0,17.65
NEG_0277,2009-09-17 00:00:00,,,,,,,93.60139744707465,25.17879774911693,,Tamenglong,,,,,,44.9,16.0,9.6,95.54,0.411,0,757.0,21.63
NEG_0326,2007-07-30 00:00:00,,,,,,,92.52152190974412,27.5599025343385,,West Kameng,,,,,,322.7,68.9,46.8,98.04,0.43,0,2896.0,26.64
868,2008-10-29 00:00:00,landslide,downpour,medium,unknown,India,Assam,91.25,26.3333,Assam,Barpeta,Assam,18.0,303.0,280.0,18.0,69.7,63.2,0.0,84.38,0.464,1,42.0,0.0
NEG_0102,2016-07-01 00:00:00,,,,,,,93.85176018251728,24.59663000741551,,Imphal West,,,,,,93.1,67.7,49.8,95.08,0.403,0,768.0,0.0
NEG_0320,2014-05-08 00:00:00,,,,,,,90.18380852985791,25.461683920804717,,West Garo Hills,,,,,,217.0,60.5,44.5,90.92,0.474,0,105.0,5.74
2166,2010-07-29 00:00:00,landslide,downpour,medium,unknown,India,Assam,93.5027,24.9786,Assam,Tamenglong,Manipur,14.0,273.0,258.0,14.0,51.9,5.5,2.8,86.75,0.409,1,1295.0,14.26
NEG_0108,2012-09-16 00:00:00,,,,,,,94.26349714108606,24.682820401434338,,Kamjong,,,,,,124.5,70.4,19.7,99.33,0.424,0,1296.0,23.58
NEG_0224,2015-08-01 00:00:00,,,,,,,93.50227398466278,24.74524628098301,,Noney,,,,,,185.0,116.9,74.1,99.58,0.429,0,836.0,38.95
3925,2011-08-15 00:00:00,landslide,downpour,medium,unknown,India,Arunāchal Pradesh,93.0153,27.4888,Arunachal Pradesh,East Kameng,Arunachal Pradesh,12.0,247.0,231.0,12.0,129.8,44.3,25.2,96.62,0.43,1,524.0,12.96
NEG_0076,2014-06-26 23:00:00,,,,,,,95.29871744024324,27.97064255375316,,East Siang,,,,,,96.5,15.7,0.5,81.58,0.481,0,156.0,1.93
NEG_0141,2016-07-14 00:00:00,,,,,,,91.83801933453744,26.15016699660134,,Kamrup Metro,,,,,,135.9,24.4,10.3,88.42,0.46,0,58.0,1.18
NEG_0178,2015-06-24 00:00:00,,,,,,,92.80569926645548,24.13936616499024,,Kolasib,,,,,,98.0,37.8,23.3,97.04,0.414,0,597.0,25.98
6143,2014-07-14 18:00:00,landslide,downpour,medium,unknown,India,Mizoram,92.7463,23.7327,Mizoram,Aizawl,Mizoram,15.0,283.0,261.0,15.0,115.9,73.0,47.0,92.96,0.423,1,846.0,25.94
5268,2013-08-04 00:00:00,landslide,continuous_rain,medium,unknown,India,Nāgāland,94.5163,26.0137,Nagaland,Zunheboto,Nagaland,13.0,263.0,251.0,13.0,34.4,12.5,1.3,89.46,0.46,1,1715.0,4.26
NEG_0062,2011-07-16 00:00:00,,,,,,,92.34922763571464,25.121515327598132,,East Jaintia Hills,,,,,,61.0,16.6,8.2,90.88,0.501,0,454.0,26.45
NEG_0321,2015-08-26 00:00:00,,,,,,,90.13084533388364,25.78371178630759,,West Garo Hills,,,,,,145.7,29.6,15.7,92.54,0.407,0,133.0,4.2
2044,2010-07-06 00:00:00,mudslide,monsoon,medium,unknown,India,Nāgāland,94.7861,25.8877,Nagaland,Kiphire,Nagaland,13.0,269.0,614.0,13.0,90.3,16.5,3.8,87.88,0.494,1,1160.0,5.93
4435,2012-06-25 00:00:00,landslide,downpour,large,unknown,India,Arunāchal Pradesh,95.8011,27.174,Arunachal Pradesh,Changlang,Arunachal Pradesh,12.0,253.0,229.0,12.0,220.4,62.2,41.1,93.04,0.52,1,295.0,0.58
6285,2014-09-22 00:00:00,landslide,rain,small,above_road,India,Assam,91.8178,26.159,Assam,Kamrup Metro,Assam,18.0,322.0,618.0,18.0,128.7,86.3,27.7,92.33,0.48,1,68.0,9.46
NEG_0058,2015-09-14 03:10:00,,,,,,,92.87282269879178,25.105829691989943,,Dima Hasao,,,,,,45.2,13.3,9.0,88.58,0.46,0,347.0,19.63
NEG_0306,2015-08-19 09:00:00,,,,,,,94.3261489459818,24.92043328322707,,Ukhrul,,,,,,22.0,7.0,3.6,89.25,0.392,0,1369.0,27.35
8222,2016-06-22 12:00:00,mudslide,downpour,medium,natural_slope,India,Assam,91.7825,26.1961,Assam,Kamrup Metro,Assam,18.0,322.0,618.0,18.0,139.6,7.0,3.8,89.25,0.485,1,142.0,19.09
NEG_0290,2010-06-03 05:00:00,,,,,,,91.6376465074493,27.834399952429195,,Tawang,,,,,,64.5,30.2,22.9,95.38,0.424,0,3782.0,18.35
NEG_0137,2010-07-29 00:00:00,,,,,,,92.03811385859126,26.095408615085603,,Kamrup Metro,,,,,,113.9,20.8,8.1,81.0,0.504,0,233.0,20.6
NEG_0119,2016-07-14 00:00:00,,,,,,,92.10329899118084,26.060371003934858,,Kamrup Metro,,,,,,195.6,88.8,33.2,88.96,0.46,0,445.0,2.76
NEG_0188,2011-07-29 00:00:00,,,,,,,96.42650469390352,27.93666836918718,,Lohit,,,,,,90.2,23.3,8.2,88.33,0.492,0,843.0,14.5
2578,2010-10-09 00:00:00,landslide,downpour,medium,unknown,India,Nāgāland,94.0462,25.3179,Nagaland,Senapati,Manipur,14.0,272.0,257.0,14.0,76.2,47.8,28.1,98.38,0.433,1,996.0,7.37
NEG_0212,2010-06-16 00:00:00,,,,,,,88.4790227809207,27.171500457259803,,Namchi,,,,,,119.9,9.2,6.0,86.83,0.408,0,1125.0,29.99
3663,2011-06-28 00:00:00,landslide,downpour,medium,unknown,India,Nāgāland,94.1099,25.6682,Nagaland,Kohima,Nagaland,13.0,270.0,245.0,13.0,108.8,48.8,29.2,94.46,0.494,1,1439.0,7.26
7699,2015-08-19 00:00:00,landslide,continuous_rain,medium,unknown,India,Nagaland,94.5224,26.0214,Nagaland,Zunheboto,Nagaland,13.0,263.0,251.0,13.0,62.9,20.3,10.3,88.92,0.493,1,1603.0,24.27
2343,2010-08-27 16:30:00,landslide,downpour,medium,unknown,India,Nāgāland,94.1327,25.4786,Nagaland,Senapati,Manipur,14.0,272.0,257.0,14.0,59.0,10.1,6.4,92.0,0.482,1,1738.0,13.23
4411,2012-06-14 04:00:00,landslide,downpour,medium,unknown,India,Sikkim,88.6065,27.339,Sikkim,Gangtok,Sikkim,11.0,244.0,225.0,11.0,72.4,23.3,11.7,87.29,0.435,1,1487.0,19.49
NEG_0174,2012-06-03 00:00:00,,,,,,,94.14726496525924,25.58044842937121,,Kohima,,,,,,133.1,44.5,16.5,93.0,0.491,0,1478.0,16.34
NEG_0177,2011-07-15 18:00:00,,,,,,,92.66873531354244,24.060097371798214,,Kolasib,,,,,,23.8,6.8,3.2,87.17,0.393,0,640.0,30.72
NEG_0023,2014-09-22 00:00:00,,,,,,,92.99352285150827,24.787519737577338,,Cachar,,,,,,44.2,13.2,5.3,89.88,0.488,0,30.0,1.03
3525,2011-05-22 00:00:00,landslide,downpour,medium,unknown,India,Assam,93.4093,25.0672,Assam,Tamenglong,Manipur,14.0,273.0,258.0,14.0,92.9,41.9,17.4,99.83,0.426,1,460.0,21.06
2422,2010-09-13 00:00:00,landslide,downpour,medium,urban,India,Mizoram,92.7141905,23.74182634,Mizoram,Aizawl,Mizoram,15.0,283.0,261.0,15.0,41.7,9.4,5.3,93.08,0.413,1,929.0,26.86
NEG_0294,2016-07-19 00:00:00,,,,,,,93.90797571312297,24.56686246390578,,Thoubal,,,,,,54.5,5.4,0.0,89.42,0.395,0,771.0,0.99
NEG_0251,2009-08-26 00:00:00,,,,,,,94.05547049843874,25.453872441130567,,Senapati,,,,,,118.3,19.1,6.9,85.12,0.481,0,1553.0,28.35
NEG_0143,2010-07-06 00:00:00,,,,,,,91.99337670135074,26.11430799445137,,Kamrup Metro,,,,,,181.4,34.3,13.1,88.75,0.513,0,65.0,10.44
5582,2013-10-06 12:45:00,landslide,downpour,medium,unknown,India,Assam,91.8383,26.1309,Assam,Kamrup Metro,Assam,18.0,322.0,618.0,18.0,70.1,23.0,13.6,92.92,0.512,1,96.0,15.6
NEG_0234,2012-06-20 00:00:00,,,,,,,93.55950336378372,27.3244701864772,,Papum Pare,,,,,,235.1,34.1,8.4,93.12,0.436,0,1810.0,13.29
6112,2014-06-28 09:00:00,landslide,rain,medium,unknown,India,Assam,91.7652,26.1964,Assam,Kamrup Metro,Assam,18.0,322.0,618.0,18.0,168.4,34.9,7.1,89.54,0.442,1,78.0,4.56
NEG_0069,2007-05-23 00:00:00,,,,,,,92.96005449265336,27.507295852250824,,East Kameng,,,,,,66.3,45.3,36.3,95.83,0.429,0,884.0,33.29
2567,2010-10-08 00:00:00,complex,downpour,medium,unknown,India,Manipur,94.4703,25.6633,Manipur,Meluri,Nagaland,13.0,847.0,788.0,13.0,60.4,38.9,23.7,93.46,0.496,1,1443.0,3.31
NEG_0088,2014-09-08 00:00:00,,,,,,,88.48202668449484,27.3039058204521,,Gangtok,,,,,,72.1,39.9,8.4,89.0,0.422,0,1660.0,23.25
NEG_0095,2013-05-11 00:00:00,,,,,,,92.580004961311,24.254731700159393,,Hailakandi,,,,,,219.7,50.6,19.0,96.21,0.412,0,580.0,21.8
2423,2010-09-13 00:00:00,landslide,downpour,medium,above_road,India,Mizoram,92.71060943,23.73504471,Mizoram,Aizawl,Mizoram,15.0,283.0,261.0,15.0,41.7,9.4,5.3,93.04,0.413,1,977.0,15.03
NEG_0299,2013-06-07 00:00:00,,,,,,,94.69440220256791,26.25328879696378,,Tuensang,,,,,,66.6,31.4,12.8,92.29,0.498,0,1418.0,23.44
NEG_0014,2010-10-08 00:00:00,,,,,,,92.88194092287972,23.929336748201745,,Aizawl,,,,,,91.9,52.7,23.8,99.58,0.43,0,462.0,18.1
NEG_0267,2013-10-05 23:00:00,,,,,,,94.90960549424756,28.48518536549317,,Siang,,,,,,15.9,15.9,15.2,86.92,0.416,0,1042.0,30.93
2575,2010-10-09 00:00:00,landslide,downpour,medium,unknown,India,Assam,92.9914,25.5242,Assam,Dima Hasao,Assam,18.0,315.0,299.0,18.0,106.0,80.6,50.4,98.75,0.437,1,147.0,15.37
4570,2012-09-19 00:00:00,landslide,downpour,medium,unknown,India,Arunāchal Pradesh,95.2253,27.8458,Arunachal Pradesh,East Siang,Arunachal Pradesh,12.0,251.0,232.0,12.0,198.2,51.8,22.9,92.58,0.515,1,134.0,0.26
NEG_0078,2010-10-08 00:00:00,,,,,,,95.38977848355344,28.018584362583223,,East Siang,,,,,,20.4,18.1,0.7,79.17,0.474,0,142.0,0.26
NEG_0071,2016-06-12 00:00:00,,,,,,,91.52279411743834,25.264530643423267,,East Khasi Hills,,,,,,136.9,28.6,20.4,93.83,0.459,0,1107.0,27.67
211,2007-08-26 00:00:00,mudslide,continuous_rain,medium,unknown,India,Manipur,93.55,24.9667,Manipur,Tamenglong,Manipur,14.0,273.0,258.0,14.0,47.4,27.8,16.9,98.29,0.43,1,585.0,23.8
7371,2015-08-01 00:00:00,landslide,continuous_rain,medium,unknown,India,Manipur,94.0573,23.9939,Manipur,Chandel,Manipur,14.0,280.0,253.0,14.0,640.9,415.0,212.5,99.96,0.499,1,968.0,16.85
NEG_0006,2015-08-26 00:00:00,,,,,,,92.64451635891994,23.735613735768663,,Aizawl,,,,,,78.3,17.2,10.5,92.12,0.417,0,355.0,32.56
NEG_0245,2012-06-14 04:00:00,,,,,,,93.01401434775022,23.962346735382287,,Saitual,,,,,,40.6,4.3,1.7,81.83,0.375,0,769.0,30.78
2304,2010-08-21 18:00:00,landslide,downpour,medium,unknown,India,Nāgāland,94.1211,25.5718,Nagaland,Kohima,Nagaland,13.0,270.0,245.0,13.0,70.9,26.6,14.4,92.75,0.503,1,1649.0,21.35
NEG_0105,2016-06-22 12:00:00,,,,,,,93.12748067976376,24.75878611802888,,Jiribam,,,,,,191.5,14.6,8.6,84.75,0.416,0,44.0,9.25
NEG_0295,2010-09-13 00:00:00,,,,,,,94.02228744588282,24.66618650755223,,Thoubal,,,,,,30.8,7.6,5.0,89.79,0.497,0,783.0,0.77
NEG_0173,2008-08-19 00:00:00,,,,,,,94.16790756249992,25.846363500016206,,Kohima,,,,,,142.1,36.6,19.7,90.67,0.472,0,1448.0,15.73
NEG_0074,2014-09-22 00:00:00,,,,,,,92.04884666531528,25.583265815514885,,East Khasi Hills,,,,,,120.3,65.2,36.4,94.54,0.474,0,1127.0,33.61
NEG_0097,2015-08-27 00:00:00,,,,,,,92.51896690186648,24.714566716892843,,Hailakandi,,,,,,116.4,14.1,12.5,87.92,0.52,0,24.0,1.03
NEG_0340,2007-09-11 00:00:00,,,,,,,94.27156651835004,25.84510577620573,,Zunheboto,,,,,,198.2,44.4,8.4,88.38,0.502,0,954.0,31.66
5273,2013-08-04 00:00:00,landslide,monsoon,medium,unknown,India,Nāgāland,94.5497,26.1807,Nagaland,Zunheboto,Nagaland,13.0,263.0,251.0,13.0,68.2,20.7,3.8,90.04,0.492,1,1658.0,5.73
NEG_0197,2013-09-01 18:00:00,,,,,,,94.35912945374795,26.494381781198214,,Mokokchung,,,,,,70.3,6.3,1.3,86.42,0.484,0,218.0,3.87
NEG_0003,2014-09-24 00:00:00,,,,,,,92.86517296821184,23.934033695117968,,Aizawl,,,,,,53.4,9.0,9.0,90.46,0.416,0,659.0,12.03
NEG_0118,2012-06-14 04:00:00,,,,,,,91.84686146737852,26.209640112159445,,Kamrup Metro,,,,,,64.1,11.5,3.8,89.62,0.488,0,50.0,1.57
1987,2010-06-15 00:00:00,landslide,downpour,medium,unknown,India,Assam,93.1658,25.2269,Assam,Dima Hasao,Assam,18.0,315.0,299.0,18.0,160.2,15.4,5.7,92.96,0.514,1,396.0,2.06
4403,2012-06-10 00:00:00,landslide,downpour,very_large,unknown,India,Manipur,93.5444,24.8142,Manipur,Tamenglong,Manipur,14.0,273.0,258.0,14.0,39.2,4.6,4.1,84.71,0.391,1,562.0,24.02
1771,2010-04-20 00:00:00,landslide,downpour,medium,unknown,India,Assam,91.7665,26.1978,Assam,Kamrup Metro,Assam,18.0,322.0,618.0,18.0,132.9,55.1,24.8,95.17,0.479,1,92.0,8.24
NEG_0240,2014-09-08 00:00:00,,,,,,,93.18061399151958,24.120320504229376,,Pherzawl,,,,,,145.4,50.8,34.2,96.21,0.418,0,1299.0,28.27
9186,2016-07-25 12:30:00,landslide,continuous_rain,medium,above_road,India,Manipur,94.1383,25.48,Manipur,Senapati,Manipur,14.0,272.0,257.0,14.0,73.6,28.1,22.0,99.5,0.503,1,1721.0,7.11
9404,2016-05-01 00:00:00,landslide,downpour,medium,above_road,India,Arunachal Pradesh,96.5316,28.0822,Arunachal Pradesh,Anjaw,Arunachal Pradesh,12.0,260.0,628.0,12.0,127.5,13.9,5.2,69.62,0.423,1,543.0,24.2
4857,2013-05-11 09:00:00,landslide,rain,large,unknown,India,Mizoram,92.7175,23.7281,Mizoram,Aizawl,Mizoram,15.0,283.0,261.0,15.0,82.2,15.2,6.2,89.67,0.399,1,1080.0,26.07
NEG_0049,2008-06-15 00:00:00,,,,,,,93.3968749363575,25.42595693853939,,Dima Hasao,,,,,,73.0,6.7,4.1,87.25,0.499,0,401.0,5.97
NEG_0124,2010-04-20 00:00:00,,,,,,,92.00389067188668,26.12317155205159,,Kamrup Metro,,,,,,47.0,31.8,13.9,95.25,0.508,0,52.0,1.38
731,2008-08-19 00:00:00,mudslide,downpour,medium,unknown,India,Nāgāland,94.25,26.138,Nagaland,Wokha,Nagaland,13.0,264.0,250.0,13.0,86.8,33.8,23.8,88.92,0.501,1,1021.0,12.75
5107,2013-07-15 00:00:00,landslide,rain,medium,unknown,India,Nāgāland,94.1139,25.6269,Nagaland,Kohima,Nagaland,13.0,270.0,245.0,13.0,84.8,25.0,14.4,91.79,0.48,1,1558.0,12.45
NEG_0026,2012-06-25 18:00:00,,,,,,,93.23920438710424,24.960547966350475,,Cachar,,,,,,125.1,43.7,31.9,99.17,0.425,0,180.0,13.76
6331,2014-09-08 00:00:00,mudslide,unknown,medium,unknown,India,Nagaland,94.6279,25.9466,Nagaland,Kiphire,Nagaland,13.0,269.0,614.0,13.0,22.8,9.5,9.0,87.0,0.51,1,1376.0,30.52
7336,2015-08-19 09:00:00,landslide,continuous_rain,medium,above_road,India,Meghalaya,90.5549,25.2193,Meghalaya,South Garo Hills,Meghalaya,17.0,295.0,277.0,17.0,144.9,82.8,42.0,98.38,0.508,1,249.0,14.59
5275,2013-08-04 00:00:00,landslide,monsoon,medium,unknown,India,Nāgāland,94.6055,26.1498,Nagaland,Zunheboto,Nagaland,13.0,263.0,251.0,13.0,68.2,20.7,3.8,90.0,0.492,1,1721.0,18.58
3683,2011-07-01 00:00:00,landslide,downpour,medium,unknown,India,Nāgāland,94.1739,25.8782,Nagaland,Tseminyu,Nagaland,13.0,817.0,757.0,13.0,146.3,51.7,26.6,89.62,0.511,1,1357.0,9.22
NEG_0055,2015-08-01 00:00:00,,,,,,,93.13584351131615,25.36266242521681,,Dima Hasao,,,,,,113.5,81.6,63.5,99.54,0.508,0,232.0,7.26
1596,2010-03-27 20:00:00,mudslide,downpour,medium,unknown,India,Manipur,93.9161,24.7339,Manipur,Imphal West,Manipur,14.0,277.0,256.0,14.0,0.0,0.0,0.0,61.21,0.168,1,886.0,9.01
7778,2015-08-26 00:00:00,mudslide,continuous_rain,medium,above_road,India,Mizoram,93.0514,23.8447,Mizoram,Saitual,Mizoram,15.0,794.0,727.0,15.0,89.7,17.4,7.2,92.33,0.419,1,1053.0,27.31
1954,2010-06-07 00:00:00,landslide,rain,medium,unknown,India,Manipur,93.5039,24.7543,Manipur,Noney,Manipur,14.0,771.0,714.0,14.0,47.3,11.5,2.0,86.0,0.412,1,422.0,19.06
NEG_0093,2016-07-14 00:00:00,,,,,,,88.30856766497962,27.4074047025164,,Gyalshing,,,,,,113.7,49.2,13.2,95.62,0.428,0,1895.0,11.72
7728,2015-08-22 09:00:00,landslide,continuous_rain,medium,above_road,India,Assam,91.8806,26.1028,Assam,Kamrup Metro,Assam,18.0,322.0,618.0,18.0,289.5,106.7,21.6,94.0,0.482,1,151.0,10.56
NEG_0070,2015-08-26 00:00:00,,,,,,,91.99419590013676,25.611595006744253,,East Khasi Hills,,,,,,212.2,16.1,9.0,92.88,0.482,0,1158.0,24.43
NEG_0266,2011-07-22 00:00:00,,,,,,,94.44476384643214,28.80923011171289,,Siang,,,,,,81.8,21.5,10.2,93.12,0.429,0,4092.0,20.89
2577,2010-10-09 00:00:00,landslide,downpour,medium,unknown,India,Nāgāland,93.8673,25.5265,Nagaland,Senapati,Manipur,14.0,272.0,257.0,14.0,82.1,46.0,27.1,98.0,0.431,1,1354.0,14.34
NEG_0057,2015-07-22 00:00:00,,,,,,,92.72378931369168,25.198044501157,,Dima Hasao,,,,,,371.1,83.2,49.7,90.71,0.481,0,1196.0,9.5
NEG_0200,2013-08-04 00:00:00,,,,,,,94.5131204298741,26.22219625769654,,Mokokchung,,,,,,68.2,20.7,3.8,89.42,0.493,0,860.0,13.26
NEG_0192,2015-07-22 00:00:00,,,,,,,92.52277455830588,23.87730999569801,,Mamit,,,,,,147.0,54.6,16.4,92.62,0.424,0,90.0,9.88
3916,2011-08-13 08:00:00,mudslide,downpour,medium,unknown,India,Assam,93.8067,25.7713,Assam,Chumoukedima,Nagaland,13.0,818.0,758.0,13.0,231.5,44.0,22.7,85.71,0.457,1,235.0,5.16
NEG_0282,2007-08-28 00:00:00,,,,,,,93.81996521162029,25.28009327806397,,Tamenglong,,,,,,176.9,125.2,18.4,97.08,0.422,0,1977.0,10.11
NEG_0180,2013-08-17 23:00:00,,,,,,,93.0882396443273,28.13125357665081,,Kurung Kumey,,,,,,43.3,5.3,3.7,85.88,0.404,0,2793.0,39.55
NEG_0285,2010-09-13 00:00:00,,,,,,,93.3790368803608,24.97085370928477,,Tamenglong,,,,,,41.5,15.3,12.7,92.92,0.415,0,692.0,17.58
NEG_0187,2013-05-11 00:00:00,,,,,,,96.70742945746152,27.80577012784163,,Lohit,,,,,,56.8,13.6,9.3,91.46,0.434,0,3563.0,38.74
NEG_0041,2007-09-11 00:00:00,,,,,,,93.6359557483935,25.77037212334036,,Chumoukedima,,,,,,171.8,24.3,6.5,84.75,0.486,0,176.0,0.77
NEG_0324,2010-10-09 00:00:00,,,,,,,90.41498194457104,25.97033156716129,,West Garo Hills,,,,,,121.2,109.0,96.3,95.58,0.428,0,49.0,0.38
NEG_0164,2012-06-20 00:00:00,,,,,,,94.05259320672806,25.609757193163535,,Kohima,,,,,,128.6,23.3,13.0,91.0,0.5,0,2077.0,29.57
3532,2011-05-24 00:00:00,complex,downpour,medium,unknown,India,Assam,92.8551,25.0888,Assam,Dima Hasao,Assam,18.0,315.0,299.0,18.0,220.0,89.1,32.5,95.0,0.495,1,244.0,10.89
NEG_0096,2010-07-06 00:00:00,,,,,,,92.58150958549308,24.695346654955483,,Hailakandi,,,,,,167.0,17.4,13.1,86.0,0.481,0,26.0,1.41
NEG_0151,2015-07-31 23:00:00,,,,,,,93.24276687121852,23.73351803736364,,Khawzawl,,,,,,306.0,75.7,61.3,99.96,0.427,0,873.0,7.78
6513,2014-08-14 23:00:00,mudslide,downpour,medium,unknown,India,Tripura,91.7174,23.0137,Tripura,South Tripura,Tripura,16.0,290.0,271.0,16.0,78.1,26.6,14.3,93.25,0.492,1,21.0,4.0
9464,2016-08-05 00:00:00,landslide,downpour,medium,unknown,India,Arunachal Pradesh,91.9754,27.5754,Arunachal Pradesh,Tawang,Arunachal Pradesh,12.0,245.0,238.0,12.0,47.9,3.9,2.6,85.0,0.409,1,2379.0,19.9
NEG_0254,2015-07-31 09:00:00,,,,,,,93.82486595124615,25.546103501677525,,Senapati,,,,,,106.3,23.0,13.6,86.54,0.494,0,925.0,28.53
NEG_0028,2015-06-16 00:00:00,,,,,,,94.01540834806936,24.34633430615902,,Chandel,,,,,,81.7,22.4,11.8,88.67,0.489,0,935.0,9.52
3912,2011-08-12 00:00:00,landslide,rain,medium,unknown,India,Arunāchal Pradesh,92.2833,27.44,Arunachal Pradesh,West Kameng,Arunachal Pradesh,12.0,246.0,242.0,12.0,160.7,8.7,3.1,83.92,0.407,1,2580.0,29.78
NEG_0233,2010-08-27 16:30:00,,,,,,,93.3648299710322,27.27284032801899,,Papum Pare,,,,,,176.9,21.0,12.2,95.42,0.427,0,1862.0,15.3
1986,2010-06-15 00:00:00,landslide,downpour,medium,unknown,India,Nāgāland,94.5512,26.3335,Nagaland,Mokokchung,Nagaland,13.0,262.0,246.0,13.0,67.2,25.6,12.6,89.58,0.465,1,1356.0,7.84
NEG_0065,2015-08-19 00:00:00,,,,,,,92.22955440361577,25.21619299187468,,East Jaintia Hills,,,,,,250.9,120.4,67.7,99.79,0.52,0,260.0,11.85
NEG_0271,2015-09-14 01:30:00,,,,,,,89.94799498836657,25.37209267285104,,South West Garo Hills,,,,,,27.3,5.6,5.6,82.33,0.434,0,104.0,4.53
NEG_0013,2011-06-28 00:00:00,,,,,,,92.90923360605434,24.06770022415593,,Aizawl,,,,,,82.5,39.9,22.6,96.42,0.421,0,706.0,26.81
9232,2016-07-28 23:00:00,landslide,continuous_rain,medium,unknown,India,Mizoram,93.3783,23.5397,Mizoram,Champhai,Mizoram,15.0,284.0,262.0,15.0,59.2,26.1,16.0,90.42,0.418,1,1582.0,23.7
7665,2015-08-11 00:00:00,landslide,continuous_rain,medium,unknown,India,Manipur,93.5291,24.7016,Manipur,Noney,Manipur,14.0,771.0,714.0,14.0,94.9,20.3,11.6,96.67,0.419,1,664.0,18.25
NEG_0031,2010-07-21 08:00:00,,,,,,,94.00932267294522,24.233060213456955,,Chandel,,,,,,80.3,29.7,16.1,96.67,0.461,0,1112.0,18.65
NEG_0039,2016-06-12 23:00:00,,,,,,,96.24727533866576,27.554300585586216,,Changlang,,,,,,25.2,2.3,0.9,76.92,0.472,0,577.0,0.91
7266,2015-07-22 00:00:00,landslide,continuous_rain,medium,above_road,India,Manipur,93.8794,25.5098,Manipur,Senapati,Manipur,14.0,272.0,257.0,14.0,178.5,66.8,31.1,98.58,0.431,1,1642.0,9.93
NEG_0311,2010-07-06 00:00:00,,,,,,,94.67324123130636,25.13996258731159,,Ukhrul,,,,,,106.0,36.0,10.4,92.67,0.443,0,2116.0,37.74
NEG_0310,2011-08-05 00:00:00,,,,,,,94.30163478926912,24.920004448937352,,Ukhrul,,,,,,46.3,22.2,13.9,92.71,0.422,0,925.0,24.46
NEG_0127,2011-07-19 00:00:00,,,,,,,91.82263649985448,26.189180295043307,,Kamrup Metro,,,,,,166.7,48.5,24.8,92.0,0.492,0,158.0,22.59
NEG_0002,2008-10-29 00:00:00,,,,,,,92.89814320478648,24.295396041516685,,Aizawl,,,,,,96.7,9.6,1.3,90.21,0.408,0,154.0,13.39
NEG_0160,2016-06-12 23:00:00,,,,,,,94.2315861767838,25.705501858903467,,Kohima,,,,,,115.1,22.1,7.8,90.75,0.496,0,709.0,20.67
NEG_0336,2011-09-23 00:00:00,,,,,,,94.3711490433543,25.927427423097686,,Zunheboto,,,,,,107.8,43.4,21.3,90.04,0.446,0,585.0,4.68
NEG_0293,2015-06-19 00:00:00,,,,,,,94.21057543022096,24.557251292040263,,Tengnoupal,,,,,,106.8,19.7,10.6,92.58,0.462,0,1489.0,5.84
NEG_0242,2007-09-18 00:00:00,,,,,,,92.01514233416148,26.0102197906086,,Ri Bhoi,,,,,,82.2,18.3,0.1,83.67,0.479,0,357.0,19.52
7780,2015-08-26 00:00:00,landslide,continuous_rain,medium,above_road,India,Mizoram,92.7878,23.3572,Mizoram,Aizawl,Mizoram,15.0,283.0,261.0,15.0,106.6,14.2,5.2,91.08,0.412,1,1372.0,8.31
2743,2010-11-22 00:00:00,landslide,unknown,medium,natural_slope,India,Arunāchal Pradesh,91.85672387,27.5798729,Arunachal Pradesh,Tawang,Arunachal Pradesh,12.0,245.0,238.0,12.0,29.9,12.3,3.4,86.75,0.407,1,2758.0,26.43
5442,2013-09-02 00:00:00,landslide,downpour,large,unknown,India,Arunāchal Pradesh,93.7525,27.1614,Arunachal Pradesh,Papum Pare,Arunachal Pradesh,12.0,248.0,237.0,12.0,95.5,24.3,12.1,94.25,0.441,1,150.0,5.5
NEG_0179,2014-10-01 11:00:00,,,,,,,92.81077937533745,24.32156904060234,,Kolasib,,,,,,18.7,0.8,0.3,87.62,0.378,0,193.0,22.28
1775,2010-04-21 00:00:00,landslide,downpour,medium,unknown,India,Arunāchal Pradesh,96.1779,27.8965,Arunachal Pradesh,Lohit,Arunachal Pradesh,12.0,259.0,234.0,12.0,209.7,77.7,39.8,87.62,0.492,1,202.0,1.46
NEG_0195,2014-09-22 00:00:00,,,,,,,94.59686583223862,25.49968423041939,,Meluri,,,,,,107.7,18.4,4.6,88.58,0.416,0,1018.0,11.6
2026,2010-06-28 00:00:00,landslide,downpour,medium,unknown,India,Meghālaya,91.2698,25.4916,Meghalaya,West Khasi Hills,Meghalaya,17.0,296.0,279.0,17.0,329.8,177.9,83.6,95.46,0.496,1,1490.0,8.2
NEG_0244,2013-08-01 00:00:00,,,,,,,92.0462552087962,25.685231570719637,,Ri Bhoi,,,,,,82.1,25.4,15.4,86.46,0.463,0,893.0,7.12
NEG_0236,2010-04-21 00:00:00,,,,,,,94.02611341944127,27.364396338986182,,Papum Pare,,,,,,150.6,78.0,13.3,90.08,0.415,0,356.0,8.91
NEG_0305,2012-06-25 00:00:00,,,,,,,94.65161145231926,26.29460470273913,,Tuensang,,,,,,120.8,29.3,11.1,90.21,0.475,0,889.0,41.76
4905,2013-06-07 00:00:00,landslide,unknown,medium,unknown,India,Nāgāland,94.7031,26.0977,Nagaland,Tuensang,Nagaland,13.0,267.0,249.0,13.0,26.4,9.1,6.1,88.58,0.508,1,1682.0,10.79
NEG_0218,2016-07-01 00:00:00,,,,,,,94.95272938866472,25.934552826388924,,Noklak,,,,,,214.5,26.6,13.4,93.21,0.444,0,1075.0,19.0
6945,2015-06-19 00:00:00,landslide,monsoon,medium,above_road,India,Manipur,93.686,25.16,Manipur,Tamenglong,Manipur,14.0,273.0,258.0,14.0,69.4,10.7,5.5,88.21,0.406,1,1089.0,36.22
NEG_0115,2008-06-09 00:00:00,,,,,,,92.15200518404406,26.16088150079669,,Kamrup Metro,,,,,,142.4,42.5,22.8,89.25,0.441,0,58.0,2.76
NEG_0208,2014-09-22 00:00:00,,,,,,,94.84214781769994,26.62612707019448,,Mon,,,,,,142.3,81.8,64.9,92.62,0.495,0,477.0,8.26
NEG_0259,2010-09-16 03:00:00,,,,,,,93.90198408147496,25.5153036451658,,Senapati,,,,,,134.9,63.1,19.5,95.92,0.427,0,1685.0,27.06
1222,2009-10-05 00:00:00,landslide,downpour,medium,urban,India,Mizoram,92.72124394,23.73478778,Mizoram,Aizawl,Mizoram,15.0,283.0,261.0,15.0,71.5,58.9,17.3,97.92,0.43,1,972.0,19.52
NEG_0047,2015-09-01 00:00:00,,,,,,,96.03507357401928,28.92228451840578,,Dibang Valley,,,,,,133.3,48.1,19.6,93.08,0.428,0,3862.0,32.83
NEG_0052,2010-06-15 00:00:00,,,,,,,92.75529862208836,25.480224722949483,,Dima Hasao,,,,,,80.7,16.8,3.8,86.96,0.507,0,445.0,10.08
NEG_0237,2013-08-17 23:00:00,,,,,,,93.86610172187464,27.42003691208151,,Papum Pare,,,,,,80.8,22.9,15.9,93.17,0.428,0,1532.0,29.58
4859,2013-05-11 00:00:00,landslide,rain,medium,unknown,India,Assam,91.7599,26.1771,Assam,Kamrup Metro,Assam,18.0,322.0,618.0,18.0,64.4,29.9,19.4,86.54,0.467,1,66.0,8.39
5084,2013-07-12 23:00:00,landslide,downpour,medium,unknown,India,Nāgāland,94.1167,25.616,Nagaland,Kohima,Nagaland,13.0,270.0,245.0,13.0,73.0,16.7,14.6,90.42,0.462,1,1603.0,22.32
NEG_0270,2012-06-10 00:00:00,,,,,,,91.57951010637716,23.235631069572875,,South Tripura,,,,,,21.7,17.6,9.4,87.88,0.485,0,32.0,4.2
NEG_0201,2015-06-19 00:00:00,,,,,,,94.6925974707619,26.602587893351245,,Mokokchung,,,,,,202.0,43.6,25.9,88.38,0.518,0,384.0,32.82
7253,2015-07-22 00:00:00,landslide,continuous_rain,medium,urban,India,Assam,92.9974,24.7979,Assam,Cachar,Assam,18.0,316.0,282.0,18.0,349.8,103.1,48.3,87.62,0.501,1,24.0,0.38
NEG_0228,2016-05-18 08:00:00,,,,,,,88.66874542300174,27.18542503256585,,Pakyong,,,,,,118.9,47.8,24.4,89.0,0.415,0,1499.0,10.64
NEG_0061,2015-07-24 00:00:00,,,,,,,92.36035908127305,25.322727732184266,,East Jaintia Hills,,,,,,296.8,87.6,48.3,97.21,0.47,0,1093.0,4.21
NEG_0157,2009-09-17 00:00:00,,,,,,,94.15429256099112,25.865024929738585,,Kohima,,,,,,44.5,17.4,3.4,89.17,0.476,0,1230.0,9.29
4906,2013-06-07 00:00:00,landslide,unknown,medium,unknown,India,Nāgāland,94.7499,26.0977,Nagaland,Tuensang,Nagaland,13.0,267.0,249.0,13.0,26.4,9.1,6.1,88.67,0.508,1,1538.0,12.72
141,2007-07-26 00:00:00,landslide,rain,medium,unknown,India,Meghālaya,91.88,25.38,Meghalaya,East Khasi Hills,Meghalaya,17.0,298.0,274.0,17.0,350.9,131.4,85.5,97.96,0.492,1,1283.0,29.49
760,2008-08-29 00:00:00,complex,downpour,medium,unknown,India,Nāgāland,94.1066,25.67,Nagaland,Kohima,Nagaland,13.0,270.0,245.0,13.0,189.3,15.3,7.8,89.75,0.519,1,1408.0,21.13
5269,2013-08-04 00:00:00,landslide,continuous_rain,medium,unknown,India,Nāgāland,94.5234,25.8376,Nagaland,Zunheboto,Nagaland,13.0,263.0,251.0,13.0,23.4,10.8,1.2,86.54,0.474,1,801.0,11.15
9168,2016-06-12 23:00:00,landslide,downpour,medium,above_road,India,Arunachal Pradesh,93.871,27.6438,Arunachal Pradesh,Lower Subansiri,Arunachal Pradesh,12.0,255.0,236.0,12.0,146.0,26.3,12.7,89.83,0.424,1,1682.0,24.79
NEG_0261,2012-07-05 00:00:00,,,,,,,94.21843991469564,25.37429208035684,,Senapati,,,,,,55.3,24.7,12.6,97.42,0.47,0,1594.0,16.59
1934,2010-06-03 05:00:00,landslide,downpour,medium,unknown,India,Assam,92.3814,24.6005,Assam,Sribhumi,Assam,18.0,317.0,293.0,18.0,170.1,16.8,7.7,89.67,0.457,1,70.0,8.66
NEG_0144,2013-08-16 00:00:00,,,,,,,91.94542539807858,26.167446576481968,,Kamrup Metro,,,,,,118.0,30.4,14.7,88.42,0.491,0,177.0,2.68
NEG_0033,2013-06-01 00:00:00,,,,,,,93.9627523904574,24.174407016038685,,Chandel,,,,,,53.0,17.1,1.1,83.08,0.475,0,1138.0,26.67
4446,2012-07-05 00:00:00,landslide,downpour,large,unknown,India,Arunachal Pradesh,94.8885,28.9986,Arunachal Pradesh,Upper Siang,Arunachal Pradesh,12.0,252.0,240.0,12.0,163.7,87.4,37.3,94.46,0.429,1,604.0,2.18
NEG_0073,2010-08-17 00:00:00,,,,,,,91.9831471304047,25.3567265150561,,East Khasi Hills,,,,,,135.5,58.2,32.0,97.54,0.419,0,726.0,23.57
NEG_0046,2013-07-15 00:00:00,,,,,,,96.14807407234514,28.856152125323327,,Dibang Valley,,,,,,102.2,29.8,19.3,95.54,0.427,0,3809.0,3.56
NEG_0247,2013-06-01 00:00:00,,,,,,,94.31775015797096,25.295420030430797,,Senapati,,,,,,45.5,14.4,2.8,81.71,0.482,0,1165.0,17.22
NEG_0153,2016-07-11 23:00:00,,,,,,,94.84653505041162,25.922178858413027,,Kiphire,,,,,,44.3,5.1,3.0,87.58,0.48,0,766.0,32.37
9251,2016-07-28 23:00:00,landslide,downpour,medium,retaining_wall,India,Nagaland,94.7844,25.8702,Nagaland,Kiphire,Nagaland,13.0,269.0,614.0,13.0,132.3,10.3,3.8,89.88,0.484,1,1129.0,10.13
4377,2012-06-02 00:00:00,landslide,downpour,large,unknown,India,Assam,91.7356,26.1475,Assam,Kamrup Metro,Assam,18.0,322.0,618.0,18.0,77.2,41.6,12.2,89.46,0.476,1,52.0,0.29
NEG_0126,2014-09-23 00:00:00,,,,,,,91.78788138076416,26.139819790955055,,Kamrup Metro,,,,,,178.3,83.5,55.8,96.79,0.503,0,56.0,0.26
1935,2010-06-03 00:00:00,landslide,downpour,medium,unknown,India,Tripura,91.7599,23.8986,Tripura,Khowai,Tripura,16.0,708.0,652.0,16.0,130.0,8.0,4.3,82.54,0.41,1,212.0,13.94
NEG_0327,2015-02-19 23:00:00,,,,,,,92.12567098734448,27.092060394055476,,West Kameng,,,,,,15.3,2.4,1.9,87.21,0.401,0,1558.0,20.62
NEG_0175,2010-10-09 00:00:00,,,,,,,94.19750744735704,25.62603325483321,,Kohima,,,,,,83.1,51.8,27.0,93.67,0.448,0,1005.0,28.28
7264,2015-07-22 00:00:00,landslide,continuous_rain,medium,above_road,India,Manipur,93.9827,25.4538,Manipur,Senapati,Manipur,14.0,272.0,257.0,14.0,178.5,66.8,31.1,98.12,0.444,1,1779.0,20.33
5343,2013-08-17 23:00:00,landslide,continuous_rain,medium,unknown,India,Assam,93.4341,24.7625,Assam,Noney,Manipur,14.0,771.0,714.0,14.0,82.4,23.1,7.9,94.75,0.415,1,681.0,4.94
1127,2009-08-27 00:00:00,landslide,downpour,medium,unknown,India,Assam,93.123,25.1718,Assam,Dima Hasao,Assam,18.0,315.0,299.0,18.0,115.8,13.2,9.1,88.58,0.474,1,693.0,12.89
6015,2014-05-08 00:00:00,mudslide,rain,medium,above_road,India,Arunachal Pradesh,96.174,27.9032,Arunachal Pradesh,Lohit,Arunachal Pradesh,12.0,259.0,234.0,12.0,37.7,28.7,27.8,82.38,0.503,1,197.0,0.26
NEG_0147,2013-10-13 19:30:00,,,,,,,93.69866112660544,24.73582379138734,,Kangpokpi,,,,,,36.2,0.0,0.0,81.29,0.381,0,1352.0,17.97
NEG_0034,2007-07-30 00:00:00,,,,,,,94.10299341745528,23.87174603199583,,Chandel,,,,,,82.9,20.6,8.1,89.17,0.492,0,277.0,7.76
5429,2013-09-01 18:00:00,landslide,downpour,medium,unknown,India,Sikkim,88.2426,27.3425,Sikkim,Gyalshing,Sikkim,11.0,242.0,228.0,11.0,109.2,18.7,10.9,95.0,0.43,1,1382.0,35.84
585,2008-06-14 00:00:00,landslide,rain,large,unknown,India,Arunāchal Pradesh,93.6287,27.0998,Arunachal Pradesh,Papum Pare,Arunachal Pradesh,12.0,248.0,237.0,12.0,85.2,25.8,15.9,90.25,0.512,1,402.0,4.85
9169,2016-06-12 00:00:00,landslide,continuous_rain,unknown,above_road,India,Nagaland,94.2442,26.1677,Nagaland,Wokha,Nagaland,13.0,264.0,250.0,13.0,103.7,63.5,8.3,84.88,0.473,1,754.0,19.15
7267,2015-07-22 00:00:00,landslide,continuous_rain,small,above_road,India,Manipur,94.0926,25.3908,Manipur,Senapati,Manipur,14.0,272.0,257.0,14.0,178.5,66.8,31.1,96.71,0.481,1,1314.0,4.35
3927,2011-08-16 08:00:00,landslide,downpour,medium,unknown,India,Meghālaya,90.2167,25.5144,Meghalaya,West Garo Hills,Meghalaya,17.0,293.0,278.0,17.0,151.1,21.4,10.5,90.58,0.462,1,327.0,9.29
7388,2015-08-01 00:00:00,landslide,continuous_rain,medium,unknown,India,Manipur,94.0984,24.416,Manipur,Chandel,Manipur,14.0,280.0,253.0,14.0,382.3,219.5,132.7,99.92,0.457,1,1347.0,23.75
NEG_0116,2011-05-24 00:00:00,,,,,,,91.99603553467124,26.109549859718985,,Kamrup Metro,,,,,,105.2,12.9,0.4,89.83,0.473,0,99.0,4.93
NEG_0110,2010-10-09 00:00:00,,,,,,,91.43616450927912,25.9048463815347,,Kamrup,,,,,,228.9,184.8,153.7,94.92,0.487,0,66.0,3.86
NEG_0344,2010-08-14 00:00:00,,,,,,,94.4746915357764,26.16417985045842,,Zunheboto,,,,,,50.9,28.2,16.2,92.54,0.496,0,1032.0,22.55
7956,2015-09-05 00:00:00,landslide,unknown,medium,above_road,India,Meghalaya,91.8695,26.048,Meghalaya,Ri Bhoi,Meghalaya,17.0,297.0,276.0,17.0,502.8,96.7,42.4,92.62,0.487,1,85.0,8.36
2182,2010-07-31 09:00:00,landslide,rain,medium,unknown,India,Manipur,93.8443,24.9356,Manipur,Imphal West,Manipur,14.0,277.0,256.0,14.0,78.0,42.2,3.7,90.21,0.47,1,850.0,1.99
3637,2011-06-21 00:00:00,landslide,rain,medium,deforested_slope,India,Nāgāland,94.2341227,25.51614662,Nagaland,Phek,Nagaland,13.0,266.0,248.0,13.0,118.2,35.7,20.8,90.17,0.472,1,1623.0,20.98
NEG_0210,2015-08-19 00:00:00,,,,,,,94.82522413638031,26.65290465165599,,Mon,,,,,,77.2,51.2,47.5,90.12,0.46,0,940.0,9.97
NEG_0056,2015-08-02 00:00:00,,,,,,,93.0572088594076,25.056227491174266,,Dima Hasao,,,,,,112.2,77.2,7.5,93.29,0.447,0,993.0,11.22
NEG_0131,2016-06-12 23:00:00,,,,,,,91.88947906759876,26.068186617606557,,Kamrup Metro,,,,,,81.3,24.8,6.3,83.17,0.504,0,108.0,9.14
8900,2016-07-07 00:00:00,landslide,monsoon,large,above_road,India,Manipur,94.3136,25.0118,Manipur,Ukhrul,Manipur,14.0,279.0,260.0,14.0,160.1,22.1,5.3,88.0,0.421,1,1372.0,10.72
NEG_0220,2012-06-14 04:00:00,,,,,,,93.42428754904434,24.62202659659333,,Noney,,,,,,36.2,10.1,5.6,90.25,0.416,0,547.0,15.59
NEG_0044,2015-09-06 15:00:00,,,,,,,95.53569517004132,28.75407748624682,,Dibang Valley,,,,,,194.8,21.3,14.5,94.29,0.427,0,2321.0,31.46
5122,2013-07-17 00:00:00,mudslide,rain,medium,unknown,India,Nāgāland,93.9413,25.7658,Nagaland,Chumoukedima,Nagaland,13.0,818.0,758.0,13.0,151.9,87.8,75.8,89.17,0.441,1,796.0,33.49
NEG_0300,2014-09-23 03:00:00,,,,,,,94.81376534747264,26.02117819078533,,Tuensang,,,,,,82.5,20.7,7.1,89.75,0.5,0,1009.0,26.1
NEG_0216,2016-04-19 00:00:00,,,,,,,88.48197395907106,27.12868145550283,,Namchi,,,,,,9.1,7.5,5.1,87.04,0.372,0,457.0,26.41
2249,2010-08-14 00:00:00,landslide,downpour,medium,unknown,India,Nāgāland,94.803,26.0814,Nagaland,Tuensang,Nagaland,13.0,267.0,249.0,13.0,53.5,20.7,12.4,89.96,0.51,1,953.0,27.95
7590,2015-08-19 00:00:00,landslide,rain,small,unknown,India,Meghalaya,92.3807,25.1416,Meghalaya,East Jaintia Hills,Meghalaya,17.0,714.0,657.0,17.0,185.5,92.7,56.7,98.0,0.47,1,172.0,19.06
148,2007-07-30 00:00:00,landslide,downpour,medium,unknown,India,Mizoram,92.967,22.479,Mizoram,Siaha,Mizoram,15.0,288.0,267.0,15.0,57.2,3.5,1.3,87.21,0.4,1,472.0,28.41
NEG_0163,2016-07-10 00:00:00,,,,,,,94.1305257846819,25.615649462373653,,Kohima,,,,,,91.3,3.4,2.5,85.58,0.447,0,1411.0,18.97
NEG_0082,2016-07-20 00:00:00,,,,,,,88.88140902690192,27.33036593243181,,Gangtok,,,,,,171.2,33.1,20.7,99.08,0.429,0,4163.0,13.62
NEG_0109,2010-03-27 20:00:00,,,,,,,91.680339263934,26.241441655136494,,Kamrup,,,,,,3.2,3.2,2.2,70.67,0.279,0,47.0,0.0
NEG_0021,2010-08-15 23:00:00,,,,,,,92.86458745508028,27.19029382582536,,Bichom,,,,,,143.7,81.0,39.7,96.42,0.425,0,497.0,39.56
285,2007-09-29 00:00:00,landslide,rain,medium,unknown,India,Mizoram,92.6921,24.1293,Mizoram,Kolasib,Mizoram,15.0,282.0,263.0,15.0,27.3,16.1,5.5,90.04,0.397,1,825.0,12.72
9122,2016-07-20 00:00:00,landslide,rain,medium,unknown,India,Assam,91.802,26.1966,Assam,Kamrup Metro,Assam,18.0,322.0,618.0,18.0,144.3,29.3,13.0,92.62,0.476,1,107.0,10.53
NEG_0219,2013-05-11 00:00:00,,,,,,,93.46855169802272,24.757034331065014,,Noney,,,,,,479.4,142.5,89.5,98.79,0.429,0,683.0,33.68
130,2007-07-19 00:00:00,landslide,rain,medium,unknown,India,Assam,91.7986,26.1699,Assam,Kamrup Metro,Assam,18.0,322.0,618.0,18.0,158.8,26.2,10.1,89.88,0.483,1,151.0,6.92
1857,2010-05-11 09:00:00,landslide,downpour,medium,unknown,India,Meghālaya,92.2897,25.3433,Meghalaya,East Jaintia Hills,Meghalaya,17.0,714.0,657.0,17.0,134.2,114.8,73.4,95.38,0.506,1,1204.0,2.52
9405,2016-04-19 00:00:00,landslide,continuous_rain,medium,unknown,India,Nagaland,95.0243,26.7223,Nagaland,Mon,Nagaland,13.0,261.0,247.0,13.0,83.0,25.7,22.9,92.42,0.484,1,692.0,10.96
3831,2011-07-22 00:00:00,landslide,downpour,medium,unknown,India,Manipur,93.948,24.7992,Manipur,Imphal East,Manipur,14.0,278.0,255.0,14.0,123.1,35.4,11.5,93.33,0.488,1,779.0,0.57
NEG_0255,2014-05-08 00:00:00,,,,,,,94.07825706655372,25.345596246556433,,Senapati,,,,,,50.5,11.4,7.3,88.58,0.486,0,1342.0,4.36
NEG_0042,2012-09-19 00:00:00,,,,,,,93.7518334026932,25.708986051406455,,Chumoukedima,,,,,,91.0,15.7,2.2,84.62,0.473,0,301.0,11.75
1929,2010-05-31 23:00:00,landslide,downpour,medium,unknown,India,Sikkim,88.6428,27.3543,Sikkim,Gangtok,Sikkim,11.0,244.0,225.0,11.0,127.2,12.3,5.1,85.83,0.402,1,2126.0,18.04
2570,2010-10-08 00:00:00,landslide,downpour,medium,unknown,India,Manipur,93.9128,24.837,Manipur,Imphal West,Manipur,14.0,277.0,256.0,14.0,48.3,41.1,22.5,95.83,0.511,1,813.0,9.89
NEG_0341,2013-05-11 09:00:00,,,,,,,94.3919013363764,26.05371251150698,,Zunheboto,,,,,,132.6,33.2,21.6,91.12,0.496,0,475.0,18.33
NEG_0301,2012-06-25 18:00:00,,,,,,,94.58516053865246,26.231963619454515,,Tuensang,,,,,,198.7,30.9,12.9,90.83,0.433,0,811.0,21.34
NEG_0139,2013-02-18 00:00:00,,,,,,,91.93593285900646,26.187681256080445,,Kamrup Metro,,,,,,13.6,13.6,11.1,92.04,0.415,0,438.0,17.24
NEG_0330,2015-06-16 00:00:00,,,,,,,91.27974255288922,25.619806363418828,,West Khasi Hills,,,,,,325.1,29.9,13.9,93.38,0.484,0,1341.0,2.68
NEG_0159,2011-06-21 00:00:00,,,,,,,94.10772376627948,25.70261766309623,,Kohima,,,,,,157.3,27.5,10.2,87.33,0.497,0,1328.0,11.1
4860,2013-05-11 00:00:00,landslide,rain,medium,unknown,India,Assam,91.6906,26.1016,Assam,Kamrup Metro,Assam,18.0,322.0,618.0,18.0,46.7,10.2,7.4,86.0,0.442,1,109.0,25.5
NEG_0221,2015-08-28 01:45:00,,,,,,,93.23131392545878,24.67194651490026,,Noney,,,,,,148.5,44.8,24.5,93.08,0.417,0,442.0,12.15
NEG_0217,2016-07-07 00:00:00,,,,,,,88.31140973535814,27.24024160898626,,Namchi,,,,,,260.4,70.4,26.6,96.96,0.419,0,1271.0,21.11
2243,2010-08-13 00:00:00,landslide,downpour,medium,mine,India,Nāgāland,94.04619681,25.70223725,Nagaland,Kohima,Nagaland,13.0,270.0,245.0,13.0,87.6,44.6,21.9,88.71,0.464,1,1016.0,12.2
NEG_0130,2014-09-23 03:00:00,,,,,,,92.07314676923954,26.07381678527916,,Kamrup Metro,,,,,,200.2,70.8,33.9,97.08,0.463,0,467.0,4.02
NEG_0165,2016-05-18 08:00:00,,,,,,,94.07333214352226,25.566461099364933,,Kohima,,,,,,89.2,10.1,8.1,85.38,0.493,0,2733.0,18.77
4424,2012-06-20 00:00:00,landslide,downpour,medium,unknown,India,Assam,91.7351,26.149,Assam,Kamrup Metro,Assam,18.0,322.0,618.0,18.0,109.2,44.3,30.8,87.67,0.443,1,52.0,0.39
NEG_0129,2014-10-01 11:00:00,,,,,,,92.02858529313,26.150931246635928,,Kamrup Metro,,,,,,29.1,5.5,0.5,83.08,0.475,0,179.0,9.06
NEG_0215,2010-06-03 00:00:00,,,,,,,88.31470603442803,27.13770049148456,,Namchi,,,,,,74.4,33.6,21.1,90.21,0.42,0,896.0,28.94
5421,2013-08-30 00:00:00,mudslide,unknown,medium,unknown,India,Nāgāland,94.9731,26.4205,Nagaland,Mon,Nagaland,13.0,261.0,247.0,13.0,110.3,20.3,5.3,82.96,0.446,1,690.0,16.78
78,2007-05-23 00:00:00,landslide,rain,medium,unknown,India,Sikkim,88.6069,27.3383,Sikkim,Gangtok,Sikkim,11.0,244.0,225.0,11.0,73.3,18.6,11.3,90.58,0.436,1,1517.0,15.12
4861,2013-05-12 00:00:00,mudslide,rain,medium,unknown,India,Assam,93.4946,24.9926,Assam,Tamenglong,Manipur,14.0,273.0,258.0,14.0,562.3,161.7,70.0,98.79,0.429,1,1131.0,6.24
NEG_0114,2011-07-06 00:00:00,,,,,,,91.8192860597564,26.12358816676286,,Kamrup Metro,,,,,,237.5,106.6,45.8,91.17,0.446,0,66.0,0.77
7933,2015-09-01 00:00:00,rock_fall,rain,medium,unknown,India,Assam,91.6739,26.1868,Assam,Kamrup,Assam,18.0,321.0,291.0,18.0,216.0,96.7,86.9,96.58,0.449,1,50.0,1.46
9219,2016-07-26 23:00:00,landslide,downpour,medium,retaining_wall,India,Nagaland,94.5282,26.0101,Nagaland,Zunheboto,Nagaland,13.0,263.0,251.0,13.0,122.5,78.9,31.8,93.25,0.436,1,1701.0,11.64
6107,2014-06-26 23:00:00,landslide,continuous_rain,small,unknown,India,Assam,91.7896,26.1844,Assam,Kamrup Metro,Assam,18.0,322.0,618.0,18.0,222.3,8.8,3.7,87.46,0.483,1,64.0,0.59
NEG_0040,2007-09-08 00:00:00,,,,,,,93.58907354508575,25.73854121875132,,Chumoukedima,,,,,,136.1,74.7,21.4,94.21,0.47,0,184.0,4.24
NEG_0068,2015-08-01 00:00:00,,,,,,,92.95365859245676,27.842455469418333,,East Kameng,,,,,,38.6,22.1,16.3,88.83,0.43,0,3247.0,45.39
NEG_0146,2013-08-16 00:00:00,,,,,,,91.65249274497542,26.065958910977045,,Kamrup Metro,,,,,,120.6,16.9,9.5,87.04,0.472,0,136.0,5.17
6289,2014-09-22 00:00:00,landslide,rain,small,unknown,India,Assam,91.6849,26.1001,Assam,Kamrup Metro,Assam,18.0,322.0,618.0,18.0,141.0,103.7,29.6,92.62,0.472,1,84.0,21.84
4384,2012-06-03 00:00:00,landslide,downpour,medium,unknown,India,Assam,93.0123,25.1775,Assam,Dima Hasao,Assam,18.0,315.0,299.0,18.0,148.7,92.4,9.0,92.88,0.499,1,646.0,11.06
NEG_0316,2011-07-01 00:00:00,,,,,,,94.66251718844362,29.310451646840946,,Upper Siang,,,,,,123.8,92.7,53.2,97.25,0.429,0,4299.0,31.38
7276,2015-07-25 09:00:00,landslide,continuous_rain,medium,natural_slope,India,Assam,91.8717,26.1062,Assam,Kamrup Metro,Assam,18.0,322.0,618.0,18.0,316.5,92.7,19.0,92.25,0.48,1,247.0,15.09
NEG_0318,2013-05-11 00:00:00,,,,,,,90.03551715327053,25.26745799219892,,West Garo Hills,,,,,,124.3,33.7,26.8,87.38,0.413,0,70.0,2.28
6286,2014-09-22 00:00:00,landslide,rain,small,unknown,India,Assam,91.7082,26.1044,Assam,Kamrup Metro,Assam,18.0,322.0,618.0,18.0,141.0,103.7,29.6,92.62,0.472,1,55.0,0.77
NEG_0027,2010-08-19 00:00:00,,,,,,,93.32273094457986,23.135098120595668,,Champhai,,,,,,80.4,4.0,1.1,90.79,0.404,0,1310.0,10.41
1996,2010-06-17 19:30:00,landslide,downpour,medium,unknown,India,Nāgāland,94.8833,26.4333,Nagaland,Longleng,Nagaland,13.0,268.0,615.0,13.0,103.2,23.2,9.2,85.96,0.492,1,535.0,25.99
NEG_0113,2011-08-13 08:00:00,,,,,,,92.04238526363048,26.08689512801726,,Kamrup Metro,,,,,,152.4,21.4,14.5,83.0,0.52,0,189.0,20.26
6786,2015-02-19 23:00:00,landslide,mining,medium,mine,India,Assam,92.562,24.6108,Assam,Hailakandi,Assam,18.0,318.0,289.0,18.0,1.9,0.0,0.0,63.25,0.129,1,27.0,0.38
9334,2016-05-18 08:00:00,landslide,continuous_rain,unknown,unknown,India,Assam,92.7264,24.5204,Assam,Hailakandi,Assam,18.0,318.0,289.0,18.0,81.8,28.5,23.0,85.88,0.423,1,40.0,0.51
NEG_0121,2007-07-27 00:00:00,,,,,,,92.051736228047,26.0851333105531,,Kamrup Metro,,,,,,308.2,118.8,60.9,96.21,0.505,0,156.0,10.44
8684,2016-07-07 00:00:00,landslide,continuous_rain,medium,retaining_wall,India,Assam,91.3681,25.9611,Assam,Kamrup,Assam,18.0,321.0,291.0,18.0,390.3,144.7,73.2,92.25,0.473,1,187.0,5.76
NEG_0269,2016-07-28 23:00:00,,,,,,,90.4873022703662,25.437383383104823,,South Garo Hills,,,,,,91.4,7.3,2.3,87.29,0.479,0,579.0,10.69
2424,2010-09-13 00:00:00,landslide,downpour,medium,unknown,India,Mizoram,92.9296,23.591,Mizoram,Aizawl,Mizoram,15.0,283.0,261.0,15.0,61.5,18.8,6.5,93.83,0.421,1,801.0,14.11
258,2007-09-11 00:00:00,landslide,rain,medium,unknown,India,Manipur,94.0564,24.4279,Manipur,Chandel,Manipur,14.0,280.0,253.0,14.0,130.6,4.9,1.9,90.0,0.434,1,885.0,12.71
4757,2013-02-18 00:00:00,landslide,rain,medium,unknown,India,Arunāchal Pradesh,95.1645,28.1193,Arunachal Pradesh,Siang,Arunachal Pradesh,12.0,764.0,679.0,12.0,11.3,11.3,11.2,82.04,0.398,1,823.0,34.03
2425,2010-09-13 00:00:00,landslide,downpour,medium,unknown,India,Mizoram,93.0748,23.3439,Mizoram,Khawzawl,Mizoram,15.0,795.0,728.0,15.0,45.0,19.7,7.4,93.83,0.429,1,1376.0,26.89
NEG_0090,2010-09-16 00:00:00,,,,,,,88.71653953147418,27.35374667391867,,Gangtok,,,,,,146.9,42.4,17.1,92.38,0.432,0,2981.0,19.75
3881,2011-08-05 00:00:00,landslide,downpour,medium,unknown,India,Arunāchal Pradesh,93.6885,27.1034,Arunachal Pradesh,Papum Pare,Arunachal Pradesh,12.0,248.0,237.0,12.0,57.7,39.7,23.8,94.29,0.43,1,147.0,2.59
