{
"type": "FeatureCollection",
"name": "ner_district_6_points",
"crs": { "type": "name", "properties": { "name": "urn:ogc:def:crs:OGC:1.3:CRS84" } },
"features": [
{ "type": "Feature", "properties": { "district_id": 252, "district_name": "Bishnupur", "state_name": "Manipur", "point_number": 1, "latitude": 24.522837114094756, "longitude": 93.792222252378195 }, "geometry": { "type": "Point", "coordinates": [ 93.792222252378195, 24.522837114094756 ] } },
{ "type": "Feature", "properties": { "district_id": 252, "district_name": "Bishnupur", "state_name": "Manipur", "point_number": 2, "latitude": 24.723580092813386, "longitude": 93.857586724878288 }, "geometry": { "type": "Point", "coordinates": [ 93.857586724878288, 24.723580092813386 ] } },
{ "type": "Feature", "properties": { "district_id": 252, "district_name": "Bishnupur", "state_name": "Manipur", "point_number": 3, "latitude": 24.336082313293833, "longitude": 93.855020219519702 }, "geometry": { "type": "Point", "coordinates": [ 93.855020219519702, 24.336082313293833 ] } },
{ "type": "Feature", "properties": { "district_id": 252, "district_name": "Bishnupur", "state_name": "Manipur", "point_number": 4, "latitude": 24.410911879956323, "longitude": 93.734038692234193 }, "geometry": { "type": "Point", "coordinates": [ 93.734038692234193, 24.410911879956323 ] } },
{ "type": "Feature", "properties": { "district_id": 252, "district_name": "Bishnupur", "state_name": "Manipur", "point_number": 5, "latitude": 24.636530398374809, "longitude": 93.762176324827195 }, "geometry": { "type": "Point", "coordinates": [ 93.762176324827195, 24.636530398374809 ] } },
{ "type": "Feature", "properties": { "district_id": 252, "district_name": "Bishnupur", "state_name": "Manipur", "point_number": 6, "latitude": 24.442195997161967, "longitude": 93.852975870783112 }, "geometry": { "type": "Point", "coordinates": [ 93.852975870783112, 24.442195997161967 ] } },
{ "type": "Feature", "properties": { "district_id": 253, "district_name": "Chandel", "state_name": "Manipur", "point_number": 1, "latitude": 24.161820929902849, "longitude": 93.971628508489758 }, "geometry": { "type": "Point", "coordinates": [ 93.971628508489758, 24.161820929902849 ] } },
{ "type": "Feature", "properties": { "district_id": 253, "district_name": "Chandel", "state_name": "Manipur", "point_number": 2, "latitude": 23.852030173314404, "longitude": 94.105677555042789 }, "geometry": { "type": "Point", "coordinates": [ 94.105677555042789, 23.852030173314404 ] } },
{ "type": "Feature", "properties": { "district_id": 253, "district_name": "Chandel", "state_name": "Manipur", "point_number": 3, "latitude": 24.425834251174646, "longitude": 94.101530981361705 }, "geometry": { "type": "Point", "coordinates": [ 94.101530981361705, 24.425834251174646 ] } },
{ "type": "Feature", "properties": { "district_id": 253, "district_name": "Chandel", "state_name": "Manipur", "point_number": 4, "latitude": 23.947883729184699, "longitude": 93.81403807623424 }, "geometry": { "type": "Point", "coordinates": [ 93.81403807623424, 23.947883729184699 ] } },
{ "type": "Feature", "properties": { "district_id": 253, "district_name": "Chandel", "state_name": "Manipur", "point_number": 5, "latitude": 24.055018837839011, "longitude": 94.203700041897065 }, "geometry": { "type": "Point", "coordinates": [ 94.203700041897065, 24.055018837839011 ] } },
{ "type": "Feature", "properties": { "district_id": 253, "district_name": "Chandel", "state_name": "Manipur", "point_number": 6, "latitude": 24.23862319658906, "longitude": 94.170273489292896 }, "geometry": { "type": "Point", "coordinates": [ 94.170273489292896, 24.23862319658906 ] } },
{ "type": "Feature", "properties": { "district_id": 254, "district_name": "Churachandpur", "state_name": "Manipur", "point_number": 1, "latitude": 24.274613942892962, "longitude": 93.670018026741005 }, "geometry": { "type": "Point", "coordinates": [ 93.670018026741005, 24.274613942892962 ] } },
{ "type": "Feature", "properties": { "district_id": 254, "district_name": "Churachandpur", "state_name": "Manipur", "point_number": 2, "latitude": 23.945634678342476, "longitude": 93.503137953819319 }, "geometry": { "type": "Point", "coordinates": [ 93.503137953819319, 23.945634678342476 ] } },
{ "type": "Feature", "properties": { "district_id": 254, "district_name": "Churachandpur", "state_name": "Manipur", "point_number": 3, "latitude": 24.549268518403938, "longitude": 93.40918492462815 }, "geometry": { "type": "Point", "coordinates": [ 93.40918492462815, 24.549268518403938 ] } },
{ "type": "Feature", "properties": { "district_id": 254, "district_name": "Churachandpur", "state_name": "Manipur", "point_number": 4, "latitude": 24.600627378507795, "longitude": 93.713071581074828 }, "geometry": { "type": "Point", "coordinates": [ 93.713071581074828, 24.600627378507795 ] } },
{ "type": "Feature", "properties": { "district_id": 254, "district_name": "Churachandpur", "state_name": "Manipur", "point_number": 5, "latitude": 24.172285984039803, "longitude": 93.417528176235209 }, "geometry": { "type": "Point", "coordinates": [ 93.417528176235209, 24.172285984039803 ] } },
{ "type": "Feature", "properties": { "district_id": 254, "district_name": "Churachandpur", "state_name": "Manipur", "point_number": 6, "latitude": 24.027433835181849, "longitude": 93.735976421196952 }, "geometry": { "type": "Point", "coordinates": [ 93.735976421196952, 24.027433835181849 ] } },
{ "type": "Feature", "properties": { "district_id": 269, "district_name": "Dhalai", "state_name": "Tripura", "point_number": 1, "latitude": 23.822935567842311, "longitude": 91.970013990869859 }, "geometry": { "type": "Point", "coordinates": [ 91.970013990869859, 23.822935567842311 ] } },
{ "type": "Feature", "properties": { "district_id": 269, "district_name": "Dhalai", "state_name": "Tripura", "point_number": 2, "latitude": 24.214020697006998, "longitude": 91.782213200566318 }, "geometry": { "type": "Point", "coordinates": [ 91.782213200566318, 24.214020697006998 ] } },
{ "type": "Feature", "properties": { "district_id": 269, "district_name": "Dhalai", "state_name": "Tripura", "point_number": 3, "latitude": 23.427678215447983, "longitude": 91.845733078129328 }, "geometry": { "type": "Point", "coordinates": [ 91.845733078129328, 23.427678215447983 ] } },
{ "type": "Feature", "properties": { "district_id": 269, "district_name": "Dhalai", "state_name": "Tripura", "point_number": 4, "latitude": 24.087238027252479, "longitude": 92.068481211419098 }, "geometry": { "type": "Point", "coordinates": [ 92.068481211419098, 24.087238027252479 ] } },
{ "type": "Feature", "properties": { "district_id": 269, "district_name": "Dhalai", "state_name": "Tripura", "point_number": 5, "latitude": 23.676533705524612, "longitude": 91.756901267104425 }, "geometry": { "type": "Point", "coordinates": [ 91.756901267104425, 23.676533705524612 ] } },
{ "type": "Feature", "properties": { "district_id": 269, "district_name": "Dhalai", "state_name": "Tripura", "point_number": 6, "latitude": 23.985663947849371, "longitude": 91.769411887891962 }, "geometry": { "type": "Point", "coordinates": [ 91.769411887891962, 23.985663947849371 ] } },
{ "type": "Feature", "properties": { "district_id": 302, "district_name": "Tinsukia", "state_name": "Assam", "point_number": 1, "latitude": 27.596525898797182, "longitude": 95.567399232984343 }, "geometry": { "type": "Point", "coordinates": [ 95.567399232984343, 27.596525898797182 ] } },
{ "type": "Feature", "properties": { "district_id": 302, "district_name": "Tinsukia", "state_name": "Assam", "point_number": 2, "latitude": 27.948038160716486, "longitude": 95.945356150476997 }, "geometry": { "type": "Point", "coordinates": [ 95.945356150476997, 27.948038160716486 ] } },
{ "type": "Feature", "properties": { "district_id": 302, "district_name": "Tinsukia", "state_name": "Assam", "point_number": 3, "latitude": 27.307466040673994, "longitude": 95.932910980673142 }, "geometry": { "type": "Point", "coordinates": [ 95.932910980673142, 27.307466040673994 ] } },
{ "type": "Feature", "properties": { "district_id": 302, "district_name": "Tinsukia", "state_name": "Assam", "point_number": 4, "latitude": 27.258504672496681, "longitude": 95.500998989611418 }, "geometry": { "type": "Point", "coordinates": [ 95.500998989611418, 27.258504672496681 ] } },
{ "type": "Feature", "properties": { "district_id": 302, "district_name": "Tinsukia", "state_name": "Assam", "point_number": 5, "latitude": 27.896340888477056, "longitude": 95.54816230784256 }, "geometry": { "type": "Point", "coordinates": [ 95.54816230784256, 27.896340888477056 ] } },
{ "type": "Feature", "properties": { "district_id": 302, "district_name": "Tinsukia", "state_name": "Assam", "point_number": 6, "latitude": 27.498881918978583, "longitude": 95.254604013164624 }, "geometry": { "type": "Point", "coordinates": [ 95.254604013164624, 27.498881918978583 ] } },
{ "type": "Feature", "properties": { "district_id": 225, "district_name": "Gangtok", "state_name": "Sikkim", "point_number": 1, "latitude": 27.297454501852734, "longitude": 88.555620550276686 }, "geometry": { "type": "Point", "coordinates": [ 88.555620550276686, 27.297454501852734 ] } },
{ "type": "Feature", "properties": { "district_id": 225, "district_name": "Gangtok", "state_name": "Sikkim", "point_number": 2, "latitude": 27.328791143885972, "longitude": 88.917671806362662 }, "geometry": { "type": "Point", "coordinates": [ 88.917671806362662, 27.328791143885972 ] } },
{ "type": "Feature", "properties": { "district_id": 225, "district_name": "Gangtok", "state_name": "Sikkim", "point_number": 3, "latitude": 27.412280881512611, "longitude": 88.724051933909863 }, "geometry": { "type": "Point", "coordinates": [ 88.724051933909863, 27.412280881512611 ] } },
{ "type": "Feature", "properties": { "district_id": 225, "district_name": "Gangtok", "state_name": "Sikkim", "point_number": 4, "latitude": 27.296666555370741, "longitude": 88.763287746721943 }, "geometry": { "type": "Point", "coordinates": [ 88.763287746721943, 27.296666555370741 ] } },
{ "type": "Feature", "properties": { "district_id": 225, "district_name": "Gangtok", "state_name": "Sikkim", "point_number": 5, "latitude": 27.184616808414802, "longitude": 88.516218115405081 }, "geometry": { "type": "Point", "coordinates": [ 88.516218115405081, 27.184616808414802 ] } },
{ "type": "Feature", "properties": { "district_id": 225, "district_name": "Gangtok", "state_name": "Sikkim", "point_number": 6, "latitude": 27.267305726269004, "longitude": 88.452143576306767 }, "geometry": { "type": "Point", "coordinates": [ 88.452143576306767, 27.267305726269004 ] } },
{ "type": "Feature", "properties": { "district_id": 273, "district_name": "East Garo Hills", "state_name": "Meghalaya", "point_number": 1, "latitude": 25.614815070192027, "longitude": 90.635573328010182 }, "geometry": { "type": "Point", "coordinates": [ 90.635573328010182, 25.614815070192027 ] } },
{ "type": "Feature", "properties": { "district_id": 273, "district_name": "East Garo Hills", "state_name": "Meghalaya", "point_number": 2, "latitude": 25.725441391964623, "longitude": 90.968398313831088 }, "geometry": { "type": "Point", "coordinates": [ 90.968398313831088, 25.725441391964623 ] } },
{ "type": "Feature", "properties": { "district_id": 273, "district_name": "East Garo Hills", "state_name": "Meghalaya", "point_number": 3, "latitude": 25.462761427311634, "longitude": 90.342932368959779 }, "geometry": { "type": "Point", "coordinates": [ 90.342932368959779, 25.462761427311634 ] } },
{ "type": "Feature", "properties": { "district_id": 273, "district_name": "East Garo Hills", "state_name": "Meghalaya", "point_number": 4, "latitude": 25.731703719016867, "longitude": 90.403637014796274 }, "geometry": { "type": "Point", "coordinates": [ 90.403637014796274, 25.731703719016867 ] } },
{ "type": "Feature", "properties": { "district_id": 273, "district_name": "East Garo Hills", "state_name": "Meghalaya", "point_number": 5, "latitude": 25.774391938260155, "longitude": 90.7508016213758 }, "geometry": { "type": "Point", "coordinates": [ 90.7508016213758, 25.774391938260155 ] } },
{ "type": "Feature", "properties": { "district_id": 273, "district_name": "East Garo Hills", "state_name": "Meghalaya", "point_number": 6, "latitude": 25.435237984465147, "longitude": 90.602825463065614 }, "geometry": { "type": "Point", "coordinates": [ 90.602825463065614, 25.435237984465147 ] } },
{ "type": "Feature", "properties": { "district_id": 274, "district_name": "East Khasi Hills", "state_name": "Meghalaya", "point_number": 1, "latitude": 25.406226578552054, "longitude": 91.833210120901995 }, "geometry": { "type": "Point", "coordinates": [ 91.833210120901995, 25.406226578552054 ] } },
{ "type": "Feature", "properties": { "district_id": 274, "district_name": "East Khasi Hills", "state_name": "Meghalaya", "point_number": 2, "latitude": 25.173142143338964, "longitude": 91.392324524357491 }, "geometry": { "type": "Point", "coordinates": [ 91.392324524357491, 25.173142143338964 ] } },
{ "type": "Feature", "properties": { "district_id": 274, "district_name": "East Khasi Hills", "state_name": "Meghalaya", "point_number": 3, "latitude": 25.616229270639622, "longitude": 92.115905024952184 }, "geometry": { "type": "Point", "coordinates": [ 92.115905024952184, 25.616229270639622 ] } },
{ "type": "Feature", "properties": { "district_id": 274, "district_name": "East Khasi Hills", "state_name": "Meghalaya", "point_number": 4, "latitude": 25.498369448117963, "longitude": 91.529502682241699 }, "geometry": { "type": "Point", "coordinates": [ 91.529502682241699, 25.498369448117963 ] } },
{ "type": "Feature", "properties": { "district_id": 274, "district_name": "East Khasi Hills", "state_name": "Meghalaya", "point_number": 5, "latitude": 25.158018260980135, "longitude": 91.72568933997681 }, "geometry": { "type": "Point", "coordinates": [ 91.72568933997681, 25.158018260980135 ] } },
{ "type": "Feature", "properties": { "district_id": 274, "district_name": "East Khasi Hills", "state_name": "Meghalaya", "point_number": 6, "latitude": 25.359113077936044, "longitude": 92.110486836977884 }, "geometry": { "type": "Point", "coordinates": [ 92.110486836977884, 25.359113077936044 ] } },
{ "type": "Feature", "properties": { "district_id": 297, "district_name": "Nagaon", "state_name": "Assam", "point_number": 1, "latitude": 26.33037802917972, "longitude": 92.752655638564988 }, "geometry": { "type": "Point", "coordinates": [ 92.752655638564988, 26.33037802917972 ] } },
{ "type": "Feature", "properties": { "district_id": 297, "district_name": "Nagaon", "state_name": "Assam", "point_number": 2, "latitude": 26.652579154196673, "longitude": 93.315121057232489 }, "geometry": { "type": "Point", "coordinates": [ 93.315121057232489, 26.652579154196673 ] } },
{ "type": "Feature", "properties": { "district_id": 297, "district_name": "Nagaon", "state_name": "Assam", "point_number": 3, "latitude": 25.980849143522484, "longitude": 92.598596945648026 }, "geometry": { "type": "Point", "coordinates": [ 92.598596945648026, 25.980849143522484 ] } },
{ "type": "Feature", "properties": { "district_id": 297, "district_name": "Nagaon", "state_name": "Assam", "point_number": 4, "latitude": 26.478009325112922, "longitude": 92.42658678203378 }, "geometry": { "type": "Point", "coordinates": [ 92.42658678203378, 26.478009325112922 ] } },
{ "type": "Feature", "properties": { "district_id": 297, "district_name": "Nagaon", "state_name": "Assam", "point_number": 5, "latitude": 26.599681014382593, "longitude": 92.955285843918801 }, "geometry": { "type": "Point", "coordinates": [ 92.955285843918801, 26.599681014382593 ] } },
{ "type": "Feature", "properties": { "district_id": 297, "district_name": "Nagaon", "state_name": "Assam", "point_number": 6, "latitude": 26.217495341854647, "longitude": 92.448342582378814 }, "geometry": { "type": "Point", "coordinates": [ 92.448342582378814, 26.217495341854647 ] } },
{ "type": "Feature", "properties": { "district_id": 654, "district_name": "Gomati", "state_name": "Tripura", "point_number": 1, "latitude": 23.425880593281939, "longitude": 91.614092503004969 }, "geometry": { "type": "Point", "coordinates": [ 91.614092503004969, 23.425880593281939 ] } },
{ "type": "Feature", "properties": { "district_id": 654, "district_name": "Gomati", "state_name": "Tripura", "point_number": 2, "latitude": 23.114159048448709, "longitude": 91.807435568523246 }, "geometry": { "type": "Point", "coordinates": [ 91.807435568523246, 23.114159048448709 ] } },
{ "type": "Feature", "properties": { "district_id": 654, "district_name": "Gomati", "state_name": "Tripura", "point_number": 3, "latitude": 23.763551183557041, "longitude": 91.581983578796923 }, "geometry": { "type": "Point", "coordinates": [ 91.581983578796923, 23.763551183557041 ] } },
{ "type": "Feature", "properties": { "district_id": 654, "district_name": "Gomati", "state_name": "Tripura", "point_number": 4, "latitude": 23.584759484893546, "longitude": 91.40235230640117 }, "geometry": { "type": "Point", "coordinates": [ 91.40235230640117, 23.584759484893546 ] } },
{ "type": "Feature", "properties": { "district_id": 654, "district_name": "Gomati", "state_name": "Tripura", "point_number": 5, "latitude": 23.609704549789402, "longitude": 91.770073445371196 }, "geometry": { "type": "Point", "coordinates": [ 91.770073445371196, 23.609704549789402 ] } },
{ "type": "Feature", "properties": { "district_id": 654, "district_name": "Gomati", "state_name": "Tripura", "point_number": 6, "latitude": 23.395560057636018, "longitude": 91.838818660351208 }, "geometry": { "type": "Point", "coordinates": [ 91.838818660351208, 23.395560057636018 ] } },
{ "type": "Feature", "properties": { "district_id": 256, "district_name": "Imphal West", "state_name": "Manipur", "point_number": 1, "latitude": 24.798956209436312, "longitude": 93.859940073641795 }, "geometry": { "type": "Point", "coordinates": [ 93.859940073641795, 24.798956209436312 ] } },
{ "type": "Feature", "properties": { "district_id": 256, "district_name": "Imphal West", "state_name": "Manipur", "point_number": 2, "latitude": 24.459971847537116, "longitude": 93.855841427456184 }, "geometry": { "type": "Point", "coordinates": [ 93.855841427456184, 24.459971847537116 ] } },
{ "type": "Feature", "properties": { "district_id": 256, "district_name": "Imphal West", "state_name": "Manipur", "point_number": 3, "latitude": 25.133262009228254, "longitude": 93.932737047138005 }, "geometry": { "type": "Point", "coordinates": [ 93.932737047138005, 25.133262009228254 ] } },
{ "type": "Feature", "properties": { "district_id": 256, "district_name": "Imphal West", "state_name": "Manipur", "point_number": 4, "latitude": 24.628909989918039, "longitude": 93.893935678688777 }, "geometry": { "type": "Point", "coordinates": [ 93.893935678688777, 24.628909989918039 ] } },
{ "type": "Feature", "properties": { "district_id": 256, "district_name": "Imphal West", "state_name": "Manipur", "point_number": 5, "latitude": 24.967002163887479, "longitude": 93.888188724030471 }, "geometry": { "type": "Point", "coordinates": [ 93.888188724030471, 24.967002163887479 ] } },
{ "type": "Feature", "properties": { "district_id": 256, "district_name": "Imphal West", "state_name": "Manipur", "point_number": 6, "latitude": 24.717633774199754, "longitude": 93.934644166186018 }, "geometry": { "type": "Point", "coordinates": [ 93.934644166186018, 24.717633774199754 ] } },
{ "type": "Feature", "properties": { "district_id": 291, "district_name": "Kamrup", "state_name": "Assam", "point_number": 1, "latitude": 26.138880402252472, "longitude": 91.223007165794328 }, "geometry": { "type": "Point", "coordinates": [ 91.223007165794328, 26.138880402252472 ] } },
{ "type": "Feature", "properties": { "district_id": 291, "district_name": "Kamrup", "state_name": "Assam", "point_number": 2, "latitude": 26.478338656991745, "longitude": 91.76934498504761 }, "geometry": { "type": "Point", "coordinates": [ 91.76934498504761, 26.478338656991745 ] } },
{ "type": "Feature", "properties": { "district_id": 291, "district_name": "Kamrup", "state_name": "Assam", "point_number": 3, "latitude": 25.994419389666465, "longitude": 91.703294090619991 }, "geometry": { "type": "Point", "coordinates": [ 91.703294090619991, 25.994419389666465 ] } },
{ "type": "Feature", "properties": { "district_id": 291, "district_name": "Kamrup", "state_name": "Assam", "point_number": 4, "latitude": 25.794303004190574, "longitude": 91.256611816831452 }, "geometry": { "type": "Point", "coordinates": [ 91.256611816831452, 25.794303004190574 ] } },
{ "type": "Feature", "properties": { "district_id": 291, "district_name": "Kamrup", "state_name": "Assam", "point_number": 5, "latitude": 26.244242064643903, "longitude": 91.539913010543714 }, "geometry": { "type": "Point", "coordinates": [ 91.539913010543714, 26.244242064643903 ] } },
{ "type": "Feature", "properties": { "district_id": 291, "district_name": "Kamrup", "state_name": "Assam", "point_number": 6, "latitude": 25.997158202532258, "longitude": 91.43442808985283 }, "geometry": { "type": "Point", "coordinates": [ 91.43442808985283, 25.997158202532258 ] } },
{ "type": "Feature", "properties": { "district_id": 652, "district_name": "Khowai", "state_name": "Tripura", "point_number": 1, "latitude": 23.953990836432752, "longitude": 91.64176988126097 }, "geometry": { "type": "Point", "coordinates": [ 91.64176988126097, 23.953990836432752 ] } },
{ "type": "Feature", "properties": { "district_id": 652, "district_name": "Khowai", "state_name": "Tripura", "point_number": 2, "latitude": 24.226216708937603, "longitude": 91.659486538063859 }, "geometry": { "type": "Point", "coordinates": [ 91.659486538063859, 24.226216708937603 ] } },
{ "type": "Feature", "properties": { "district_id": 652, "district_name": "Khowai", "state_name": "Tripura", "point_number": 3, "latitude": 23.702828465457948, "longitude": 91.739857565666625 }, "geometry": { "type": "Point", "coordinates": [ 91.739857565666625, 23.702828465457948 ] } },
{ "type": "Feature", "properties": { "district_id": 652, "district_name": "Khowai", "state_name": "Tripura", "point_number": 4, "latitude": 24.083829254718211, "longitude": 91.509062847414214 }, "geometry": { "type": "Point", "coordinates": [ 91.509062847414214, 24.083829254718211 ] } },
{ "type": "Feature", "properties": { "district_id": 652, "district_name": "Khowai", "state_name": "Tripura", "point_number": 5, "latitude": 23.80373382106777, "longitude": 91.567573983400081 }, "geometry": { "type": "Point", "coordinates": [ 91.567573983400081, 23.80373382106777 ] } },
{ "type": "Feature", "properties": { "district_id": 652, "district_name": "Khowai", "state_name": "Tripura", "point_number": 6, "latitude": 23.855319641514086, "longitude": 91.794027955913847 }, "geometry": { "type": "Point", "coordinates": [ 91.794027955913847, 23.855319641514086 ] } },
{ "type": "Feature", "properties": { "district_id": 657, "district_name": "East Jaintia Hills", "state_name": "Meghalaya", "point_number": 1, "latitude": 25.249770419303545, "longitude": 92.482846739557445 }, "geometry": { "type": "Point", "coordinates": [ 92.482846739557445, 25.249770419303545 ] } },
{ "type": "Feature", "properties": { "district_id": 657, "district_name": "East Jaintia Hills", "state_name": "Meghalaya", "point_number": 2, "latitude": 25.140197564774901, "longitude": 92.209475827130149 }, "geometry": { "type": "Point", "coordinates": [ 92.209475827130149, 25.140197564774901 ] } },
{ "type": "Feature", "properties": { "district_id": 657, "district_name": "East Jaintia Hills", "state_name": "Meghalaya", "point_number": 3, "latitude": 25.285046227326887, "longitude": 92.78206623195652 }, "geometry": { "type": "Point", "coordinates": [ 92.78206623195652, 25.285046227326887 ] } },
{ "type": "Feature", "properties": { "district_id": 657, "district_name": "East Jaintia Hills", "state_name": "Meghalaya", "point_number": 4, "latitude": 25.366250521143783, "longitude": 92.248528874878659 }, "geometry": { "type": "Point", "coordinates": [ 92.248528874878659, 25.366250521143783 ] } },
{ "type": "Feature", "properties": { "district_id": 657, "district_name": "East Jaintia Hills", "state_name": "Meghalaya", "point_number": 5, "latitude": 25.46072199524135, "longitude": 92.571670648849675 }, "geometry": { "type": "Point", "coordinates": [ 92.571670648849675, 25.46072199524135 ] } },
{ "type": "Feature", "properties": { "district_id": 657, "district_name": "East Jaintia Hills", "state_name": "Meghalaya", "point_number": 6, "latitude": 25.060781632874665, "longitude": 92.438184164706641 }, "geometry": { "type": "Point", "coordinates": [ 92.438184164706641, 25.060781632874665 ] } },
{ "type": "Feature", "properties": { "district_id": 294, "district_name": "Kokrajhar", "state_name": "Assam", "point_number": 1, "latitude": 26.493874342594665, "longitude": 90.135861709587346 }, "geometry": { "type": "Point", "coordinates": [ 90.135861709587346, 26.493874342594665 ] } },
{ "type": "Feature", "properties": { "district_id": 294, "district_name": "Kokrajhar", "state_name": "Assam", "point_number": 2, "latitude": 26.125556812344009, "longitude": 89.924232835461694 }, "geometry": { "type": "Point", "coordinates": [ 89.924232835461694, 26.125556812344009 ] } },
{ "type": "Feature", "properties": { "district_id": 294, "district_name": "Kokrajhar", "state_name": "Assam", "point_number": 3, "latitude": 26.831887618778563, "longitude": 90.308231142491579 }, "geometry": { "type": "Point", "coordinates": [ 90.308231142491579, 26.831887618778563 ] } },
{ "type": "Feature", "properties": { "district_id": 294, "district_name": "Kokrajhar", "state_name": "Assam", "point_number": 4, "latitude": 26.725463097620761, "longitude": 89.886637505285279 }, "geometry": { "type": "Point", "coordinates": [ 89.886637505285279, 26.725463097620761 ] } },
{ "type": "Feature", "properties": { "district_id": 294, "district_name": "Kokrajhar", "state_name": "Assam", "point_number": 5, "latitude": 26.285608123516145, "longitude": 90.361739837236456 }, "geometry": { "type": "Point", "coordinates": [ 90.361739837236456, 26.285608123516145 ] } },
{ "type": "Feature", "properties": { "district_id": 294, "district_name": "Kokrajhar", "state_name": "Assam", "point_number": 6, "latitude": 26.405763508723243, "longitude": 89.874658406161032 }, "geometry": { "type": "Point", "coordinates": [ 89.874658406161032, 26.405763508723243 ] } },
{ "type": "Feature", "properties": { "district_id": 226, "district_name": "Mangan", "state_name": "Sikkim", "point_number": 1, "latitude": 27.746407959013379, "longitude": 88.521191177087132 }, "geometry": { "type": "Point", "coordinates": [ 88.521191177087132, 27.746407959013379 ] } },
{ "type": "Feature", "properties": { "district_id": 226, "district_name": "Mangan", "state_name": "Sikkim", "point_number": 2, "latitude": 27.443286413460509, "longitude": 88.785268281689028 }, "geometry": { "type": "Point", "coordinates": [ 88.785268281689028, 27.443286413460509 ] } },
{ "type": "Feature", "properties": { "district_id": 226, "district_name": "Mangan", "state_name": "Sikkim", "point_number": 3, "latitude": 27.933661854791765, "longitude": 88.135990024338511 }, "geometry": { "type": "Point", "coordinates": [ 88.135990024338511, 27.933661854791765 ] } },
{ "type": "Feature", "properties": { "district_id": 226, "district_name": "Mangan", "state_name": "Sikkim", "point_number": 4, "latitude": 28.113059984272486, "longitude": 88.622760797226448 }, "geometry": { "type": "Point", "coordinates": [ 88.622760797226448, 28.113059984272486 ] } },
{ "type": "Feature", "properties": { "district_id": 226, "district_name": "Mangan", "state_name": "Sikkim", "point_number": 5, "latitude": 27.530852713594175, "longitude": 88.243424820631191 }, "geometry": { "type": "Point", "coordinates": [ 88.243424820631191, 27.530852713594175 ] } },
{ "type": "Feature", "properties": { "district_id": 226, "district_name": "Mangan", "state_name": "Sikkim", "point_number": 6, "latitude": 27.894672810298559, "longitude": 88.858415891183938 }, "geometry": { "type": "Point", "coordinates": [ 88.858415891183938, 27.894672810298559 ] } },
{ "type": "Feature", "properties": { "district_id": 270, "district_name": "North Tripura", "state_name": "Tripura", "point_number": 1, "latitude": 24.091643204424873, "longitude": 92.243636728534639 }, "geometry": { "type": "Point", "coordinates": [ 92.243636728534639, 24.091643204424873 ] } },
{ "type": "Feature", "properties": { "district_id": 270, "district_name": "North Tripura", "state_name": "Tripura", "point_number": 2, "latitude": 24.51993080093035, "longitude": 92.187963191064526 }, "geometry": { "type": "Point", "coordinates": [ 92.187963191064526, 24.51993080093035 ] } },
{ "type": "Feature", "properties": { "district_id": 270, "district_name": "North Tripura", "state_name": "Tripura", "point_number": 3, "latitude": 23.672249132850311, "longitude": 92.213838731710396 }, "geometry": { "type": "Point", "coordinates": [ 92.213838731710396, 23.672249132850311 ] } },
{ "type": "Feature", "properties": { "district_id": 270, "district_name": "North Tripura", "state_name": "Tripura", "point_number": 4, "latitude": 24.296764077238038, "longitude": 92.098150282583191 }, "geometry": { "type": "Point", "coordinates": [ 92.098150282583191, 24.296764077238038 ] } },
{ "type": "Feature", "properties": { "district_id": 270, "district_name": "North Tripura", "state_name": "Tripura", "point_number": 5, "latitude": 23.883489190631877, "longitude": 92.147692251398936 }, "geometry": { "type": "Point", "coordinates": [ 92.147692251398936, 23.883489190631877 ] } },
{ "type": "Feature", "properties": { "district_id": 270, "district_name": "North Tripura", "state_name": "Tripura", "point_number": 6, "latitude": 24.245801744316545, "longitude": 92.292999355611954 }, "geometry": { "type": "Point", "coordinates": [ 92.292999355611954, 24.245801744316545 ] } },
{ "type": "Feature", "properties": { "district_id": 267, "district_name": "Siaha", "state_name": "Mizoram", "point_number": 1, "latitude": 22.286870461358983, "longitude": 93.013145530992389 }, "geometry": { "type": "Point", "coordinates": [ 93.013145530992389, 22.286870461358983 ] } },
{ "type": "Feature", "properties": { "district_id": 267, "district_name": "Siaha", "state_name": "Mizoram", "point_number": 2, "latitude": 21.952384622296471, "longitude": 92.908082695360051 }, "geometry": { "type": "Point", "coordinates": [ 92.908082695360051, 21.952384622296471 ] } },
{ "type": "Feature", "properties": { "district_id": 267, "district_name": "Siaha", "state_name": "Mizoram", "point_number": 3, "latitude": 22.614832624345738, "longitude": 92.951281091471316 }, "geometry": { "type": "Point", "coordinates": [ 92.951281091471316, 22.614832624345738 ] } },
{ "type": "Feature", "properties": { "district_id": 267, "district_name": "Siaha", "state_name": "Mizoram", "point_number": 4, "latitude": 22.142820087394568, "longitude": 92.852028775744458 }, "geometry": { "type": "Point", "coordinates": [ 92.852028775744458, 22.142820087394568 ] } },
{ "type": "Feature", "properties": { "district_id": 267, "district_name": "Siaha", "state_name": "Mizoram", "point_number": 5, "latitude": 22.462365179254117, "longitude": 93.101659970904564 }, "geometry": { "type": "Point", "coordinates": [ 93.101659970904564, 22.462365179254117 ] } },
{ "type": "Feature", "properties": { "district_id": 267, "district_name": "Siaha", "state_name": "Mizoram", "point_number": 6, "latitude": 22.102990588755411, "longitude": 93.03828152319565 }, "geometry": { "type": "Point", "coordinates": [ 93.03828152319565, 22.102990588755411 ] } },
{ "type": "Feature", "properties": { "district_id": 653, "district_name": "Sepahijala", "state_name": "Tripura", "point_number": 1, "latitude": 23.53145363972029, "longitude": 91.301127682623999 }, "geometry": { "type": "Point", "coordinates": [ 91.301127682623999, 23.53145363972029 ] } },
{ "type": "Feature", "properties": { "district_id": 653, "district_name": "Sepahijala", "state_name": "Tripura", "point_number": 2, "latitude": 23.740412003817656, "longitude": 91.567464263988995 }, "geometry": { "type": "Point", "coordinates": [ 91.567464263988995, 23.740412003817656 ] } },
{ "type": "Feature", "properties": { "district_id": 653, "district_name": "Sepahijala", "state_name": "Tripura", "point_number": 3, "latitude": 23.296500112817562, "longitude": 91.357619226895125 }, "geometry": { "type": "Point", "coordinates": [ 91.357619226895125, 23.296500112817562 ] } },
{ "type": "Feature", "properties": { "district_id": 653, "district_name": "Sepahijala", "state_name": "Tripura", "point_number": 4, "latitude": 23.740260995745192, "longitude": 91.193544507076282 }, "geometry": { "type": "Point", "coordinates": [ 91.193544507076282, 23.740260995745192 ] } },
{ "type": "Feature", "properties": { "district_id": 653, "district_name": "Sepahijala", "state_name": "Tripura", "point_number": 5, "latitude": 23.676012408754943, "longitude": 91.378752245962644 }, "geometry": { "type": "Point", "coordinates": [ 91.378752245962644, 23.676012408754943 ] } },
{ "type": "Feature", "properties": { "district_id": 653, "district_name": "Sepahijala", "state_name": "Tripura", "point_number": 6, "latitude": 23.406299544618619, "longitude": 91.284663177674076 }, "geometry": { "type": "Point", "coordinates": [ 91.284663177674076, 23.406299544618619 ] } },
{ "type": "Feature", "properties": { "district_id": 227, "district_name": "Namchi", "state_name": "Sikkim", "point_number": 1, "latitude": 27.304209568391826, "longitude": 88.38018936877458 }, "geometry": { "type": "Point", "coordinates": [ 88.38018936877458, 27.304209568391826 ] } },
{ "type": "Feature", "properties": { "district_id": 227, "district_name": "Namchi", "state_name": "Sikkim", "point_number": 2, "latitude": 27.087965947697736, "longitude": 88.451084147143447 }, "geometry": { "type": "Point", "coordinates": [ 88.451084147143447, 27.087965947697736 ] } },
{ "type": "Feature", "properties": { "district_id": 227, "district_name": "Namchi", "state_name": "Sikkim", "point_number": 3, "latitude": 27.511606255102318, "longitude": 88.335808438582276 }, "geometry": { "type": "Point", "coordinates": [ 88.335808438582276, 27.511606255102318 ] } },
{ "type": "Feature", "properties": { "district_id": 227, "district_name": "Namchi", "state_name": "Sikkim", "point_number": 4, "latitude": 27.156238875498772, "longitude": 88.303881411416569 }, "geometry": { "type": "Point", "coordinates": [ 88.303881411416569, 27.156238875498772 ] } },
{ "type": "Feature", "properties": { "district_id": 227, "district_name": "Namchi", "state_name": "Sikkim", "point_number": 5, "latitude": 27.213475079041427, "longitude": 88.48858651799614 }, "geometry": { "type": "Point", "coordinates": [ 88.48858651799614, 27.213475079041427 ] } },
{ "type": "Feature", "properties": { "district_id": 227, "district_name": "Namchi", "state_name": "Sikkim", "point_number": 6, "latitude": 27.418304799567796, "longitude": 88.402010066046259 }, "geometry": { "type": "Point", "coordinates": [ 88.402010066046259, 27.418304799567796 ] } },
{ "type": "Feature", "properties": { "district_id": 277, "district_name": "South Garo Hills", "state_name": "Meghalaya", "point_number": 1, "latitude": 25.349447018225781, "longitude": 90.578133304050397 }, "geometry": { "type": "Point", "coordinates": [ 90.578133304050397, 25.349447018225781 ] } },
{ "type": "Feature", "properties": { "district_id": 277, "district_name": "South Garo Hills", "state_name": "Meghalaya", "point_number": 2, "latitude": 25.186285706843861, "longitude": 90.931960190116257 }, "geometry": { "type": "Point", "coordinates": [ 90.931960190116257, 25.186285706843861 ] } },
{ "type": "Feature", "properties": { "district_id": 277, "district_name": "South Garo Hills", "state_name": "Meghalaya", "point_number": 3, "latitude": 25.223808201824376, "longitude": 90.236106637500953 }, "geometry": { "type": "Point", "coordinates": [ 90.236106637500953, 25.223808201824376 ] } },
{ "type": "Feature", "properties": { "district_id": 277, "district_name": "South Garo Hills", "state_name": "Meghalaya", "point_number": 4, "latitude": 25.543699386107864, "longitude": 90.767097438156569 }, "geometry": { "type": "Point", "coordinates": [ 90.767097438156569, 25.543699386107864 ] } },
{ "type": "Feature", "properties": { "district_id": 277, "district_name": "South Garo Hills", "state_name": "Meghalaya", "point_number": 5, "latitude": 25.451163507155922, "longitude": 90.343095649986196 }, "geometry": { "type": "Point", "coordinates": [ 90.343095649986196, 25.451163507155922 ] } },
{ "type": "Feature", "properties": { "district_id": 277, "district_name": "South Garo Hills", "state_name": "Meghalaya", "point_number": 6, "latitude": 25.165619807829039, "longitude": 90.691314084764159 }, "geometry": { "type": "Point", "coordinates": [ 90.691314084764159, 25.165619807829039 ] } },
{ "type": "Feature", "properties": { "district_id": 271, "district_name": "South Tripura", "state_name": "Tripura", "point_number": 1, "latitude": 23.181707720207786, "longitude": 91.641553070245891 }, "geometry": { "type": "Point", "coordinates": [ 91.641553070245891, 23.181707720207786 ] } },
{ "type": "Feature", "properties": { "district_id": 271, "district_name": "South Tripura", "state_name": "Tripura", "point_number": 2, "latitude": 23.267527969244732, "longitude": 91.324618707957143 }, "geometry": { "type": "Point", "coordinates": [ 91.324618707957143, 23.267527969244732 ] } },
{ "type": "Feature", "properties": { "district_id": 271, "district_name": "South Tripura", "state_name": "Tripura", "point_number": 3, "latitude": 23.403511885746731, "longitude": 91.547239708464915 }, "geometry": { "type": "Point", "coordinates": [ 91.547239708464915, 23.403511885746731 ] } },
{ "type": "Feature", "properties": { "district_id": 271, "district_name": "South Tripura", "state_name": "Tripura", "point_number": 4, "latitude": 22.979311988090849, "longitude": 91.561745964758032 }, "geometry": { "type": "Point", "coordinates": [ 91.561745964758032, 22.979311988090849 ] } },
{ "type": "Feature", "properties": { "district_id": 271, "district_name": "South Tripura", "state_name": "Tripura", "point_number": 5, "latitude": 23.076003803891471, "longitude": 91.371750866308915 }, "geometry": { "type": "Point", "coordinates": [ 91.371750866308915, 23.076003803891471 ] } },
{ "type": "Feature", "properties": { "district_id": 271, "district_name": "South Tripura", "state_name": "Tripura", "point_number": 6, "latitude": 23.070455985424463, "longitude": 91.806914785746613 }, "geometry": { "type": "Point", "coordinates": [ 91.806914785746613, 23.070455985424463 ] } },
{ "type": "Feature", "properties": { "district_id": 655, "district_name": "Unakoti", "state_name": "Tripura", "point_number": 1, "latitude": 24.201913772312459, "longitude": 92.046309146839661 }, "geometry": { "type": "Point", "coordinates": [ 92.046309146839661, 24.201913772312459 ] } },
{ "type": "Feature", "properties": { "district_id": 655, "district_name": "Unakoti", "state_name": "Tripura", "point_number": 2, "latitude": 24.011998647894789, "longitude": 92.107030659389267 }, "geometry": { "type": "Point", "coordinates": [ 92.107030659389267, 24.011998647894789 ] } },
{ "type": "Feature", "properties": { "district_id": 655, "district_name": "Unakoti", "state_name": "Tripura", "point_number": 3, "latitude": 24.375536193831667, "longitude": 92.046037946450227 }, "geometry": { "type": "Point", "coordinates": [ 92.046037946450227, 24.375536193831667 ] } },
{ "type": "Feature", "properties": { "district_id": 655, "district_name": "Unakoti", "state_name": "Tripura", "point_number": 4, "latitude": 24.128030976410891, "longitude": 91.916115199218027 }, "geometry": { "type": "Point", "coordinates": [ 91.916115199218027, 24.128030976410891 ] } },
{ "type": "Feature", "properties": { "district_id": 655, "district_name": "Unakoti", "state_name": "Tripura", "point_number": 5, "latitude": 24.187252877835274, "longitude": 92.200844013795461 }, "geometry": { "type": "Point", "coordinates": [ 92.200844013795461, 24.187252877835274 ] } },
{ "type": "Feature", "properties": { "district_id": 655, "district_name": "Unakoti", "state_name": "Tripura", "point_number": 6, "latitude": 24.294253296677102, "longitude": 91.938134262505045 }, "geometry": { "type": "Point", "coordinates": [ 91.938134262505045, 24.294253296677102 ] } },
{ "type": "Feature", "properties": { "district_id": 228, "district_name": "Gyalshing", "state_name": "Sikkim", "point_number": 1, "latitude": 27.423325395443086, "longitude": 88.181359162778762 }, "geometry": { "type": "Point", "coordinates": [ 88.181359162778762, 27.423325395443086 ] } },
{ "type": "Feature", "properties": { "district_id": 228, "district_name": "Gyalshing", "state_name": "Sikkim", "point_number": 2, "latitude": 27.255571698793045, "longitude": 88.048632564082283 }, "geometry": { "type": "Point", "coordinates": [ 88.048632564082283, 27.255571698793045 ] } },
{ "type": "Feature", "properties": { "district_id": 228, "district_name": "Gyalshing", "state_name": "Sikkim", "point_number": 3, "latitude": 27.60161227591513, "longitude": 88.110050467028756 }, "geometry": { "type": "Point", "coordinates": [ 88.110050467028756, 27.60161227591513 ] } },
{ "type": "Feature", "properties": { "district_id": 228, "district_name": "Gyalshing", "state_name": "Sikkim", "point_number": 4, "latitude": 27.2599842191688, "longitude": 88.29037736386222 }, "geometry": { "type": "Point", "coordinates": [ 88.29037736386222, 27.2599842191688 ] } },
{ "type": "Feature", "properties": { "district_id": 228, "district_name": "Gyalshing", "state_name": "Sikkim", "point_number": 5, "latitude": 27.403584248379868, "longitude": 88.346031436975224 }, "geometry": { "type": "Point", "coordinates": [ 88.346031436975224, 27.403584248379868 ] } },
{ "type": "Feature", "properties": { "district_id": 228, "district_name": "Gyalshing", "state_name": "Sikkim", "point_number": 6, "latitude": 27.475566752831881, "longitude": 88.052113458260493 }, "geometry": { "type": "Point", "coordinates": [ 88.052113458260493, 27.475566752831881 ] } },
{ "type": "Feature", "properties": { "district_id": 278, "district_name": "West Garo Hills", "state_name": "Meghalaya", "point_number": 1, "latitude": 25.60594367128612, "longitude": 90.203399304704064 }, "geometry": { "type": "Point", "coordinates": [ 90.203399304704064, 25.60594367128612 ] } },
{ "type": "Feature", "properties": { "district_id": 278, "district_name": "West Garo Hills", "state_name": "Meghalaya", "point_number": 2, "latitude": 25.965833830830807, "longitude": 90.370051129401745 }, "geometry": { "type": "Point", "coordinates": [ 90.370051129401745, 25.965833830830807 ] } },
{ "type": "Feature", "properties": { "district_id": 278, "district_name": "West Garo Hills", "state_name": "Meghalaya", "point_number": 3, "latitude": 25.242389603700044, "longitude": 90.080171783557816 }, "geometry": { "type": "Point", "coordinates": [ 90.080171783557816, 25.242389603700044 ] } },
{ "type": "Feature", "properties": { "district_id": 278, "district_name": "West Garo Hills", "state_name": "Meghalaya", "point_number": 4, "latitude": 25.823698262971234, "longitude": 89.95000213626335 }, "geometry": { "type": "Point", "coordinates": [ 89.95000213626335, 25.823698262971234 ] } },
{ "type": "Feature", "properties": { "district_id": 278, "district_name": "West Garo Hills", "state_name": "Meghalaya", "point_number": 5, "latitude": 25.388985769437632, "longitude": 90.28166541330603 }, "geometry": { "type": "Point", "coordinates": [ 90.28166541330603, 25.388985769437632 ] } },
{ "type": "Feature", "properties": { "district_id": 278, "district_name": "West Garo Hills", "state_name": "Meghalaya", "point_number": 6, "latitude": 25.750248882833318, "longitude": 90.375142155613688 }, "geometry": { "type": "Point", "coordinates": [ 90.375142155613688, 25.750248882833318 ] } },
{ "type": "Feature", "properties": { "district_id": 279, "district_name": "West Khasi Hills", "state_name": "Meghalaya", "point_number": 1, "latitude": 25.577436540787197, "longitude": 91.081344929113783 }, "geometry": { "type": "Point", "coordinates": [ 91.081344929113783, 25.577436540787197 ] } },
{ "type": "Feature", "properties": { "district_id": 279, "district_name": "West Khasi Hills", "state_name": "Meghalaya", "point_number": 2, "latitude": 25.774521820694936, "longitude": 91.421383076753571 }, "geometry": { "type": "Point", "coordinates": [ 91.421383076753571, 25.774521820694936 ] } },
{ "type": "Feature", "properties": { "district_id": 279, "district_name": "West Khasi Hills", "state_name": "Meghalaya", "point_number": 3, "latitude": 25.376495424942586, "longitude": 90.778160998324026 }, "geometry": { "type": "Point", "coordinates": [ 90.778160998324026, 25.376495424942586 ] } },
{ "type": "Feature", "properties": { "district_id": 279, "district_name": "West Khasi Hills", "state_name": "Meghalaya", "point_number": 4, "latitude": 25.317046288935579, "longitude": 91.089261707316055 }, "geometry": { "type": "Point", "coordinates": [ 91.089261707316055, 25.317046288935579 ] } },
{ "type": "Feature", "properties": { "district_id": 279, "district_name": "West Khasi Hills", "state_name": "Meghalaya", "point_number": 5, "latitude": 25.466455122141099, "longitude": 91.356335525965079 }, "geometry": { "type": "Point", "coordinates": [ 91.356335525965079, 25.466455122141099 ] } },
{ "type": "Feature", "properties": { "district_id": 279, "district_name": "West Khasi Hills", "state_name": "Meghalaya", "point_number": 6, "latitude": 25.819704846187065, "longitude": 91.011468758793029 }, "geometry": { "type": "Point", "coordinates": [ 91.011468758793029, 25.819704846187065 ] } },
{ "type": "Feature", "properties": { "district_id": 272, "district_name": "West Tripura", "state_name": "Tripura", "point_number": 1, "latitude": 23.918625055883641, "longitude": 91.387459844806074 }, "geometry": { "type": "Point", "coordinates": [ 91.387459844806074, 23.918625055883641 ] } },
{ "type": "Feature", "properties": { "district_id": 272, "district_name": "West Tripura", "state_name": "Tripura", "point_number": 2, "latitude": 23.737653107151903, "longitude": 91.232990012967775 }, "geometry": { "type": "Point", "coordinates": [ 91.232990012967775, 23.737653107151903 ] } },
{ "type": "Feature", "properties": { "district_id": 272, "district_name": "West Tripura", "state_name": "Tripura", "point_number": 3, "latitude": 23.792770882067256, "longitude": 91.565418293226969 }, "geometry": { "type": "Point", "coordinates": [ 91.565418293226969, 23.792770882067256 ] } },
{ "type": "Feature", "properties": { "district_id": 272, "district_name": "West Tripura", "state_name": "Tripura", "point_number": 4, "latitude": 24.098088170924523, "longitude": 91.468994171809314 }, "geometry": { "type": "Point", "coordinates": [ 91.468994171809314, 24.098088170924523 ] } },
{ "type": "Feature", "properties": { "district_id": 272, "district_name": "West Tripura", "state_name": "Tripura", "point_number": 5, "latitude": 23.77420924100975, "longitude": 91.388730149926801 }, "geometry": { "type": "Point", "coordinates": [ 91.388730149926801, 23.77420924100975 ] } },
{ "type": "Feature", "properties": { "district_id": 272, "district_name": "West Tripura", "state_name": "Tripura", "point_number": 6, "latitude": 23.893161000715143, "longitude": 91.239053016974367 }, "geometry": { "type": "Point", "coordinates": [ 91.239053016974367, 23.893161000715143 ] } },
{ "type": "Feature", "properties": { "district_id": 264, "district_name": "Lawngtlai", "state_name": "Mizoram", "point_number": 1, "latitude": 22.368161532493549, "longitude": 92.731128405895589 }, "geometry": { "type": "Point", "coordinates": [ 92.731128405895589, 22.368161532493549 ] } },
{ "type": "Feature", "properties": { "district_id": 264, "district_name": "Lawngtlai", "state_name": "Mizoram", "point_number": 2, "latitude": 22.788288618535301, "longitude": 93.073245686979831 }, "geometry": { "type": "Point", "coordinates": [ 93.073245686979831, 22.788288618535301 ] } },
{ "type": "Feature", "properties": { "district_id": 264, "district_name": "Lawngtlai", "state_name": "Mizoram", "point_number": 3, "latitude": 22.747363199902551, "longitude": 92.551317204442185 }, "geometry": { "type": "Point", "coordinates": [ 92.551317204442185, 22.747363199902551 ] } },
{ "type": "Feature", "properties": { "district_id": 264, "district_name": "Lawngtlai", "state_name": "Mizoram", "point_number": 4, "latitude": 21.993744109166652, "longitude": 92.610536587345933 }, "geometry": { "type": "Point", "coordinates": [ 92.610536587345933, 21.993744109166652 ] } },
{ "type": "Feature", "properties": { "district_id": 264, "district_name": "Lawngtlai", "state_name": "Mizoram", "point_number": 5, "latitude": 22.498115082818508, "longitude": 93.062157181013092 }, "geometry": { "type": "Point", "coordinates": [ 93.062157181013092, 22.498115082818508 ] } },
{ "type": "Feature", "properties": { "district_id": 264, "district_name": "Lawngtlai", "state_name": "Mizoram", "point_number": 6, "latitude": 22.146487742545457, "longitude": 92.836988092894018 }, "geometry": { "type": "Point", "coordinates": [ 92.836988092894018, 22.146487742545457 ] } },
{ "type": "Feature", "properties": { "district_id": 268, "district_name": "Serchhip", "state_name": "Mizoram", "point_number": 1, "latitude": 23.302835893813363, "longitude": 92.845362879205069 }, "geometry": { "type": "Point", "coordinates": [ 92.845362879205069, 23.302835893813363 ] } },
{ "type": "Feature", "properties": { "district_id": 268, "district_name": "Serchhip", "state_name": "Mizoram", "point_number": 2, "latitude": 23.05191815154603, "longitude": 93.170386944173771 }, "geometry": { "type": "Point", "coordinates": [ 93.170386944173771, 23.05191815154603 ] } },
{ "type": "Feature", "properties": { "district_id": 268, "district_name": "Serchhip", "state_name": "Mizoram", "point_number": 3, "latitude": 23.565552025363559, "longitude": 92.784300355225071 }, "geometry": { "type": "Point", "coordinates": [ 92.784300355225071, 23.565552025363559 ] } },
{ "type": "Feature", "properties": { "district_id": 268, "district_name": "Serchhip", "state_name": "Mizoram", "point_number": 4, "latitude": 23.476710543950084, "longitude": 93.074272709381589 }, "geometry": { "type": "Point", "coordinates": [ 93.074272709381589, 23.476710543950084 ] } },
{ "type": "Feature", "properties": { "district_id": 268, "district_name": "Serchhip", "state_name": "Mizoram", "point_number": 5, "latitude": 23.227235198476897, "longitude": 93.074612634971245 }, "geometry": { "type": "Point", "coordinates": [ 93.074612634971245, 23.227235198476897 ] } },
{ "type": "Feature", "properties": { "district_id": 268, "district_name": "Serchhip", "state_name": "Mizoram", "point_number": 6, "latitude": 23.215221550701649, "longitude": 92.695515776072213 }, "geometry": { "type": "Point", "coordinates": [ 92.695515776072213, 23.215221550701649 ] } },
{ "type": "Feature", "properties": { "district_id": 263, "district_name": "Kolasib", "state_name": "Mizoram", "point_number": 1, "latitude": 24.183019669351751, "longitude": 92.7123796979009 }, "geometry": { "type": "Point", "coordinates": [ 92.7123796979009, 24.183019669351751 ] } },
{ "type": "Feature", "properties": { "district_id": 263, "district_name": "Kolasib", "state_name": "Mizoram", "point_number": 2, "latitude": 23.855605116936701, "longitude": 92.764751693152093 }, "geometry": { "type": "Point", "coordinates": [ 92.764751693152093, 23.855605116936701 ] } },
{ "type": "Feature", "properties": { "district_id": 263, "district_name": "Kolasib", "state_name": "Mizoram", "point_number": 3, "latitude": 24.464691045623635, "longitude": 92.774367996197711 }, "geometry": { "type": "Point", "coordinates": [ 92.774367996197711, 24.464691045623635 ] } },
{ "type": "Feature", "properties": { "district_id": 263, "district_name": "Kolasib", "state_name": "Mizoram", "point_number": 4, "latitude": 24.057440852230446, "longitude": 92.539735716597221 }, "geometry": { "type": "Point", "coordinates": [ 92.539735716597221, 24.057440852230446 ] } },
{ "type": "Feature", "properties": { "district_id": 263, "district_name": "Kolasib", "state_name": "Mizoram", "point_number": 5, "latitude": 24.026829063115663, "longitude": 92.844445749795909 }, "geometry": { "type": "Point", "coordinates": [ 92.844445749795909, 24.026829063115663 ] } },
{ "type": "Feature", "properties": { "district_id": 263, "district_name": "Kolasib", "state_name": "Mizoram", "point_number": 6, "latitude": 24.297169240921914, "longitude": 92.846396110722935 }, "geometry": { "type": "Point", "coordinates": [ 92.846396110722935, 24.297169240921914 ] } },
{ "type": "Feature", "properties": { "district_id": 266, "district_name": "Mamit", "state_name": "Mizoram", "point_number": 1, "latitude": 23.754198659473534, "longitude": 92.451004488952137 }, "geometry": { "type": "Point", "coordinates": [ 92.451004488952137, 23.754198659473534 ] } },
{ "type": "Feature", "properties": { "district_id": 266, "district_name": "Mamit", "state_name": "Mizoram", "point_number": 2, "latitude": 24.243797819892112, "longitude": 92.332762189965123 }, "geometry": { "type": "Point", "coordinates": [ 92.332762189965123, 24.243797819892112 ] } },
{ "type": "Feature", "properties": { "district_id": 266, "district_name": "Mamit", "state_name": "Mizoram", "point_number": 3, "latitude": 23.264122524666231, "longitude": 92.405705693718048 }, "geometry": { "type": "Point", "coordinates": [ 92.405705693718048, 23.264122524666231 ] } },
{ "type": "Feature", "properties": { "district_id": 266, "district_name": "Mamit", "state_name": "Mizoram", "point_number": 4, "latitude": 23.501841042373144, "longitude": 92.65700881863809 }, "geometry": { "type": "Point", "coordinates": [ 92.65700881863809, 23.501841042373144 ] } },
{ "type": "Feature", "properties": { "district_id": 266, "district_name": "Mamit", "state_name": "Mizoram", "point_number": 5, "latitude": 24.02580477014908, "longitude": 92.575867534181313 }, "geometry": { "type": "Point", "coordinates": [ 92.575867534181313, 24.02580477014908 ] } },
{ "type": "Feature", "properties": { "district_id": 266, "district_name": "Mamit", "state_name": "Mizoram", "point_number": 6, "latitude": 23.523347518328091, "longitude": 92.35779632704363 }, "geometry": { "type": "Point", "coordinates": [ 92.35779632704363, 23.523347518328091 ] } },
{ "type": "Feature", "properties": { "district_id": 265, "district_name": "Lunglei", "state_name": "Mizoram", "point_number": 1, "latitude": 22.951328585027827, "longitude": 92.633594011120721 }, "geometry": { "type": "Point", "coordinates": [ 92.633594011120721, 22.951328585027827 ] } },
{ "type": "Feature", "properties": { "district_id": 265, "district_name": "Lunglei", "state_name": "Mizoram", "point_number": 2, "latitude": 23.382024893390529, "longitude": 92.459235795175346 }, "geometry": { "type": "Point", "coordinates": [ 92.459235795175346, 23.382024893390529 ] } },
{ "type": "Feature", "properties": { "district_id": 265, "district_name": "Lunglei", "state_name": "Mizoram", "point_number": 3, "latitude": 22.568999189396553, "longitude": 92.905850332938229 }, "geometry": { "type": "Point", "coordinates": [ 92.905850332938229, 22.568999189396553 ] } },
{ "type": "Feature", "properties": { "district_id": 265, "district_name": "Lunglei", "state_name": "Mizoram", "point_number": 4, "latitude": 23.234342295294461, "longitude": 92.840694462944185 }, "geometry": { "type": "Point", "coordinates": [ 92.840694462944185, 23.234342295294461 ] } },
{ "type": "Feature", "properties": { "district_id": 265, "district_name": "Lunglei", "state_name": "Mizoram", "point_number": 5, "latitude": 23.139964828290854, "longitude": 92.37096786103173 }, "geometry": { "type": "Point", "coordinates": [ 92.37096786103173, 23.139964828290854 ] } },
{ "type": "Feature", "properties": { "district_id": 265, "district_name": "Lunglei", "state_name": "Mizoram", "point_number": 6, "latitude": 22.709217005871508, "longitude": 92.659524703234425 }, "geometry": { "type": "Point", "coordinates": [ 92.659524703234425, 22.709217005871508 ] } },
{ "type": "Feature", "properties": { "district_id": 290, "district_name": "Jorhat", "state_name": "Assam", "point_number": 1, "latitude": 26.649769883304636, "longitude": 94.270083568096084 }, "geometry": { "type": "Point", "coordinates": [ 94.270083568096084, 26.649769883304636 ] } },
{ "type": "Feature", "properties": { "district_id": 290, "district_name": "Jorhat", "state_name": "Assam", "point_number": 2, "latitude": 26.935221323499022, "longitude": 94.436903032819657 }, "geometry": { "type": "Point", "coordinates": [ 94.436903032819657, 26.935221323499022 ] } },
{ "type": "Feature", "properties": { "district_id": 290, "district_name": "Jorhat", "state_name": "Assam", "point_number": 3, "latitude": 26.377640645609237, "longitude": 94.125887136799079 }, "geometry": { "type": "Point", "coordinates": [ 94.125887136799079, 26.377640645609237 ] } },
{ "type": "Feature", "properties": { "district_id": 290, "district_name": "Jorhat", "state_name": "Assam", "point_number": 4, "latitude": 26.842788460011906, "longitude": 94.018676347242575 }, "geometry": { "type": "Point", "coordinates": [ 94.018676347242575, 26.842788460011906 ] } },
{ "type": "Feature", "properties": { "district_id": 290, "district_name": "Jorhat", "state_name": "Assam", "point_number": 5, "latitude": 26.70968904012836, "longitude": 94.583804827438357 }, "geometry": { "type": "Point", "coordinates": [ 94.583804827438357, 26.70968904012836 ] } },
{ "type": "Feature", "properties": { "district_id": 290, "district_name": "Jorhat", "state_name": "Assam", "point_number": 6, "latitude": 26.832066620887886, "longitude": 94.255396270572788 }, "geometry": { "type": "Point", "coordinates": [ 94.255396270572788, 26.832066620887886 ] } },
{ "type": "Feature", "properties": { "district_id": 280, "district_name": "Barpeta", "state_name": "Assam", "point_number": 1, "latitude": 26.357993504390478, "longitude": 91.058122657886912 }, "geometry": { "type": "Point", "coordinates": [ 91.058122657886912, 26.357993504390478 ] } },
{ "type": "Feature", "properties": { "district_id": 280, "district_name": "Barpeta", "state_name": "Assam", "point_number": 2, "latitude": 26.19272371552076, "longitude": 90.682240865918075 }, "geometry": { "type": "Point", "coordinates": [ 90.682240865918075, 26.19272371552076 ] } },
{ "type": "Feature", "properties": { "district_id": 280, "district_name": "Barpeta", "state_name": "Assam", "point_number": 3, "latitude": 26.601400576435196, "longitude": 90.875459008693099 }, "geometry": { "type": "Point", "coordinates": [ 90.875459008693099, 26.601400576435196 ] } },
{ "type": "Feature", "properties": { "district_id": 280, "district_name": "Barpeta", "state_name": "Assam", "point_number": 4, "latitude": 26.123686800350924, "longitude": 90.963925003908869 }, "geometry": { "type": "Point", "coordinates": [ 90.963925003908869, 26.123686800350924 ] } },
{ "type": "Feature", "properties": { "district_id": 280, "district_name": "Barpeta", "state_name": "Assam", "point_number": 5, "latitude": 26.187200541291126, "longitude": 91.22120906582623 }, "geometry": { "type": "Point", "coordinates": [ 91.22120906582623, 26.187200541291126 ] } },
{ "type": "Feature", "properties": { "district_id": 280, "district_name": "Barpeta", "state_name": "Assam", "point_number": 6, "latitude": 26.354656404850697, "longitude": 90.822765970492398 }, "geometry": { "type": "Point", "coordinates": [ 90.822765970492398, 26.354656404850697 ] } },
{ "type": "Feature", "properties": { "district_id": 612, "district_name": "Chirang", "state_name": "Assam", "point_number": 1, "latitude": 26.645247756703345, "longitude": 90.629424724354621 }, "geometry": { "type": "Point", "coordinates": [ 90.629424724354621, 26.645247756703345 ] } },
{ "type": "Feature", "properties": { "district_id": 612, "district_name": "Chirang", "state_name": "Assam", "point_number": 2, "latitude": 26.893407422897766, "longitude": 90.369495772510064 }, "geometry": { "type": "Point", "coordinates": [ 90.369495772510064, 26.893407422897766 ] } },
{ "type": "Feature", "properties": { "district_id": 612, "district_name": "Chirang", "state_name": "Assam", "point_number": 3, "latitude": 26.389300584622845, "longitude": 90.477964439367057 }, "geometry": { "type": "Point", "coordinates": [ 90.477964439367057, 26.389300584622845 ] } },
{ "type": "Feature", "properties": { "district_id": 612, "district_name": "Chirang", "state_name": "Assam", "point_number": 4, "latitude": 26.751295213676318, "longitude": 90.931125640263033 }, "geometry": { "type": "Point", "coordinates": [ 90.931125640263033, 26.751295213676318 ] } },
{ "type": "Feature", "properties": { "district_id": 612, "district_name": "Chirang", "state_name": "Assam", "point_number": 5, "latitude": 26.662051113339604, "longitude": 90.371780684047692 }, "geometry": { "type": "Point", "coordinates": [ 90.371780684047692, 26.662051113339604 ] } },
{ "type": "Feature", "properties": { "district_id": 612, "district_name": "Chirang", "state_name": "Assam", "point_number": 6, "latitude": 26.52819319487508, "longitude": 90.830936296247643 }, "geometry": { "type": "Point", "coordinates": [ 90.830936296247643, 26.52819319487508 ] } },
{ "type": "Feature", "properties": { "district_id": 281, "district_name": "Bongaigaon", "state_name": "Assam", "point_number": 1, "latitude": 26.348840820764817, "longitude": 90.62985407891793 }, "geometry": { "type": "Point", "coordinates": [ 90.62985407891793, 26.348840820764817 ] } },
{ "type": "Feature", "properties": { "district_id": 281, "district_name": "Bongaigaon", "state_name": "Assam", "point_number": 2, "latitude": 26.204117488469652, "longitude": 90.379326644326213 }, "geometry": { "type": "Point", "coordinates": [ 90.379326644326213, 26.204117488469652 ] } },
{ "type": "Feature", "properties": { "district_id": 281, "district_name": "Bongaigaon", "state_name": "Assam", "point_number": 3, "latitude": 26.513657555083412, "longitude": 90.843426351450731 }, "geometry": { "type": "Point", "coordinates": [ 90.843426351450731, 26.513657555083412 ] } },
{ "type": "Feature", "properties": { "district_id": 281, "district_name": "Bongaigaon", "state_name": "Assam", "point_number": 4, "latitude": 26.436332035290977, "longitude": 90.401633152499087 }, "geometry": { "type": "Point", "coordinates": [ 90.401633152499087, 26.436332035290977 ] } },
{ "type": "Feature", "properties": { "district_id": 281, "district_name": "Bongaigaon", "state_name": "Assam", "point_number": 5, "latitude": 26.51433005171835, "longitude": 90.610569551387016 }, "geometry": { "type": "Point", "coordinates": [ 90.610569551387016, 26.51433005171835 ] } },
{ "type": "Feature", "properties": { "district_id": 281, "district_name": "Bongaigaon", "state_name": "Assam", "point_number": 6, "latitude": 26.359344560660077, "longitude": 90.810274126746023 }, "geometry": { "type": "Point", "coordinates": [ 90.810274126746023, 26.359344560660077 ] } },
{ "type": "Feature", "properties": { "district_id": 298, "district_name": "Nalbari", "state_name": "Assam", "point_number": 1, "latitude": 26.356344669995405, "longitude": 91.400000254321526 }, "geometry": { "type": "Point", "coordinates": [ 91.400000254321526, 26.356344669995405 ] } },
{ "type": "Feature", "properties": { "district_id": 298, "district_name": "Nalbari", "state_name": "Assam", "point_number": 2, "latitude": 26.559407220012925, "longitude": 91.5854220869751 }, "geometry": { "type": "Point", "coordinates": [ 91.5854220869751, 26.559407220012925 ] } },
{ "type": "Feature", "properties": { "district_id": 298, "district_name": "Nalbari", "state_name": "Assam", "point_number": 3, "latitude": 26.180278246473442, "longitude": 91.237486083910369 }, "geometry": { "type": "Point", "coordinates": [ 91.237486083910369, 26.180278246473442 ] } },
{ "type": "Feature", "properties": { "district_id": 298, "district_name": "Nalbari", "state_name": "Assam", "point_number": 4, "latitude": 26.534692317965938, "longitude": 91.254740678427595 }, "geometry": { "type": "Point", "coordinates": [ 91.254740678427595, 26.534692317965938 ] } },
{ "type": "Feature", "properties": { "district_id": 298, "district_name": "Nalbari", "state_name": "Assam", "point_number": 5, "latitude": 26.178167737649872, "longitude": 91.415132087430493 }, "geometry": { "type": "Point", "coordinates": [ 91.415132087430493, 26.178167737649872 ] } },
{ "type": "Feature", "properties": { "district_id": 298, "district_name": "Nalbari", "state_name": "Assam", "point_number": 6, "latitude": 26.532805050654197, "longitude": 91.421998649169907 }, "geometry": { "type": "Point", "coordinates": [ 91.421998649169907, 26.532805050654197 ] } },
{ "type": "Feature", "properties": { "district_id": 617, "district_name": "Udalguri", "state_name": "Assam", "point_number": 1, "latitude": 26.699080460782881, "longitude": 92.043976094661019 }, "geometry": { "type": "Point", "coordinates": [ 92.043976094661019, 26.699080460782881 ] } },
{ "type": "Feature", "properties": { "district_id": 617, "district_name": "Udalguri", "state_name": "Assam", "point_number": 2, "latitude": 26.88590597231428, "longitude": 92.332253976290247 }, "geometry": { "type": "Point", "coordinates": [ 92.332253976290247, 26.88590597231428 ] } },
{ "type": "Feature", "properties": { "district_id": 617, "district_name": "Udalguri", "state_name": "Assam", "point_number": 3, "latitude": 26.799218935524518, "longitude": 91.710963601325986 }, "geometry": { "type": "Point", "coordinates": [ 91.710963601325986, 26.799218935524518 ] } },
{ "type": "Feature", "properties": { "district_id": 617, "district_name": "Udalguri", "state_name": "Assam", "point_number": 4, "latitude": 26.584356679871433, "longitude": 92.361039633133757 }, "geometry": { "type": "Point", "coordinates": [ 92.361039633133757, 26.584356679871433 ] } },
{ "type": "Feature", "properties": { "district_id": 617, "district_name": "Udalguri", "state_name": "Assam", "point_number": 5, "latitude": 26.513672885337108, "longitude": 91.801838636499411 }, "geometry": { "type": "Point", "coordinates": [ 91.801838636499411, 26.513672885337108 ] } },
{ "type": "Feature", "properties": { "district_id": 617, "district_name": "Udalguri", "state_name": "Assam", "point_number": 6, "latitude": 26.906580231305195, "longitude": 91.915927353129916 }, "geometry": { "type": "Point", "coordinates": [ 91.915927353129916, 26.906580231305195 ] } },
{ "type": "Feature", "properties": { "district_id": 618, "district_name": "Kamrup Metro", "state_name": "Assam", "point_number": 1, "latitude": 26.125843432239598, "longitude": 91.862560983916325 }, "geometry": { "type": "Point", "coordinates": [ 91.862560983916325, 26.125843432239598 ] } },
{ "type": "Feature", "properties": { "district_id": 618, "district_name": "Kamrup Metro", "state_name": "Assam", "point_number": 2, "latitude": 26.111573186173061, "longitude": 92.165768262905829 }, "geometry": { "type": "Point", "coordinates": [ 92.165768262905829, 26.111573186173061 ] } },
{ "type": "Feature", "properties": { "district_id": 618, "district_name": "Kamrup Metro", "state_name": "Assam", "point_number": 3, "latitude": 26.059230631346196, "longitude": 91.577217234254476 }, "geometry": { "type": "Point", "coordinates": [ 91.577217234254476, 26.059230631346196 ] } },
{ "type": "Feature", "properties": { "district_id": 618, "district_name": "Kamrup Metro", "state_name": "Assam", "point_number": 4, "latitude": 26.189748940872985, "longitude": 91.670698724589982 }, "geometry": { "type": "Point", "coordinates": [ 91.670698724589982, 26.189748940872985 ] } },
{ "type": "Feature", "properties": { "district_id": 618, "district_name": "Kamrup Metro", "state_name": "Assam", "point_number": 5, "latitude": 26.035931473477586, "longitude": 91.999884143193142 }, "geometry": { "type": "Point", "coordinates": [ 91.999884143193142, 26.035931473477586 ] } },
{ "type": "Feature", "properties": { "district_id": 618, "district_name": "Kamrup Metro", "state_name": "Assam", "point_number": 6, "latitude": 26.199465423083726, "longitude": 92.030619447385547 }, "geometry": { "type": "Point", "coordinates": [ 92.030619447385547, 26.199465423083726 ] } },
{ "type": "Feature", "properties": { "district_id": 296, "district_name": "Marigaon", "state_name": "Assam", "point_number": 1, "latitude": 26.289049923471033, "longitude": 92.291127866867853 }, "geometry": { "type": "Point", "coordinates": [ 92.291127866867853, 26.289049923471033 ] } },
{ "type": "Feature", "properties": { "district_id": 296, "district_name": "Marigaon", "state_name": "Assam", "point_number": 2, "latitude": 26.258654544519786, "longitude": 91.967203732531587 }, "geometry": { "type": "Point", "coordinates": [ 91.967203732531587, 26.258654544519786 ] } },
{ "type": "Feature", "properties": { "district_id": 296, "district_name": "Marigaon", "state_name": "Assam", "point_number": 3, "latitude": 26.506722617843508, "longitude": 92.418150221640474 }, "geometry": { "type": "Point", "coordinates": [ 92.418150221640474, 26.506722617843508 ] } },
{ "type": "Feature", "properties": { "district_id": 296, "district_name": "Marigaon", "state_name": "Assam", "point_number": 4, "latitude": 26.075398181433343, "longitude": 92.230580084634866 }, "geometry": { "type": "Point", "coordinates": [ 92.230580084634866, 26.075398181433343 ] } },
{ "type": "Feature", "properties": { "district_id": 296, "district_name": "Marigaon", "state_name": "Assam", "point_number": 5, "latitude": 26.31124986268328, "longitude": 92.544542269051377 }, "geometry": { "type": "Point", "coordinates": [ 92.544542269051377, 26.31124986268328 ] } },
{ "type": "Feature", "properties": { "district_id": 296, "district_name": "Marigaon", "state_name": "Assam", "point_number": 6, "latitude": 26.158111587150781, "longitude": 92.398113279255554 }, "geometry": { "type": "Point", "coordinates": [ 92.398113279255554, 26.158111587150781 ] } },
{ "type": "Feature", "properties": { "district_id": 299, "district_name": "Dima Hasao", "state_name": "Assam", "point_number": 1, "latitude": 25.397790686268014, "longitude": 93.077240307292996 }, "geometry": { "type": "Point", "coordinates": [ 93.077240307292996, 25.397790686268014 ] } },
{ "type": "Feature", "properties": { "district_id": 299, "district_name": "Dima Hasao", "state_name": "Assam", "point_number": 2, "latitude": 25.128062496750591, "longitude": 92.651234057526722 }, "geometry": { "type": "Point", "coordinates": [ 92.651234057526722, 25.128062496750591 ] } },
{ "type": "Feature", "properties": { "district_id": 299, "district_name": "Dima Hasao", "state_name": "Assam", "point_number": 3, "latitude": 24.981833737701336, "longitude": 93.239183049985286 }, "geometry": { "type": "Point", "coordinates": [ 93.239183049985286, 24.981833737701336 ] } },
{ "type": "Feature", "properties": { "district_id": 299, "district_name": "Dima Hasao", "state_name": "Assam", "point_number": 4, "latitude": 25.80693189690238, "longitude": 92.985664313613142 }, "geometry": { "type": "Point", "coordinates": [ 92.985664313613142, 25.80693189690238 ] } },
{ "type": "Feature", "properties": { "district_id": 299, "district_name": "Dima Hasao", "state_name": "Assam", "point_number": 5, "latitude": 25.522143729545157, "longitude": 92.635915312688709 }, "geometry": { "type": "Point", "coordinates": [ 92.635915312688709, 25.522143729545157 ] } },
{ "type": "Feature", "properties": { "district_id": 299, "district_name": "Dima Hasao", "state_name": "Assam", "point_number": 6, "latitude": 25.286052293913556, "longitude": 93.419918732062158 }, "geometry": { "type": "Point", "coordinates": [ 93.419918732062158, 25.286052293913556 ] } },
{ "type": "Feature", "properties": { "district_id": 301, "district_name": "Sonitpur", "state_name": "Assam", "point_number": 1, "latitude": 26.763396216434884, "longitude": 92.65055666337912 }, "geometry": { "type": "Point", "coordinates": [ 92.65055666337912, 26.763396216434884 ] } },
{ "type": "Feature", "properties": { "district_id": 301, "district_name": "Sonitpur", "state_name": "Assam", "point_number": 2, "latitude": 26.521884217943551, "longitude": 92.353066869325062 }, "geometry": { "type": "Point", "coordinates": [ 92.353066869325062, 26.521884217943551 ] } },
{ "type": "Feature", "properties": { "district_id": 301, "district_name": "Sonitpur", "state_name": "Assam", "point_number": 3, "latitude": 26.921423029313026, "longitude": 92.330156873838476 }, "geometry": { "type": "Point", "coordinates": [ 92.330156873838476, 26.921423029313026 ] } },
{ "type": "Feature", "properties": { "district_id": 301, "district_name": "Sonitpur", "state_name": "Assam", "point_number": 4, "latitude": 26.999349956530825, "longitude": 92.8832815224103 }, "geometry": { "type": "Point", "coordinates": [ 92.8832815224103, 26.999349956530825 ] } },
{ "type": "Feature", "properties": { "district_id": 301, "district_name": "Sonitpur", "state_name": "Assam", "point_number": 5, "latitude": 26.710412004786594, "longitude": 92.97432307728279 }, "geometry": { "type": "Point", "coordinates": [ 92.97432307728279, 26.710412004786594 ] } },
{ "type": "Feature", "properties": { "district_id": 301, "district_name": "Sonitpur", "state_name": "Assam", "point_number": 6, "latitude": 26.528861942350677, "longitude": 92.740551660120957 }, "geometry": { "type": "Point", "coordinates": [ 92.740551660120957, 26.528861942350677 ] } },
{ "type": "Feature", "properties": { "district_id": 284, "district_name": "Dhemaji", "state_name": "Assam", "point_number": 1, "latitude": 27.593552262972167, "longitude": 94.724338719714382 }, "geometry": { "type": "Point", "coordinates": [ 94.724338719714382, 27.593552262972167 ] } },
{ "type": "Feature", "properties": { "district_id": 284, "district_name": "Dhemaji", "state_name": "Assam", "point_number": 2, "latitude": 27.85631266359275, "longitude": 95.472457241759102 }, "geometry": { "type": "Point", "coordinates": [ 95.472457241759102, 27.85631266359275 ] } },
{ "type": "Feature", "properties": { "district_id": 284, "district_name": "Dhemaji", "state_name": "Assam", "point_number": 3, "latitude": 27.329937683210968, "longitude": 94.310235043208579 }, "geometry": { "type": "Point", "coordinates": [ 94.310235043208579, 27.329937683210968 ] } },
{ "type": "Feature", "properties": { "district_id": 284, "district_name": "Dhemaji", "state_name": "Assam", "point_number": 4, "latitude": 27.752583754842906, "longitude": 95.085736206011063 }, "geometry": { "type": "Point", "coordinates": [ 95.085736206011063, 27.752583754842906 ] } },
{ "type": "Feature", "properties": { "district_id": 284, "district_name": "Dhemaji", "state_name": "Assam", "point_number": 5, "latitude": 27.58534777025266, "longitude": 94.24757906001426 }, "geometry": { "type": "Point", "coordinates": [ 94.24757906001426, 27.58534777025266 ] } },
{ "type": "Feature", "properties": { "district_id": 284, "district_name": "Dhemaji", "state_name": "Assam", "point_number": 6, "latitude": 27.362795037419822, "longitude": 94.609577591382973 }, "geometry": { "type": "Point", "coordinates": [ 94.609577591382973, 27.362795037419822 ] } },
{ "type": "Feature", "properties": { "district_id": 300, "district_name": "Sivasagar", "state_name": "Assam", "point_number": 1, "latitude": 26.99306960924114, "longitude": 94.646226053054463 }, "geometry": { "type": "Point", "coordinates": [ 94.646226053054463, 26.99306960924114 ] } },
{ "type": "Feature", "properties": { "district_id": 300, "district_name": "Sivasagar", "state_name": "Assam", "point_number": 2, "latitude": 27.274420660014567, "longitude": 94.736523132042862 }, "geometry": { "type": "Point", "coordinates": [ 94.736523132042862, 27.274420660014567 ] } },
{ "type": "Feature", "properties": { "district_id": 300, "district_name": "Sivasagar", "state_name": "Assam", "point_number": 3, "latitude": 26.717746727798648, "longitude": 94.620547623423448 }, "geometry": { "type": "Point", "coordinates": [ 94.620547623423448, 26.717746727798648 ] } },
{ "type": "Feature", "properties": { "district_id": 300, "district_name": "Sivasagar", "state_name": "Assam", "point_number": 4, "latitude": 27.036342917937056, "longitude": 94.896844076874999 }, "geometry": { "type": "Point", "coordinates": [ 94.896844076874999, 27.036342917937056 ] } },
{ "type": "Feature", "properties": { "district_id": 300, "district_name": "Sivasagar", "state_name": "Assam", "point_number": 5, "latitude": 26.951200830378546, "longitude": 94.400231949792158 }, "geometry": { "type": "Point", "coordinates": [ 94.400231949792158, 26.951200830378546 ] } },
{ "type": "Feature", "properties": { "district_id": 300, "district_name": "Sivasagar", "state_name": "Assam", "point_number": 6, "latitude": 26.849985547368135, "longitude": 94.80673945018755 }, "geometry": { "type": "Point", "coordinates": [ 94.80673945018755, 26.849985547368135 ] } },
{ "type": "Feature", "properties": { "district_id": 286, "district_name": "Dibrugarh", "state_name": "Assam", "point_number": 1, "latitude": 27.397543706301846, "longitude": 94.996543268351076 }, "geometry": { "type": "Point", "coordinates": [ 94.996543268351076, 27.397543706301846 ] } },
{ "type": "Feature", "properties": { "district_id": 286, "district_name": "Dibrugarh", "state_name": "Assam", "point_number": 2, "latitude": 27.15290161511605, "longitude": 95.415661767170619 }, "geometry": { "type": "Point", "coordinates": [ 95.415661767170619, 27.15290161511605 ] } },
{ "type": "Feature", "properties": { "district_id": 286, "district_name": "Dibrugarh", "state_name": "Assam", "point_number": 3, "latitude": 27.156451788152019, "longitude": 94.590228817210132 }, "geometry": { "type": "Point", "coordinates": [ 94.590228817210132, 27.156451788152019 ] } },
{ "type": "Feature", "properties": { "district_id": 286, "district_name": "Dibrugarh", "state_name": "Assam", "point_number": 4, "latitude": 27.604232430235349, "longitude": 95.305981395999538 }, "geometry": { "type": "Point", "coordinates": [ 95.305981395999538, 27.604232430235349 ] } },
{ "type": "Feature", "properties": { "district_id": 286, "district_name": "Dibrugarh", "state_name": "Assam", "point_number": 5, "latitude": 27.143823452567048, "longitude": 95.104885768456299 }, "geometry": { "type": "Point", "coordinates": [ 95.104885768456299, 27.143823452567048 ] } },
{ "type": "Feature", "properties": { "district_id": 286, "district_name": "Dibrugarh", "state_name": "Assam", "point_number": 6, "latitude": 27.655177100379287, "longitude": 95.002116849948379 }, "geometry": { "type": "Point", "coordinates": [ 95.002116849948379, 27.655177100379287 ] } },
{ "type": "Feature", "properties": { "district_id": 288, "district_name": "Golaghat", "state_name": "Assam", "point_number": 1, "latitude": 26.311422664396662, "longitude": 93.99308331303105 }, "geometry": { "type": "Point", "coordinates": [ 93.99308331303105, 26.311422664396662 ] } },
{ "type": "Feature", "properties": { "district_id": 288, "district_name": "Golaghat", "state_name": "Assam", "point_number": 2, "latitude": 26.731930426644595, "longitude": 93.35968144221259 }, "geometry": { "type": "Point", "coordinates": [ 93.35968144221259, 26.731930426644595 ] } },
{ "type": "Feature", "properties": { "district_id": 288, "district_name": "Golaghat", "state_name": "Assam", "point_number": 3, "latitude": 25.855565584138404, "longitude": 93.818020230337353 }, "geometry": { "type": "Point", "coordinates": [ 93.818020230337353, 25.855565584138404 ] } },
{ "type": "Feature", "properties": { "district_id": 288, "district_name": "Golaghat", "state_name": "Assam", "point_number": 4, "latitude": 26.783447575673911, "longitude": 93.947646944827156 }, "geometry": { "type": "Point", "coordinates": [ 93.947646944827156, 26.783447575673911 ] } },
{ "type": "Feature", "properties": { "district_id": 288, "district_name": "Golaghat", "state_name": "Assam", "point_number": 5, "latitude": 26.607721915352833, "longitude": 93.668414518437814 }, "geometry": { "type": "Point", "coordinates": [ 93.668414518437814, 26.607721915352833 ] } },
{ "type": "Feature", "properties": { "district_id": 288, "district_name": "Golaghat", "state_name": "Assam", "point_number": 6, "latitude": 26.564952089105855, "longitude": 94.079276511633466 }, "geometry": { "type": "Point", "coordinates": [ 94.079276511633466, 26.564952089105855 ] } },
{ "type": "Feature", "properties": { "district_id": 282, "district_name": "Cachar", "state_name": "Assam", "point_number": 1, "latitude": 24.757802608252646, "longitude": 92.88082161533039 }, "geometry": { "type": "Point", "coordinates": [ 92.88082161533039, 24.757802608252646 ] } },
{ "type": "Feature", "properties": { "district_id": 282, "district_name": "Cachar", "state_name": "Assam", "point_number": 2, "latitude": 25.099438020357333, "longitude": 92.482132778671115 }, "geometry": { "type": "Point", "coordinates": [ 92.482132778671115, 25.099438020357333 ] } },
{ "type": "Feature", "properties": { "district_id": 282, "district_name": "Cachar", "state_name": "Assam", "point_number": 3, "latitude": 24.41128619831413, "longitude": 93.017427222493495 }, "geometry": { "type": "Point", "coordinates": [ 93.017427222493495, 24.41128619831413 ] } },
{ "type": "Feature", "properties": { "district_id": 282, "district_name": "Cachar", "state_name": "Assam", "point_number": 4, "latitude": 25.103197022869924, "longitude": 93.024265599445158 }, "geometry": { "type": "Point", "coordinates": [ 93.024265599445158, 25.103197022869924 ] } },
{ "type": "Feature", "properties": { "district_id": 282, "district_name": "Cachar", "state_name": "Assam", "point_number": 5, "latitude": 24.837480576312863, "longitude": 93.197987355508275 }, "geometry": { "type": "Point", "coordinates": [ 93.197987355508275, 24.837480576312863 ] } },
{ "type": "Feature", "properties": { "district_id": 282, "district_name": "Cachar", "state_name": "Assam", "point_number": 6, "latitude": 24.868913887718211, "longitude": 92.6055813842341 }, "geometry": { "type": "Point", "coordinates": [ 92.6055813842341, 24.868913887718211 ] } },
{ "type": "Feature", "properties": { "district_id": 293, "district_name": "Sribhumi", "state_name": "Assam", "point_number": 1, "latitude": 24.582509652589774, "longitude": 92.371446259613037 }, "geometry": { "type": "Point", "coordinates": [ 92.371446259613037, 24.582509652589774 ] } },
{ "type": "Feature", "properties": { "district_id": 293, "district_name": "Sribhumi", "state_name": "Assam", "point_number": 2, "latitude": 24.261332844684674, "longitude": 92.226647103742266 }, "geometry": { "type": "Point", "coordinates": [ 92.226647103742266, 24.261332844684674 ] } },
{ "type": "Feature", "properties": { "district_id": 293, "district_name": "Sribhumi", "state_name": "Assam", "point_number": 3, "latitude": 24.870968649287605, "longitude": 92.557789715581634 }, "geometry": { "type": "Point", "coordinates": [ 92.557789715581634, 24.870968649287605 ] } },
{ "type": "Feature", "properties": { "district_id": 293, "district_name": "Sribhumi", "state_name": "Assam", "point_number": 4, "latitude": 24.86081619471905, "longitude": 92.247869456314035 }, "geometry": { "type": "Point", "coordinates": [ 92.247869456314035, 24.86081619471905 ] } },
{ "type": "Feature", "properties": { "district_id": 293, "district_name": "Sribhumi", "state_name": "Assam", "point_number": 5, "latitude": 24.373496528150699, "longitude": 92.449908733645813 }, "geometry": { "type": "Point", "coordinates": [ 92.449908733645813, 24.373496528150699 ] } },
{ "type": "Feature", "properties": { "district_id": 293, "district_name": "Sribhumi", "state_name": "Assam", "point_number": 6, "latitude": 24.7507479695123, "longitude": 92.409012071509792 }, "geometry": { "type": "Point", "coordinates": [ 92.409012071509792, 24.7507479695123 ] } },
{ "type": "Feature", "properties": { "district_id": 289, "district_name": "Hailakandi", "state_name": "Assam", "point_number": 1, "latitude": 24.507224736045462, "longitude": 92.63029411399917 }, "geometry": { "type": "Point", "coordinates": [ 92.63029411399917, 24.507224736045462 ] } },
{ "type": "Feature", "properties": { "district_id": 289, "district_name": "Hailakandi", "state_name": "Assam", "point_number": 2, "latitude": 24.15298033975122, "longitude": 92.439395257658191 }, "geometry": { "type": "Point", "coordinates": [ 92.439395257658191, 24.15298033975122 ] } },
{ "type": "Feature", "properties": { "district_id": 289, "district_name": "Hailakandi", "state_name": "Assam", "point_number": 3, "latitude": 24.874589177575807, "longitude": 92.589149888173111 }, "geometry": { "type": "Point", "coordinates": [ 92.589149888173111, 24.874589177575807 ] } },
{ "type": "Feature", "properties": { "district_id": 289, "district_name": "Hailakandi", "state_name": "Assam", "point_number": 4, "latitude": 24.67836695508247, "longitude": 92.499432978527707 }, "geometry": { "type": "Point", "coordinates": [ 92.499432978527707, 24.67836695508247 ] } },
{ "type": "Feature", "properties": { "district_id": 289, "district_name": "Hailakandi", "state_name": "Assam", "point_number": 5, "latitude": 24.310990661808447, "longitude": 92.600430738921418 }, "geometry": { "type": "Point", "coordinates": [ 92.600430738921418, 24.310990661808447 ] } },
{ "type": "Feature", "properties": { "district_id": 289, "district_name": "Hailakandi", "state_name": "Assam", "point_number": 6, "latitude": 24.734131960049815, "longitude": 92.644846172802744 }, "geometry": { "type": "Point", "coordinates": [ 92.644846172802744, 24.734131960049815 ] } },
{ "type": "Feature", "properties": { "district_id": 276, "district_name": "Ri Bhoi", "state_name": "Meghalaya", "point_number": 1, "latitude": 25.874094395746187, "longitude": 91.85531172816161 }, "geometry": { "type": "Point", "coordinates": [ 91.85531172816161, 25.874094395746187 ] } },
{ "type": "Feature", "properties": { "district_id": 276, "district_name": "Ri Bhoi", "state_name": "Meghalaya", "point_number": 2, "latitude": 25.808628435687044, "longitude": 91.358712511540119 }, "geometry": { "type": "Point", "coordinates": [ 91.358712511540119, 25.808628435687044 ] } },
{ "type": "Feature", "properties": { "district_id": 276, "district_name": "Ri Bhoi", "state_name": "Meghalaya", "point_number": 3, "latitude": 26.047034445755415, "longitude": 92.249710129973607 }, "geometry": { "type": "Point", "coordinates": [ 92.249710129973607, 26.047034445755415 ] } },
{ "type": "Feature", "properties": { "district_id": 276, "district_name": "Ri Bhoi", "state_name": "Meghalaya", "point_number": 4, "latitude": 25.684457835317232, "longitude": 92.13988178493463 }, "geometry": { "type": "Point", "coordinates": [ 92.13988178493463, 25.684457835317232 ] } },
{ "type": "Feature", "properties": { "district_id": 276, "district_name": "Ri Bhoi", "state_name": "Meghalaya", "point_number": 5, "latitude": 26.006230439009475, "longitude": 91.56849778499145 }, "geometry": { "type": "Point", "coordinates": [ 91.56849778499145, 26.006230439009475 ] } },
{ "type": "Feature", "properties": { "district_id": 276, "district_name": "Ri Bhoi", "state_name": "Meghalaya", "point_number": 6, "latitude": 25.656151595269563, "longitude": 91.832568106266265 }, "geometry": { "type": "Point", "coordinates": [ 91.832568106266265, 25.656151595269563 ] } },
{ "type": "Feature", "properties": { "district_id": 658, "district_name": "South West Khasi Hills", "state_name": "Meghalaya", "point_number": 1, "latitude": 25.309598491031441, "longitude": 91.324631804817415 }, "geometry": { "type": "Point", "coordinates": [ 91.324631804817415, 25.309598491031441 ] } },
{ "type": "Feature", "properties": { "district_id": 658, "district_name": "South West Khasi Hills", "state_name": "Meghalaya", "point_number": 2, "latitude": 25.298301774233519, "longitude": 90.876911312636352 }, "geometry": { "type": "Point", "coordinates": [ 90.876911312636352, 25.298301774233519 ] } },
{ "type": "Feature", "properties": { "district_id": 658, "district_name": "South West Khasi Hills", "state_name": "Meghalaya", "point_number": 3, "latitude": 25.430365980453136, "longitude": 91.533486911495046 }, "geometry": { "type": "Point", "coordinates": [ 91.533486911495046, 25.430365980453136 ] } },
{ "type": "Feature", "properties": { "district_id": 658, "district_name": "South West Khasi Hills", "state_name": "Meghalaya", "point_number": 4, "latitude": 25.416393584198993, "longitude": 91.115617388710263 }, "geometry": { "type": "Point", "coordinates": [ 91.115617388710263, 25.416393584198993 ] } },
{ "type": "Feature", "properties": { "district_id": 658, "district_name": "South West Khasi Hills", "state_name": "Meghalaya", "point_number": 5, "latitude": 25.219058691513172, "longitude": 91.099233316589604 }, "geometry": { "type": "Point", "coordinates": [ 91.099233316589604, 25.219058691513172 ] } },
{ "type": "Feature", "properties": { "district_id": 658, "district_name": "South West Khasi Hills", "state_name": "Meghalaya", "point_number": 6, "latitude": 25.292190862239512, "longitude": 91.541393628865777 }, "geometry": { "type": "Point", "coordinates": [ 91.541393628865777, 25.292190862239512 ] } },
{ "type": "Feature", "properties": { "district_id": 663, "district_name": "South West Garo Hills", "state_name": "Meghalaya", "point_number": 1, "latitude": 25.438575612041394, "longitude": 89.995099818818048 }, "geometry": { "type": "Point", "coordinates": [ 89.995099818818048, 25.438575612041394 ] } },
{ "type": "Feature", "properties": { "district_id": 663, "district_name": "South West Garo Hills", "state_name": "Meghalaya", "point_number": 2, "latitude": 25.316324027710266, "longitude": 89.842393137375197 }, "geometry": { "type": "Point", "coordinates": [ 89.842393137375197, 25.316324027710266 ] } },
{ "type": "Feature", "properties": { "district_id": 663, "district_name": "South West Garo Hills", "state_name": "Meghalaya", "point_number": 3, "latitude": 25.523426519097949, "longitude": 90.154933058974436 }, "geometry": { "type": "Point", "coordinates": [ 90.154933058974436, 25.523426519097949 ] } },
{ "type": "Feature", "properties": { "district_id": 663, "district_name": "South West Garo Hills", "state_name": "Meghalaya", "point_number": 4, "latitude": 25.547475825661273, "longitude": 89.889713116843566 }, "geometry": { "type": "Point", "coordinates": [ 89.889713116843566, 25.547475825661273 ] } },
{ "type": "Feature", "properties": { "district_id": 663, "district_name": "South West Garo Hills", "state_name": "Meghalaya", "point_number": 5, "latitude": 25.389733826430376, "longitude": 90.148549289080179 }, "geometry": { "type": "Point", "coordinates": [ 90.148549289080179, 25.389733826430376 ] } },
{ "type": "Feature", "properties": { "district_id": 663, "district_name": "South West Garo Hills", "state_name": "Meghalaya", "point_number": 6, "latitude": 25.436333376181146, "longitude": 89.834980822541269 }, "geometry": { "type": "Point", "coordinates": [ 89.834980822541269, 25.436333376181146 ] } },
{ "type": "Feature", "properties": { "district_id": 656, "district_name": "North Garo Hills", "state_name": "Meghalaya", "point_number": 1, "latitude": 25.857116902515489, "longitude": 90.701707087868414 }, "geometry": { "type": "Point", "coordinates": [ 90.701707087868414, 25.857116902515489 ] } },
{ "type": "Feature", "properties": { "district_id": 656, "district_name": "North Garo Hills", "state_name": "Meghalaya", "point_number": 2, "latitude": 25.790403597960221, "longitude": 90.344267867051343 }, "geometry": { "type": "Point", "coordinates": [ 90.344267867051343, 25.790403597960221 ] } },
{ "type": "Feature", "properties": { "district_id": 656, "district_name": "North Garo Hills", "state_name": "Meghalaya", "point_number": 3, "latitude": 25.862186453626684, "longitude": 90.989262394330382 }, "geometry": { "type": "Point", "coordinates": [ 90.989262394330382, 25.862186453626684 ] } },
{ "type": "Feature", "properties": { "district_id": 656, "district_name": "North Garo Hills", "state_name": "Meghalaya", "point_number": 4, "latitude": 25.983380549509338, "longitude": 90.483644381232011 }, "geometry": { "type": "Point", "coordinates": [ 90.483644381232011, 25.983380549509338 ] } },
{ "type": "Feature", "properties": { "district_id": 656, "district_name": "North Garo Hills", "state_name": "Meghalaya", "point_number": 5, "latitude": 25.766432909813773, "longitude": 90.531665469611568 }, "geometry": { "type": "Point", "coordinates": [ 90.531665469611568, 25.766432909813773 ] } },
{ "type": "Feature", "properties": { "district_id": 656, "district_name": "North Garo Hills", "state_name": "Meghalaya", "point_number": 6, "latitude": 25.735804345407484, "longitude": 90.89025952976958 }, "geometry": { "type": "Point", "coordinates": [ 90.89025952976958, 25.735804345407484 ] } },
{ "type": "Feature", "properties": { "district_id": 275, "district_name": "West Jaintia Hills", "state_name": "Meghalaya", "point_number": 1, "latitude": 25.435850372367927, "longitude": 92.292164156782746 }, "geometry": { "type": "Point", "coordinates": [ 92.292164156782746, 25.435850372367927 ] } },
{ "type": "Feature", "properties": { "district_id": 275, "district_name": "West Jaintia Hills", "state_name": "Meghalaya", "point_number": 2, "latitude": 25.222171845794012, "longitude": 92.018516779028118 }, "geometry": { "type": "Point", "coordinates": [ 92.018516779028118, 25.222171845794012 ] } },
{ "type": "Feature", "properties": { "district_id": 275, "district_name": "West Jaintia Hills", "state_name": "Meghalaya", "point_number": 3, "latitude": 25.720239220979835, "longitude": 92.432603562053998 }, "geometry": { "type": "Point", "coordinates": [ 92.432603562053998, 25.720239220979835 ] } },
{ "type": "Feature", "properties": { "district_id": 275, "district_name": "West Jaintia Hills", "state_name": "Meghalaya", "point_number": 4, "latitude": 25.498213217309761, "longitude": 92.585307982411692 }, "geometry": { "type": "Point", "coordinates": [ 92.585307982411692, 25.498213217309761 ] } },
{ "type": "Feature", "properties": { "district_id": 275, "district_name": "West Jaintia Hills", "state_name": "Meghalaya", "point_number": 5, "latitude": 25.630039042093607, "longitude": 92.136112941259654 }, "geometry": { "type": "Point", "coordinates": [ 92.136112941259654, 25.630039042093607 ] } },
{ "type": "Feature", "properties": { "district_id": 275, "district_name": "West Jaintia Hills", "state_name": "Meghalaya", "point_number": 6, "latitude": 25.20239798697477, "longitude": 92.225703295224818 }, "geometry": { "type": "Point", "coordinates": [ 92.225703295224818, 25.20239798697477 ] } },
{ "type": "Feature", "properties": { "district_id": 261, "district_name": "Aizawl", "state_name": "Mizoram", "point_number": 1, "latitude": 23.864786565381085, "longitude": 92.901699773087756 }, "geometry": { "type": "Point", "coordinates": [ 92.901699773087756, 23.864786565381085 ] } },
{ "type": "Feature", "properties": { "district_id": 261, "district_name": "Aizawl", "state_name": "Mizoram", "point_number": 2, "latitude": 23.335150109067442, "longitude": 92.706131596965776 }, "geometry": { "type": "Point", "coordinates": [ 92.706131596965776, 23.335150109067442 ] } },
{ "type": "Feature", "properties": { "district_id": 261, "district_name": "Aizawl", "state_name": "Mizoram", "point_number": 3, "latitude": 24.40044366959841, "longitude": 92.976773736834261 }, "geometry": { "type": "Point", "coordinates": [ 92.976773736834261, 24.40044366959841 ] } },
{ "type": "Feature", "properties": { "district_id": 261, "district_name": "Aizawl", "state_name": "Mizoram", "point_number": 4, "latitude": 23.537980116082441, "longitude": 93.026545133246145 }, "geometry": { "type": "Point", "coordinates": [ 93.026545133246145, 23.537980116082441 ] } },
{ "type": "Feature", "properties": { "district_id": 261, "district_name": "Aizawl", "state_name": "Mizoram", "point_number": 5, "latitude": 23.630263250515309, "longitude": 92.712575946934379 }, "geometry": { "type": "Point", "coordinates": [ 92.712575946934379, 23.630263250515309 ] } },
{ "type": "Feature", "properties": { "district_id": 261, "district_name": "Aizawl", "state_name": "Mizoram", "point_number": 6, "latitude": 24.15143951257123, "longitude": 92.89031324686097 }, "geometry": { "type": "Point", "coordinates": [ 92.89031324686097, 24.15143951257123 ] } },
{ "type": "Feature", "properties": { "district_id": 285, "district_name": "Dhubri", "state_name": "Assam", "point_number": 1, "latitude": 26.131460353258003, "longitude": 90.125130250521025 }, "geometry": { "type": "Point", "coordinates": [ 90.125130250521025, 26.131460353258003 ] } },
{ "type": "Feature", "properties": { "district_id": 285, "district_name": "Dhubri", "state_name": "Assam", "point_number": 2, "latitude": 26.253446345586713, "longitude": 89.727753453974245 }, "geometry": { "type": "Point", "coordinates": [ 89.727753453974245, 26.253446345586713 ] } },
{ "type": "Feature", "properties": { "district_id": 285, "district_name": "Dhubri", "state_name": "Assam", "point_number": 3, "latitude": 26.293151174222512, "longitude": 90.47693340367745 }, "geometry": { "type": "Point", "coordinates": [ 90.47693340367745, 26.293151174222512 ] } },
{ "type": "Feature", "properties": { "district_id": 285, "district_name": "Dhubri", "state_name": "Assam", "point_number": 4, "latitude": 25.900294217593263, "longitude": 89.866989366425912 }, "geometry": { "type": "Point", "coordinates": [ 89.866989366425912, 25.900294217593263 ] } },
{ "type": "Feature", "properties": { "district_id": 285, "district_name": "Dhubri", "state_name": "Assam", "point_number": 5, "latitude": 26.347559499176466, "longitude": 90.2055093944318 }, "geometry": { "type": "Point", "coordinates": [ 90.2055093944318, 26.347559499176466 ] } },
{ "type": "Feature", "properties": { "district_id": 285, "district_name": "Dhubri", "state_name": "Assam", "point_number": 6, "latitude": 26.098713531154154, "longitude": 89.889993518751609 }, "geometry": { "type": "Point", "coordinates": [ 89.889993518751609, 26.098713531154154 ] } },
{ "type": "Feature", "properties": { "district_id": 287, "district_name": "Goalpara", "state_name": "Assam", "point_number": 1, "latitude": 26.047723904687704, "longitude": 90.59882602306557 }, "geometry": { "type": "Point", "coordinates": [ 90.59882602306557, 26.047723904687704 ] } },
{ "type": "Feature", "properties": { "district_id": 287, "district_name": "Goalpara", "state_name": "Assam", "point_number": 2, "latitude": 26.010882579130868, "longitude": 91.097697704733889 }, "geometry": { "type": "Point", "coordinates": [ 91.097697704733889, 26.010882579130868 ] } },
{ "type": "Feature", "properties": { "district_id": 287, "district_name": "Goalpara", "state_name": "Assam", "point_number": 3, "latitude": 25.976329285922635, "longitude": 90.147818155186627 }, "geometry": { "type": "Point", "coordinates": [ 90.147818155186627, 25.976329285922635 ] } },
{ "type": "Feature", "properties": { "district_id": 287, "district_name": "Goalpara", "state_name": "Assam", "point_number": 4, "latitude": 26.167975950896878, "longitude": 90.33786811149298 }, "geometry": { "type": "Point", "coordinates": [ 90.33786811149298, 26.167975950896878 ] } },
{ "type": "Feature", "properties": { "district_id": 287, "district_name": "Goalpara", "state_name": "Assam", "point_number": 5, "latitude": 26.029662431891339, "longitude": 90.849017594590663 }, "geometry": { "type": "Point", "coordinates": [ 90.849017594590663, 26.029662431891339 ] } },
{ "type": "Feature", "properties": { "district_id": 287, "district_name": "Goalpara", "state_name": "Assam", "point_number": 6, "latitude": 26.013717081166323, "longitude": 90.410203630989159 }, "geometry": { "type": "Point", "coordinates": [ 90.410203630989159, 26.013717081166323 ] } },
{ "type": "Feature", "properties": { "district_id": 708, "district_name": "Charaideo", "state_name": "Assam", "point_number": 1, "latitude": 27.069749606136313, "longitude": 95.064524903410671 }, "geometry": { "type": "Point", "coordinates": [ 95.064524903410671, 27.069749606136313 ] } },
{ "type": "Feature", "properties": { "district_id": 708, "district_name": "Charaideo", "state_name": "Assam", "point_number": 2, "latitude": 27.148994198332911, "longitude": 95.362475321483743 }, "geometry": { "type": "Point", "coordinates": [ 95.362475321483743, 27.148994198332911 ] } },
{ "type": "Feature", "properties": { "district_id": 708, "district_name": "Charaideo", "state_name": "Assam", "point_number": 3, "latitude": 26.940148387783591, "longitude": 94.806852723816348 }, "geometry": { "type": "Point", "coordinates": [ 94.806852723816348, 26.940148387783591 ] } },
{ "type": "Feature", "properties": { "district_id": 708, "district_name": "Charaideo", "state_name": "Assam", "point_number": 4, "latitude": 27.119768731734197, "longitude": 94.856296206315307 }, "geometry": { "type": "Point", "coordinates": [ 94.856296206315307, 27.119768731734197 ] } },
{ "type": "Feature", "properties": { "district_id": 708, "district_name": "Charaideo", "state_name": "Assam", "point_number": 5, "latitude": 26.92370764476459, "longitude": 94.990539077212972 }, "geometry": { "type": "Point", "coordinates": [ 94.990539077212972, 26.92370764476459 ] } },
{ "type": "Feature", "properties": { "district_id": 708, "district_name": "Charaideo", "state_name": "Assam", "point_number": 6, "latitude": 27.044860241889914, "longitude": 95.23309264405853 }, "geometry": { "type": "Point", "coordinates": [ 95.23309264405853, 27.044860241889914 ] } },
{ "type": "Feature", "properties": { "district_id": 705, "district_name": "Biswanath", "state_name": "Assam", "point_number": 1, "latitude": 26.785476096043443, "longitude": 93.309651986387635 }, "geometry": { "type": "Point", "coordinates": [ 93.309651986387635, 26.785476096043443 ] } },
{ "type": "Feature", "properties": { "district_id": 705, "district_name": "Biswanath", "state_name": "Assam", "point_number": 2, "latitude": 26.876800862026009, "longitude": 93.75690170383136 }, "geometry": { "type": "Point", "coordinates": [ 93.75690170383136, 26.876800862026009 ] } },
{ "type": "Feature", "properties": { "district_id": 705, "district_name": "Biswanath", "state_name": "Assam", "point_number": 3, "latitude": 26.625930085477716, "longitude": 92.944491021786291 }, "geometry": { "type": "Point", "coordinates": [ 92.944491021786291, 26.625930085477716 ] } },
{ "type": "Feature", "properties": { "district_id": 705, "district_name": "Biswanath", "state_name": "Assam", "point_number": 4, "latitude": 26.921818463450315, "longitude": 92.983592844802686 }, "geometry": { "type": "Point", "coordinates": [ 92.983592844802686, 26.921818463450315 ] } },
{ "type": "Feature", "properties": { "district_id": 705, "district_name": "Biswanath", "state_name": "Assam", "point_number": 5, "latitude": 26.743678663498606, "longitude": 93.56430586533439 }, "geometry": { "type": "Point", "coordinates": [ 93.56430586533439, 26.743678663498606 ] } },
{ "type": "Feature", "properties": { "district_id": 705, "district_name": "Biswanath", "state_name": "Assam", "point_number": 6, "latitude": 26.934507379854235, "longitude": 93.464230955739026 }, "geometry": { "type": "Point", "coordinates": [ 93.464230955739026, 26.934507379854235 ] } },
{ "type": "Feature", "properties": { "district_id": 706, "district_name": "Majuli", "state_name": "Assam", "point_number": 1, "latitude": 26.973865649652531, "longitude": 94.283729400311174 }, "geometry": { "type": "Point", "coordinates": [ 94.283729400311174, 26.973865649652531 ] } },
{ "type": "Feature", "properties": { "district_id": 706, "district_name": "Majuli", "state_name": "Assam", "point_number": 2, "latitude": 26.798279745737592, "longitude": 93.766370779674503 }, "geometry": { "type": "Point", "coordinates": [ 93.766370779674503, 26.798279745737592 ] } },
{ "type": "Feature", "properties": { "district_id": 706, "district_name": "Majuli", "state_name": "Assam", "point_number": 3, "latitude": 27.178855366333362, "longitude": 94.564137081325583 }, "geometry": { "type": "Point", "coordinates": [ 94.564137081325583, 27.178855366333362 ] } },
{ "type": "Feature", "properties": { "district_id": 706, "district_name": "Majuli", "state_name": "Assam", "point_number": 4, "latitude": 26.87515899821766, "longitude": 94.028621917489517 }, "geometry": { "type": "Point", "coordinates": [ 94.028621917489517, 26.87515899821766 ] } },
{ "type": "Feature", "properties": { "district_id": 706, "district_name": "Majuli", "state_name": "Assam", "point_number": 5, "latitude": 27.057411958734399, "longitude": 94.441202129591318 }, "geometry": { "type": "Point", "coordinates": [ 94.441202129591318, 27.057411958734399 ] } },
{ "type": "Feature", "properties": { "district_id": 706, "district_name": "Majuli", "state_name": "Assam", "point_number": 6, "latitude": 26.788795611795397, "longitude": 93.926656141035565 }, "geometry": { "type": "Point", "coordinates": [ 93.926656141035565, 26.788795611795397 ] } },
{ "type": "Feature", "properties": { "district_id": 709, "district_name": "Hojai", "state_name": "Assam", "point_number": 1, "latitude": 25.962914657752666, "longitude": 92.979412121102953 }, "geometry": { "type": "Point", "coordinates": [ 92.979412121102953, 25.962914657752666 ] } },
{ "type": "Feature", "properties": { "district_id": 709, "district_name": "Hojai", "state_name": "Assam", "point_number": 2, "latitude": 25.741470367302572, "longitude": 93.211776803440173 }, "geometry": { "type": "Point", "coordinates": [ 93.211776803440173, 25.741470367302572 ] } },
{ "type": "Feature", "properties": { "district_id": 709, "district_name": "Hojai", "state_name": "Assam", "point_number": 3, "latitude": 26.131778138953131, "longitude": 92.711988955960734 }, "geometry": { "type": "Point", "coordinates": [ 92.711988955960734, 26.131778138953131 ] } },
{ "type": "Feature", "properties": { "district_id": 709, "district_name": "Hojai", "state_name": "Assam", "point_number": 4, "latitude": 26.170709745809148, "longitude": 92.94770198981351 }, "geometry": { "type": "Point", "coordinates": [ 92.94770198981351, 26.170709745809148 ] } },
{ "type": "Feature", "properties": { "district_id": 709, "district_name": "Hojai", "state_name": "Assam", "point_number": 5, "latitude": 25.962022468252506, "longitude": 92.770945830277398 }, "geometry": { "type": "Point", "coordinates": [ 92.770945830277398, 25.962022468252506 ] } },
{ "type": "Feature", "properties": { "district_id": 709, "district_name": "Hojai", "state_name": "Assam", "point_number": 6, "latitude": 25.904756506313145, "longitude": 93.166848476755774 }, "geometry": { "type": "Point", "coordinates": [ 93.166848476755774, 25.904756506313145 ] } },
{ "type": "Feature", "properties": { "district_id": 707, "district_name": "South Salmara Mancachar", "state_name": "Assam", "point_number": 1, "latitude": 25.760038209776074, "longitude": 89.893625412500498 }, "geometry": { "type": "Point", "coordinates": [ 89.893625412500498, 25.760038209776074 ] } },
{ "type": "Feature", "properties": { "district_id": 707, "district_name": "South Salmara Mancachar", "state_name": "Assam", "point_number": 2, "latitude": 26.0367867313809, "longitude": 90.165605433760064 }, "geometry": { "type": "Point", "coordinates": [ 90.165605433760064, 26.0367867313809 ] } },
{ "type": "Feature", "properties": { "district_id": 707, "district_name": "South Salmara Mancachar", "state_name": "Assam", "point_number": 3, "latitude": 25.470661647200647, "longitude": 89.858210809467465 }, "geometry": { "type": "Point", "coordinates": [ 89.858210809467465, 25.470661647200647 ] } },
{ "type": "Feature", "properties": { "district_id": 707, "district_name": "South Salmara Mancachar", "state_name": "Assam", "point_number": 4, "latitude": 25.952536796807067, "longitude": 89.958404715836437 }, "geometry": { "type": "Point", "coordinates": [ 89.958404715836437, 25.952536796807067 ] } },
{ "type": "Feature", "properties": { "district_id": 707, "district_name": "South Salmara Mancachar", "state_name": "Assam", "point_number": 5, "latitude": 25.60407329784492, "longitude": 90.016602368807469 }, "geometry": { "type": "Point", "coordinates": [ 90.016602368807469, 25.60407329784492 ] } },
{ "type": "Feature", "properties": { "district_id": 707, "district_name": "South Salmara Mancachar", "state_name": "Assam", "point_number": 6, "latitude": 25.869126289493362, "longitude": 89.837740769598767 }, "geometry": { "type": "Point", "coordinates": [ 89.837740769598767, 25.869126289493362 ] } },
{ "type": "Feature", "properties": { "district_id": 292, "district_name": "Karbi Anglong", "state_name": "Assam", "point_number": 1, "latitude": 26.070245308352234, "longitude": 93.451323831039019 }, "geometry": { "type": "Point", "coordinates": [ 93.451323831039019, 26.070245308352234 ] } },
{ "type": "Feature", "properties": { "district_id": 292, "district_name": "Karbi Anglong", "state_name": "Assam", "point_number": 2, "latitude": 26.595923582049945, "longitude": 93.723274625242425 }, "geometry": { "type": "Point", "coordinates": [ 93.723274625242425, 26.595923582049945 ] } },
{ "type": "Feature", "properties": { "district_id": 292, "district_name": "Karbi Anglong", "state_name": "Assam", "point_number": 3, "latitude": 26.526125214540631, "longitude": 93.070968901513467 }, "geometry": { "type": "Point", "coordinates": [ 93.070968901513467, 26.526125214540631 ] } },
{ "type": "Feature", "properties": { "district_id": 292, "district_name": "Karbi Anglong", "state_name": "Assam", "point_number": 4, "latitude": 25.560619200501268, "longitude": 93.225758987307046 }, "geometry": { "type": "Point", "coordinates": [ 93.225758987307046, 25.560619200501268 ] } },
{ "type": "Feature", "properties": { "district_id": 292, "district_name": "Karbi Anglong", "state_name": "Assam", "point_number": 5, "latitude": 26.13512359955574, "longitude": 92.996911629795292 }, "geometry": { "type": "Point", "coordinates": [ 92.996911629795292, 26.13512359955574 ] } },
{ "type": "Feature", "properties": { "district_id": 292, "district_name": "Karbi Anglong", "state_name": "Assam", "point_number": 6, "latitude": 26.219625661702814, "longitude": 93.836991926283872 }, "geometry": { "type": "Point", "coordinates": [ 93.836991926283872, 26.219625661702814 ] } },
{ "type": "Feature", "properties": { "district_id": 710, "district_name": "West Karbi Anglong", "state_name": "Assam", "point_number": 1, "latitude": 25.852530637437663, "longitude": 92.587243097636744 }, "geometry": { "type": "Point", "coordinates": [ 92.587243097636744, 25.852530637437663 ] } },
{ "type": "Feature", "properties": { "district_id": 710, "district_name": "West Karbi Anglong", "state_name": "Assam", "point_number": 2, "latitude": 25.713874858523091, "longitude": 92.148767339635612 }, "geometry": { "type": "Point", "coordinates": [ 92.148767339635612, 25.713874858523091 ] } },
{ "type": "Feature", "properties": { "district_id": 710, "district_name": "West Karbi Anglong", "state_name": "Assam", "point_number": 3, "latitude": 25.843046918749646, "longitude": 93.006565967128608 }, "geometry": { "type": "Point", "coordinates": [ 93.006565967128608, 25.843046918749646 ] } },
{ "type": "Feature", "properties": { "district_id": 710, "district_name": "West Karbi Anglong", "state_name": "Assam", "point_number": 4, "latitude": 26.074909881253422, "longitude": 92.304303160052299 }, "geometry": { "type": "Point", "coordinates": [ 92.304303160052299, 26.074909881253422 ] } },
{ "type": "Feature", "properties": { "district_id": 710, "district_name": "West Karbi Anglong", "state_name": "Assam", "point_number": 5, "latitude": 25.562962415667101, "longitude": 92.590616625255578 }, "geometry": { "type": "Point", "coordinates": [ 92.590616625255578, 25.562962415667101 ] } },
{ "type": "Feature", "properties": { "district_id": 710, "district_name": "West Karbi Anglong", "state_name": "Assam", "point_number": 6, "latitude": 25.712977184960025, "longitude": 92.791580490166297 }, "geometry": { "type": "Point", "coordinates": [ 92.791580490166297, 25.712977184960025 ] } },
{ "type": "Feature", "properties": { "district_id": 255, "district_name": "Imphal East", "state_name": "Manipur", "point_number": 1, "latitude": 24.852321072483889, "longitude": 94.00639105420116 }, "geometry": { "type": "Point", "coordinates": [ 94.00639105420116, 24.852321072483889 ] } },
{ "type": "Feature", "properties": { "district_id": 255, "district_name": "Imphal East", "state_name": "Manipur", "point_number": 2, "latitude": 25.044661163303051, "longitude": 94.021071266617994 }, "geometry": { "type": "Point", "coordinates": [ 94.021071266617994, 25.044661163303051 ] } },
{ "type": "Feature", "properties": { "district_id": 255, "district_name": "Imphal East", "state_name": "Manipur", "point_number": 3, "latitude": 24.671353297751555, "longitude": 94.0203732064696 }, "geometry": { "type": "Point", "coordinates": [ 94.0203732064696, 24.671353297751555 ] } },
{ "type": "Feature", "properties": { "district_id": 255, "district_name": "Imphal East", "state_name": "Manipur", "point_number": 4, "latitude": 24.91355974727599, "longitude": 94.12040000085959 }, "geometry": { "type": "Point", "coordinates": [ 94.12040000085959, 24.91355974727599 ] } },
{ "type": "Feature", "properties": { "district_id": 255, "district_name": "Imphal East", "state_name": "Manipur", "point_number": 5, "latitude": 24.952384334045796, "longitude": 93.965142749136135 }, "geometry": { "type": "Point", "coordinates": [ 93.965142749136135, 24.952384334045796 ] } },
{ "type": "Feature", "properties": { "district_id": 255, "district_name": "Imphal East", "state_name": "Manipur", "point_number": 6, "latitude": 24.75094801221476, "longitude": 93.941783701493492 }, "geometry": { "type": "Point", "coordinates": [ 93.941783701493492, 24.75094801221476 ] } },
{ "type": "Feature", "properties": { "district_id": 713, "district_name": "Jiribam", "state_name": "Manipur", "point_number": 1, "latitude": 24.704271015041165, "longitude": 93.11099810581949 }, "geometry": { "type": "Point", "coordinates": [ 93.11099810581949, 24.704271015041165 ] } },
{ "type": "Feature", "properties": { "district_id": 713, "district_name": "Jiribam", "state_name": "Manipur", "point_number": 2, "latitude": 24.84254036152327, "longitude": 93.235488014263723 }, "geometry": { "type": "Point", "coordinates": [ 93.235488014263723, 24.84254036152327 ] } },
{ "type": "Feature", "properties": { "district_id": 713, "district_name": "Jiribam", "state_name": "Manipur", "point_number": 3, "latitude": 24.56099141501095, "longitude": 93.123698034615941 }, "geometry": { "type": "Point", "coordinates": [ 93.123698034615941, 24.56099141501095 ] } },
{ "type": "Feature", "properties": { "district_id": 713, "district_name": "Jiribam", "state_name": "Manipur", "point_number": 4, "latitude": 24.812204043805259, "longitude": 93.119217534814055 }, "geometry": { "type": "Point", "coordinates": [ 93.119217534814055, 24.812204043805259 ] } },
{ "type": "Feature", "properties": { "district_id": 713, "district_name": "Jiribam", "state_name": "Manipur", "point_number": 5, "latitude": 24.628389156229627, "longitude": 93.081867668769632 }, "geometry": { "type": "Point", "coordinates": [ 93.081867668769632, 24.628389156229627 ] } },
{ "type": "Feature", "properties": { "district_id": 713, "district_name": "Jiribam", "state_name": "Manipur", "point_number": 6, "latitude": 24.762036208192203, "longitude": 93.165274263363528 }, "geometry": { "type": "Point", "coordinates": [ 93.165274263363528, 24.762036208192203 ] } },
{ "type": "Feature", "properties": { "district_id": 628, "district_name": "Anjaw", "state_name": "Arunachal Pradesh", "point_number": 1, "latitude": 28.03655261613941, "longitude": 96.846413579025722 }, "geometry": { "type": "Point", "coordinates": [ 96.846413579025722, 28.03655261613941 ] } },
{ "type": "Feature", "properties": { "district_id": 628, "district_name": "Anjaw", "state_name": "Arunachal Pradesh", "point_number": 2, "latitude": 27.88030089029186, "longitude": 97.37124254507701 }, "geometry": { "type": "Point", "coordinates": [ 97.37124254507701, 27.88030089029186 ] } },
{ "type": "Feature", "properties": { "district_id": 628, "district_name": "Anjaw", "state_name": "Arunachal Pradesh", "point_number": 3, "latitude": 28.448692126290076, "longitude": 96.576092572602391 }, "geometry": { "type": "Point", "coordinates": [ 96.576092572602391, 28.448692126290076 ] } },
{ "type": "Feature", "properties": { "district_id": 628, "district_name": "Anjaw", "state_name": "Arunachal Pradesh", "point_number": 4, "latitude": 27.618269731325771, "longitude": 96.908073374981129 }, "geometry": { "type": "Point", "coordinates": [ 96.908073374981129, 27.618269731325771 ] } },
{ "type": "Feature", "properties": { "district_id": 628, "district_name": "Anjaw", "state_name": "Arunachal Pradesh", "point_number": 5, "latitude": 28.097921912108511, "longitude": 96.357445860885221 }, "geometry": { "type": "Point", "coordinates": [ 96.357445860885221, 28.097921912108511 ] } },
{ "type": "Feature", "properties": { "district_id": 628, "district_name": "Anjaw", "state_name": "Arunachal Pradesh", "point_number": 6, "latitude": 28.239151550358205, "longitude": 97.319495841227905 }, "geometry": { "type": "Point", "coordinates": [ 97.319495841227905, 28.239151550358205 ] } },
{ "type": "Feature", "properties": { "district_id": 229, "district_name": "Changlang", "state_name": "Arunachal Pradesh", "point_number": 1, "latitude": 27.268757580257617, "longitude": 96.058605094109211 }, "geometry": { "type": "Point", "coordinates": [ 96.058605094109211, 27.268757580257617 ] } },
{ "type": "Feature", "properties": { "district_id": 229, "district_name": "Changlang", "state_name": "Arunachal Pradesh", "point_number": 2, "latitude": 27.180216100593707, "longitude": 97.106263784969329 }, "geometry": { "type": "Point", "coordinates": [ 97.106263784969329, 27.180216100593707 ] } },
{ "type": "Feature", "properties": { "district_id": 229, "district_name": "Changlang", "state_name": "Arunachal Pradesh", "point_number": 3, "latitude": 27.632799190505153, "longitude": 96.603223494346182 }, "geometry": { "type": "Point", "coordinates": [ 96.603223494346182, 27.632799190505153 ] } },
{ "type": "Feature", "properties": { "district_id": 229, "district_name": "Changlang", "state_name": "Arunachal Pradesh", "point_number": 4, "latitude": 26.906040085628266, "longitude": 95.716101373124275 }, "geometry": { "type": "Point", "coordinates": [ 95.716101373124275, 26.906040085628266 ] } },
{ "type": "Feature", "properties": { "district_id": 229, "district_name": "Changlang", "state_name": "Arunachal Pradesh", "point_number": 5, "latitude": 27.31940342220943, "longitude": 96.447105438678491 }, "geometry": { "type": "Point", "coordinates": [ 96.447105438678491, 27.31940342220943 ] } },
{ "type": "Feature", "properties": { "district_id": 229, "district_name": "Changlang", "state_name": "Arunachal Pradesh", "point_number": 6, "latitude": 27.231338953709013, "longitude": 95.642008299374879 }, "geometry": { "type": "Point", "coordinates": [ 95.642008299374879, 27.231338953709013 ] } },
{ "type": "Feature", "properties": { "district_id": 230, "district_name": "Dibang Valley", "state_name": "Arunachal Pradesh", "point_number": 1, "latitude": 28.870795757402476, "longitude": 95.928430469232055 }, "geometry": { "type": "Point", "coordinates": [ 95.928430469232055, 28.870795757402476 ] } },
{ "type": "Feature", "properties": { "district_id": 230, "district_name": "Dibang Valley", "state_name": "Arunachal Pradesh", "point_number": 2, "latitude": 28.735410713901782, "longitude": 96.597228553066245 }, "geometry": { "type": "Point", "coordinates": [ 96.597228553066245, 28.735410713901782 ] } },
{ "type": "Feature", "properties": { "district_id": 230, "district_name": "Dibang Valley", "state_name": "Arunachal Pradesh", "point_number": 3, "latitude": 29.425326317449088, "longitude": 96.087505617720922 }, "geometry": { "type": "Point", "coordinates": [ 96.087505617720922, 29.425326317449088 ] } },
{ "type": "Feature", "properties": { "district_id": 230, "district_name": "Dibang Valley", "state_name": "Arunachal Pradesh", "point_number": 4, "latitude": 28.320783344923832, "longitude": 95.862511988444595 }, "geometry": { "type": "Point", "coordinates": [ 95.862511988444595, 28.320783344923832 ] } },
{ "type": "Feature", "properties": { "district_id": 230, "district_name": "Dibang Valley", "state_name": "Arunachal Pradesh", "point_number": 5, "latitude": 28.97012485147955, "longitude": 95.331874160249825 }, "geometry": { "type": "Point", "coordinates": [ 95.331874160249825, 28.97012485147955 ] } },
{ "type": "Feature", "properties": { "district_id": 230, "district_name": "Dibang Valley", "state_name": "Arunachal Pradesh", "point_number": 6, "latitude": 28.563905388401384, "longitude": 95.421712412761536 }, "geometry": { "type": "Point", "coordinates": [ 95.421712412761536, 28.563905388401384 ] } },
{ "type": "Feature", "properties": { "district_id": 613, "district_name": "Peren", "state_name": "Nagaland", "point_number": 1, "latitude": 25.449813283589176, "longitude": 93.602473290428534 }, "geometry": { "type": "Point", "coordinates": [ 93.602473290428534, 25.449813283589176 ] } },
{ "type": "Feature", "properties": { "district_id": 613, "district_name": "Peren", "state_name": "Nagaland", "point_number": 2, "latitude": 25.560388877382277, "longitude": 93.939055866465338 }, "geometry": { "type": "Point", "coordinates": [ 93.939055866465338, 25.560388877382277 ] } },
{ "type": "Feature", "properties": { "district_id": 613, "district_name": "Peren", "state_name": "Nagaland", "point_number": 3, "latitude": 25.696853188479249, "longitude": 93.542404676771653 }, "geometry": { "type": "Point", "coordinates": [ 93.542404676771653, 25.696853188479249 ] } },
{ "type": "Feature", "properties": { "district_id": 613, "district_name": "Peren", "state_name": "Nagaland", "point_number": 4, "latitude": 25.541523388664785, "longitude": 93.335391374735693 }, "geometry": { "type": "Point", "coordinates": [ 93.335391374735693, 25.541523388664785 ] } },
{ "type": "Feature", "properties": { "district_id": 613, "district_name": "Peren", "state_name": "Nagaland", "point_number": 5, "latitude": 25.239807654016975, "longitude": 93.606087839678906 }, "geometry": { "type": "Point", "coordinates": [ 93.606087839678906, 25.239807654016975 ] } },
{ "type": "Feature", "properties": { "district_id": 613, "district_name": "Peren", "state_name": "Nagaland", "point_number": 6, "latitude": 25.640491265635543, "longitude": 93.743824695497423 }, "geometry": { "type": "Point", "coordinates": [ 93.743824695497423, 25.640491265635543 ] } },
{ "type": "Feature", "properties": { "district_id": 231, "district_name": "East Kameng", "state_name": "Arunachal Pradesh", "point_number": 1, "latitude": 27.562992503759116, "longitude": 92.972832134879212 }, "geometry": { "type": "Point", "coordinates": [ 92.972832134879212, 27.562992503759116 ] } },
{ "type": "Feature", "properties": { "district_id": 231, "district_name": "East Kameng", "state_name": "Arunachal Pradesh", "point_number": 2, "latitude": 27.850755396326711, "longitude": 92.519575198974266 }, "geometry": { "type": "Point", "coordinates": [ 92.519575198974266, 27.850755396326711 ] } },
{ "type": "Feature", "properties": { "district_id": 231, "district_name": "East Kameng", "state_name": "Arunachal Pradesh", "point_number": 3, "latitude": 27.161710486316888, "longitude": 92.830344248515942 }, "geometry": { "type": "Point", "coordinates": [ 92.830344248515942, 27.161710486316888 ] } },
{ "type": "Feature", "properties": { "district_id": 231, "district_name": "East Kameng", "state_name": "Arunachal Pradesh", "point_number": 4, "latitude": 27.356216786891746, "longitude": 93.320290563192358 }, "geometry": { "type": "Point", "coordinates": [ 93.320290563192358, 27.356216786891746 ] } },
{ "type": "Feature", "properties": { "district_id": 231, "district_name": "East Kameng", "state_name": "Arunachal Pradesh", "point_number": 5, "latitude": 27.87374285102273, "longitude": 92.911604741977158 }, "geometry": { "type": "Point", "coordinates": [ 92.911604741977158, 27.87374285102273 ] } },
{ "type": "Feature", "properties": { "district_id": 231, "district_name": "East Kameng", "state_name": "Arunachal Pradesh", "point_number": 6, "latitude": 27.7596545225719, "longitude": 93.21203181862478 }, "geometry": { "type": "Point", "coordinates": [ 93.21203181862478, 27.7596545225719 ] } },
{ "type": "Feature", "properties": { "district_id": 260, "district_name": "Ukhrul", "state_name": "Manipur", "point_number": 1, "latitude": 25.287726835529767, "longitude": 94.460825854523407 }, "geometry": { "type": "Point", "coordinates": [ 94.460825854523407, 25.287726835529767 ] } },
{ "type": "Feature", "properties": { "district_id": 260, "district_name": "Ukhrul", "state_name": "Manipur", "point_number": 2, "latitude": 24.89374256926061, "longitude": 94.290578052329522 }, "geometry": { "type": "Point", "coordinates": [ 94.290578052329522, 24.89374256926061 ] } },
{ "type": "Feature", "properties": { "district_id": 260, "district_name": "Ukhrul", "state_name": "Manipur", "point_number": 3, "latitude": 25.655901136341939, "longitude": 94.55162751758148 }, "geometry": { "type": "Point", "coordinates": [ 94.55162751758148, 25.655901136341939 ] } },
{ "type": "Feature", "properties": { "district_id": 260, "district_name": "Ukhrul", "state_name": "Manipur", "point_number": 4, "latitude": 25.093741708795648, "longitude": 94.739677746047491 }, "geometry": { "type": "Point", "coordinates": [ 94.739677746047491, 25.093741708795648 ] } },
{ "type": "Feature", "properties": { "district_id": 260, "district_name": "Ukhrul", "state_name": "Manipur", "point_number": 5, "latitude": 25.128236449847424, "longitude": 94.154859140027398 }, "geometry": { "type": "Point", "coordinates": [ 94.154859140027398, 25.128236449847424 ] } },
{ "type": "Feature", "properties": { "district_id": 260, "district_name": "Ukhrul", "state_name": "Manipur", "point_number": 6, "latitude": 25.443322960125467, "longitude": 94.656873726325315 }, "geometry": { "type": "Point", "coordinates": [ 94.656873726325315, 25.443322960125467 ] } },
{ "type": "Feature", "properties": { "district_id": 788, "district_name": "Meluri", "state_name": "Nagaland", "point_number": 1, "latitude": 25.64045026102475, "longitude": 94.716458291225621 }, "geometry": { "type": "Point", "coordinates": [ 94.716458291225621, 25.64045026102475 ] } },
{ "type": "Feature", "properties": { "district_id": 788, "district_name": "Meluri", "state_name": "Nagaland", "point_number": 2, "latitude": 25.818610473893923, "longitude": 94.488805477510553 }, "geometry": { "type": "Point", "coordinates": [ 94.488805477510553, 25.818610473893923 ] } },
{ "type": "Feature", "properties": { "district_id": 788, "district_name": "Meluri", "state_name": "Nagaland", "point_number": 3, "latitude": 25.623363606210066, "longitude": 94.443749717918038 }, "geometry": { "type": "Point", "coordinates": [ 94.443749717918038, 25.623363606210066 ] } },
{ "type": "Feature", "properties": { "district_id": 788, "district_name": "Meluri", "state_name": "Nagaland", "point_number": 4, "latitude": 25.469824874899576, "longitude": 94.616976999699745 }, "geometry": { "type": "Point", "coordinates": [ 94.616976999699745, 25.469824874899576 ] } },
{ "type": "Feature", "properties": { "district_id": 788, "district_name": "Meluri", "state_name": "Nagaland", "point_number": 5, "latitude": 25.49192836380384, "longitude": 94.794041566659175 }, "geometry": { "type": "Point", "coordinates": [ 94.794041566659175, 25.49192836380384 ] } },
{ "type": "Feature", "properties": { "district_id": 788, "district_name": "Meluri", "state_name": "Nagaland", "point_number": 6, "latitude": 25.756325258710113, "longitude": 94.81905712006936 }, "geometry": { "type": "Point", "coordinates": [ 94.81905712006936, 25.756325258710113 ] } },
{ "type": "Feature", "properties": { "district_id": 233, "district_name": "Kurung Kumey", "state_name": "Arunachal Pradesh", "point_number": 1, "latitude": 27.982659177598716, "longitude": 93.161138690274299 }, "geometry": { "type": "Point", "coordinates": [ 93.161138690274299, 27.982659177598716 ] } },
{ "type": "Feature", "properties": { "district_id": 233, "district_name": "Kurung Kumey", "state_name": "Arunachal Pradesh", "point_number": 2, "latitude": 27.612473009490607, "longitude": 93.463592339470935 }, "geometry": { "type": "Point", "coordinates": [ 93.463592339470935, 27.612473009490607 ] } },
{ "type": "Feature", "properties": { "district_id": 233, "district_name": "Kurung Kumey", "state_name": "Arunachal Pradesh", "point_number": 3, "latitude": 28.12788575713077, "longitude": 92.721705995465058 }, "geometry": { "type": "Point", "coordinates": [ 92.721705995465058, 28.12788575713077 ] } },
{ "type": "Feature", "properties": { "district_id": 233, "district_name": "Kurung Kumey", "state_name": "Arunachal Pradesh", "point_number": 4, "latitude": 28.334189464109357, "longitude": 93.333282634933809 }, "geometry": { "type": "Point", "coordinates": [ 93.333282634933809, 28.334189464109357 ] } },
{ "type": "Feature", "properties": { "district_id": 233, "district_name": "Kurung Kumey", "state_name": "Arunachal Pradesh", "point_number": 5, "latitude": 27.984920647051968, "longitude": 93.584769434756168 }, "geometry": { "type": "Point", "coordinates": [ 93.584769434756168, 27.984920647051968 ] } },
{ "type": "Feature", "properties": { "district_id": 233, "district_name": "Kurung Kumey", "state_name": "Arunachal Pradesh", "point_number": 6, "latitude": 28.22569822599036, "longitude": 93.023732458512313 }, "geometry": { "type": "Point", "coordinates": [ 93.023732458512313, 28.22569822599036 ] } },
{ "type": "Feature", "properties": { "district_id": 234, "district_name": "Lohit", "state_name": "Arunachal Pradesh", "point_number": 1, "latitude": 27.970929469521071, "longitude": 96.193991871073237 }, "geometry": { "type": "Point", "coordinates": [ 96.193991871073237, 27.970929469521071 ] } },
{ "type": "Feature", "properties": { "district_id": 234, "district_name": "Lohit", "state_name": "Arunachal Pradesh", "point_number": 2, "latitude": 27.68685990111118, "longitude": 96.699983715187798 }, "geometry": { "type": "Point", "coordinates": [ 96.699983715187798, 27.68685990111118 ] } },
{ "type": "Feature", "properties": { "district_id": 234, "district_name": "Lohit", "state_name": "Arunachal Pradesh", "point_number": 3, "latitude": 28.368951036466573, "longitude": 96.332969225689951 }, "geometry": { "type": "Point", "coordinates": [ 96.332969225689951, 28.368951036466573 ] } },
{ "type": "Feature", "properties": { "district_id": 234, "district_name": "Lohit", "state_name": "Arunachal Pradesh", "point_number": 4, "latitude": 27.772544535364688, "longitude": 95.808471172028192 }, "geometry": { "type": "Point", "coordinates": [ 95.808471172028192, 27.772544535364688 ] } },
{ "type": "Feature", "properties": { "district_id": 234, "district_name": "Lohit", "state_name": "Arunachal Pradesh", "point_number": 5, "latitude": 27.628644612994545, "longitude": 96.278344946180283 }, "geometry": { "type": "Point", "coordinates": [ 96.278344946180283, 27.628644612994545 ] } },
{ "type": "Feature", "properties": { "district_id": 234, "district_name": "Lohit", "state_name": "Arunachal Pradesh", "point_number": 6, "latitude": 27.934681543149615, "longitude": 96.552165324079596 }, "geometry": { "type": "Point", "coordinates": [ 96.552165324079596, 27.934681543149615 ] } },
{ "type": "Feature", "properties": { "district_id": 235, "district_name": "Lower Dibang Valley", "state_name": "Arunachal Pradesh", "point_number": 1, "latitude": 28.214301872377757, "longitude": 95.879199567163113 }, "geometry": { "type": "Point", "coordinates": [ 95.879199567163113, 28.214301872377757 ] } },
{ "type": "Feature", "properties": { "district_id": 235, "district_name": "Lower Dibang Valley", "state_name": "Arunachal Pradesh", "point_number": 2, "latitude": 28.476755643760235, "longitude": 95.355277511313034 }, "geometry": { "type": "Point", "coordinates": [ 95.355277511313034, 28.476755643760235 ] } },
{ "type": "Feature", "properties": { "district_id": 235, "district_name": "Lower Dibang Valley", "state_name": "Arunachal Pradesh", "point_number": 3, "latitude": 28.487744868283514, "longitude": 96.326069294147288 }, "geometry": { "type": "Point", "coordinates": [ 96.326069294147288, 28.487744868283514 ] } },
{ "type": "Feature", "properties": { "district_id": 235, "district_name": "Lower Dibang Valley", "state_name": "Arunachal Pradesh", "point_number": 4, "latitude": 27.913685907318907, "longitude": 95.51657500143105 }, "geometry": { "type": "Point", "coordinates": [ 95.51657500143105, 27.913685907318907 ] } },
{ "type": "Feature", "properties": { "district_id": 235, "district_name": "Lower Dibang Valley", "state_name": "Arunachal Pradesh", "point_number": 5, "latitude": 28.274111379218105, "longitude": 95.57223343112112 }, "geometry": { "type": "Point", "coordinates": [ 95.57223343112112, 28.274111379218105 ] } },
{ "type": "Feature", "properties": { "district_id": 235, "district_name": "Lower Dibang Valley", "state_name": "Arunachal Pradesh", "point_number": 6, "latitude": 28.487190843876594, "longitude": 96.011570659959972 }, "geometry": { "type": "Point", "coordinates": [ 96.011570659959972, 28.487190843876594 ] } },
{ "type": "Feature", "properties": { "district_id": 250, "district_name": "Wokha", "state_name": "Nagaland", "point_number": 1, "latitude": 26.241086402675126, "longitude": 94.19010937485595 }, "geometry": { "type": "Point", "coordinates": [ 94.19010937485595, 26.241086402675126 ] } },
{ "type": "Feature", "properties": { "district_id": 250, "district_name": "Wokha", "state_name": "Nagaland", "point_number": 2, "latitude": 25.946984949837823, "longitude": 93.998896156535551 }, "geometry": { "type": "Point", "coordinates": [ 93.998896156535551, 25.946984949837823 ] } },
{ "type": "Feature", "properties": { "district_id": 250, "district_name": "Wokha", "state_name": "Nagaland", "point_number": 3, "latitude": 26.552951380089794, "longitude": 94.279617871622079 }, "geometry": { "type": "Point", "coordinates": [ 94.279617871622079, 26.552951380089794 ] } },
{ "type": "Feature", "properties": { "district_id": 250, "district_name": "Wokha", "state_name": "Nagaland", "point_number": 4, "latitude": 26.015898152484557, "longitude": 94.328213909078229 }, "geometry": { "type": "Point", "coordinates": [ 94.328213909078229, 26.015898152484557 ] } },
{ "type": "Feature", "properties": { "district_id": 250, "district_name": "Wokha", "state_name": "Nagaland", "point_number": 5, "latitude": 26.368418563443296, "longitude": 94.350314303561774 }, "geometry": { "type": "Point", "coordinates": [ 94.350314303561774, 26.368418563443296 ] } },
{ "type": "Feature", "properties": { "district_id": 250, "district_name": "Wokha", "state_name": "Nagaland", "point_number": 6, "latitude": 26.150063925035457, "longitude": 94.001931507677909 }, "geometry": { "type": "Point", "coordinates": [ 94.001931507677909, 26.150063925035457 ] } },
{ "type": "Feature", "properties": { "district_id": 237, "district_name": "Papum Pare", "state_name": "Arunachal Pradesh", "point_number": 1, "latitude": 27.28470394777942, "longitude": 93.616500648171936 }, "geometry": { "type": "Point", "coordinates": [ 93.616500648171936, 27.28470394777942 ] } },
{ "type": "Feature", "properties": { "district_id": 237, "district_name": "Papum Pare", "state_name": "Arunachal Pradesh", "point_number": 2, "latitude": 27.515576512154478, "longitude": 94.181374105081815 }, "geometry": { "type": "Point", "coordinates": [ 94.181374105081815, 27.515576512154478 ] } },
{ "type": "Feature", "properties": { "district_id": 237, "district_name": "Papum Pare", "state_name": "Arunachal Pradesh", "point_number": 3, "latitude": 27.614096660712342, "longitude": 93.339752422217302 }, "geometry": { "type": "Point", "coordinates": [ 93.339752422217302, 27.614096660712342 ] } },
{ "type": "Feature", "properties": { "district_id": 237, "district_name": "Papum Pare", "state_name": "Arunachal Pradesh", "point_number": 4, "latitude": 26.958554284024213, "longitude": 93.413147977172656 }, "geometry": { "type": "Point", "coordinates": [ 93.413147977172656, 26.958554284024213 ] } },
{ "type": "Feature", "properties": { "district_id": 237, "district_name": "Papum Pare", "state_name": "Arunachal Pradesh", "point_number": 5, "latitude": 27.246078493639352, "longitude": 93.24676662145724 }, "geometry": { "type": "Point", "coordinates": [ 93.24676662145724, 27.246078493639352 ] } },
{ "type": "Feature", "properties": { "district_id": 237, "district_name": "Papum Pare", "state_name": "Arunachal Pradesh", "point_number": 6, "latitude": 27.072197062141576, "longitude": 93.82468643514332 }, "geometry": { "type": "Point", "coordinates": [ 93.82468643514332, 27.072197062141576 ] } },
{ "type": "Feature", "properties": { "district_id": 257, "district_name": "Senapati", "state_name": "Manipur", "point_number": 1, "latitude": 25.389955466969386, "longitude": 94.147624865312139 }, "geometry": { "type": "Point", "coordinates": [ 94.147624865312139, 25.389955466969386 ] } },
{ "type": "Feature", "properties": { "district_id": 257, "district_name": "Senapati", "state_name": "Manipur", "point_number": 2, "latitude": 25.598268585217582, "longitude": 94.471611014188184 }, "geometry": { "type": "Point", "coordinates": [ 94.471611014188184, 25.598268585217582 ] } },
{ "type": "Feature", "properties": { "district_id": 257, "district_name": "Senapati", "state_name": "Manipur", "point_number": 3, "latitude": 25.525896386728853, "longitude": 93.784754731444906 }, "geometry": { "type": "Point", "coordinates": [ 93.784754731444906, 25.525896386728853 ] } },
{ "type": "Feature", "properties": { "district_id": 257, "district_name": "Senapati", "state_name": "Manipur", "point_number": 4, "latitude": 25.20808889853188, "longitude": 93.998687351586725 }, "geometry": { "type": "Point", "coordinates": [ 93.998687351586725, 25.20808889853188 ] } },
{ "type": "Feature", "properties": { "district_id": 257, "district_name": "Senapati", "state_name": "Manipur", "point_number": 5, "latitude": 25.413855372705317, "longitude": 94.376509092413798 }, "geometry": { "type": "Point", "coordinates": [ 94.376509092413798, 25.413855372705317 ] } },
{ "type": "Feature", "properties": { "district_id": 257, "district_name": "Senapati", "state_name": "Manipur", "point_number": 6, "latitude": 25.205499044707665, "longitude": 94.224196491327405 }, "geometry": { "type": "Point", "coordinates": [ 94.224196491327405, 25.205499044707665 ] } },
{ "type": "Feature", "properties": { "district_id": 258, "district_name": "Tamenglong", "state_name": "Manipur", "point_number": 1, "latitude": 25.063563142895273, "longitude": 93.531136293479335 }, "geometry": { "type": "Point", "coordinates": [ 93.531136293479335, 25.063563142895273 ] } },
{ "type": "Feature", "properties": { "district_id": 258, "district_name": "Tamenglong", "state_name": "Manipur", "point_number": 2, "latitude": 24.688355432167103, "longitude": 93.226912271332935 }, "geometry": { "type": "Point", "coordinates": [ 93.226912271332935, 24.688355432167103 ] } },
{ "type": "Feature", "properties": { "district_id": 258, "district_name": "Tamenglong", "state_name": "Manipur", "point_number": 3, "latitude": 25.445576035383425, "longitude": 93.801393970484028 }, "geometry": { "type": "Point", "coordinates": [ 93.801393970484028, 25.445576035383425 ] } },
{ "type": "Feature", "properties": { "district_id": 258, "district_name": "Tamenglong", "state_name": "Manipur", "point_number": 4, "latitude": 24.798720263172527, "longitude": 93.6703258171069 }, "geometry": { "type": "Point", "coordinates": [ 93.6703258171069, 24.798720263172527 ] } },
{ "type": "Feature", "properties": { "district_id": 258, "district_name": "Tamenglong", "state_name": "Manipur", "point_number": 5, "latitude": 25.18606222254969, "longitude": 93.800849570725092 }, "geometry": { "type": "Point", "coordinates": [ 93.800849570725092, 25.18606222254969 ] } },
{ "type": "Feature", "properties": { "district_id": 258, "district_name": "Tamenglong", "state_name": "Manipur", "point_number": 6, "latitude": 24.939717564833948, "longitude": 93.267943786142183 }, "geometry": { "type": "Point", "coordinates": [ 93.267943786142183, 24.939717564833948 ] } },
{ "type": "Feature", "properties": { "district_id": 238, "district_name": "Tawang", "state_name": "Arunachal Pradesh", "point_number": 1, "latitude": 27.660930857167475, "longitude": 91.906869314560907 }, "geometry": { "type": "Point", "coordinates": [ 91.906869314560907, 27.660930857167475 ] } },
{ "type": "Feature", "properties": { "district_id": 238, "district_name": "Tawang", "state_name": "Arunachal Pradesh", "point_number": 2, "latitude": 27.806587202790784, "longitude": 92.444976261556732 }, "geometry": { "type": "Point", "coordinates": [ 92.444976261556732, 27.806587202790784 ] } },
{ "type": "Feature", "properties": { "district_id": 238, "district_name": "Tawang", "state_name": "Arunachal Pradesh", "point_number": 3, "latitude": 27.828216665487087, "longitude": 91.57121599224611 }, "geometry": { "type": "Point", "coordinates": [ 91.57121599224611, 27.828216665487087 ] } },
{ "type": "Feature", "properties": { "district_id": 238, "district_name": "Tawang", "state_name": "Arunachal Pradesh", "point_number": 4, "latitude": 27.569653243395166, "longitude": 92.225951163557852 }, "geometry": { "type": "Point", "coordinates": [ 92.225951163557852, 27.569653243395166 ] } },
{ "type": "Feature", "properties": { "district_id": 238, "district_name": "Tawang", "state_name": "Arunachal Pradesh", "point_number": 5, "latitude": 27.534332221215731, "longitude": 91.621071015752108 }, "geometry": { "type": "Point", "coordinates": [ 91.621071015752108, 27.534332221215731 ] } },
{ "type": "Feature", "properties": { "district_id": 238, "district_name": "Tawang", "state_name": "Arunachal Pradesh", "point_number": 6, "latitude": 27.814143755562583, "longitude": 92.140659823119378 }, "geometry": { "type": "Point", "coordinates": [ 92.140659823119378, 27.814143755562583 ] } },
{ "type": "Feature", "properties": { "district_id": 259, "district_name": "Thoubal", "state_name": "Manipur", "point_number": 1, "latitude": 24.618203252800175, "longitude": 93.996032239601575 }, "geometry": { "type": "Point", "coordinates": [ 93.996032239601575, 24.618203252800175 ] } },
{ "type": "Feature", "properties": { "district_id": 259, "district_name": "Thoubal", "state_name": "Manipur", "point_number": 2, "latitude": 24.700236189076406, "longitude": 94.121469959907444 }, "geometry": { "type": "Point", "coordinates": [ 94.121469959907444, 24.700236189076406 ] } },
{ "type": "Feature", "properties": { "district_id": 259, "district_name": "Thoubal", "state_name": "Manipur", "point_number": 3, "latitude": 24.518165356905481, "longitude": 94.072048134409442 }, "geometry": { "type": "Point", "coordinates": [ 94.072048134409442, 24.518165356905481 ] } },
{ "type": "Feature", "properties": { "district_id": 259, "district_name": "Thoubal", "state_name": "Manipur", "point_number": 4, "latitude": 24.707842191805668, "longitude": 93.925960239388303 }, "geometry": { "type": "Point", "coordinates": [ 93.925960239388303, 24.707842191805668 ] } },
{ "type": "Feature", "properties": { "district_id": 259, "district_name": "Thoubal", "state_name": "Manipur", "point_number": 5, "latitude": 24.527990307294882, "longitude": 93.944949736419801 }, "geometry": { "type": "Point", "coordinates": [ 93.944949736419801, 24.527990307294882 ] } },
{ "type": "Feature", "properties": { "district_id": 259, "district_name": "Thoubal", "state_name": "Manipur", "point_number": 6, "latitude": 24.599247596980291, "longitude": 94.099857227187854 }, "geometry": { "type": "Point", "coordinates": [ 94.099857227187854, 24.599247596980291 ] } },
{ "type": "Feature", "properties": { "district_id": 239, "district_name": "Tirap", "state_name": "Arunachal Pradesh", "point_number": 1, "latitude": 27.032162965968386, "longitude": 95.498597823534283 }, "geometry": { "type": "Point", "coordinates": [ 95.498597823534283, 27.032162965968386 ] } },
{ "type": "Feature", "properties": { "district_id": 239, "district_name": "Tirap", "state_name": "Arunachal Pradesh", "point_number": 2, "latitude": 26.820831975163262, "longitude": 95.609406080348805 }, "geometry": { "type": "Point", "coordinates": [ 95.609406080348805, 26.820831975163262 ] } },
{ "type": "Feature", "properties": { "district_id": 239, "district_name": "Tirap", "state_name": "Arunachal Pradesh", "point_number": 3, "latitude": 27.256975756187884, "longitude": 95.521995401327459 }, "geometry": { "type": "Point", "coordinates": [ 95.521995401327459, 27.256975756187884 ] } },
{ "type": "Feature", "properties": { "district_id": 239, "district_name": "Tirap", "state_name": "Arunachal Pradesh", "point_number": 4, "latitude": 26.910103655944123, "longitude": 95.383935710753789 }, "geometry": { "type": "Point", "coordinates": [ 95.383935710753789, 26.910103655944123 ] } },
{ "type": "Feature", "properties": { "district_id": 239, "district_name": "Tirap", "state_name": "Arunachal Pradesh", "point_number": 5, "latitude": 27.153714873285203, "longitude": 95.634428091733213 }, "geometry": { "type": "Point", "coordinates": [ 95.634428091733213, 27.153714873285203 ] } },
{ "type": "Feature", "properties": { "district_id": 239, "district_name": "Tirap", "state_name": "Arunachal Pradesh", "point_number": 6, "latitude": 26.951891895502147, "longitude": 95.640322186846348 }, "geometry": { "type": "Point", "coordinates": [ 95.640322186846348, 26.951891895502147 ] } },
{ "type": "Feature", "properties": { "district_id": 717, "district_name": "Kamjong", "state_name": "Manipur", "point_number": 1, "latitude": 24.790152659409689, "longitude": 94.392773512983482 }, "geometry": { "type": "Point", "coordinates": [ 94.392773512983482, 24.790152659409689 ] } },
{ "type": "Feature", "properties": { "district_id": 717, "district_name": "Kamjong", "state_name": "Manipur", "point_number": 2, "latitude": 25.071577120118516, "longitude": 94.727899978662194 }, "geometry": { "type": "Point", "coordinates": [ 94.727899978662194, 25.071577120118516 ] } },
{ "type": "Feature", "properties": { "district_id": 717, "district_name": "Kamjong", "state_name": "Manipur", "point_number": 3, "latitude": 24.492445154752428, "longitude": 94.423521528356474 }, "geometry": { "type": "Point", "coordinates": [ 94.423521528356474, 24.492445154752428 ] } },
{ "type": "Feature", "properties": { "district_id": 717, "district_name": "Kamjong", "state_name": "Manipur", "point_number": 4, "latitude": 24.904334890363224, "longitude": 94.15017796610897 }, "geometry": { "type": "Point", "coordinates": [ 94.15017796610897, 24.904334890363224 ] } },
{ "type": "Feature", "properties": { "district_id": 717, "district_name": "Kamjong", "state_name": "Manipur", "point_number": 5, "latitude": 25.026911518304335, "longitude": 94.474700985262416 }, "geometry": { "type": "Point", "coordinates": [ 94.474700985262416, 25.026911518304335 ] } },
{ "type": "Feature", "properties": { "district_id": 717, "district_name": "Kamjong", "state_name": "Manipur", "point_number": 6, "latitude": 24.628378215260515, "longitude": 94.229301930787102 }, "geometry": { "type": "Point", "coordinates": [ 94.229301930787102, 24.628378215260515 ] } },
{ "type": "Feature", "properties": { "district_id": 240, "district_name": "Upper Siang", "state_name": "Arunachal Pradesh", "point_number": 1, "latitude": 28.747349945464514, "longitude": 95.025003296690784 }, "geometry": { "type": "Point", "coordinates": [ 95.025003296690784, 28.747349945464514 ] } },
{ "type": "Feature", "properties": { "district_id": 240, "district_name": "Upper Siang", "state_name": "Arunachal Pradesh", "point_number": 2, "latitude": 29.031032078684223, "longitude": 94.217048827275505 }, "geometry": { "type": "Point", "coordinates": [ 94.217048827275505, 29.031032078684223 ] } },
{ "type": "Feature", "properties": { "district_id": 240, "district_name": "Upper Siang", "state_name": "Arunachal Pradesh", "point_number": 3, "latitude": 28.213701292394244, "longitude": 95.27429530728142 }, "geometry": { "type": "Point", "coordinates": [ 95.27429530728142, 28.213701292394244 ] } },
{ "type": "Feature", "properties": { "district_id": 240, "district_name": "Upper Siang", "state_name": "Arunachal Pradesh", "point_number": 4, "latitude": 29.305965640029012, "longitude": 94.702609639980309 }, "geometry": { "type": "Point", "coordinates": [ 94.702609639980309, 29.305965640029012 ] } },
{ "type": "Feature", "properties": { "district_id": 240, "district_name": "Upper Siang", "state_name": "Arunachal Pradesh", "point_number": 5, "latitude": 29.087883890561486, "longitude": 95.228205208635401 }, "geometry": { "type": "Point", "coordinates": [ 95.228205208635401, 29.087883890561486 ] } },
{ "type": "Feature", "properties": { "district_id": 240, "district_name": "Upper Siang", "state_name": "Arunachal Pradesh", "point_number": 6, "latitude": 28.955172892355357, "longitude": 94.622571072614861 }, "geometry": { "type": "Point", "coordinates": [ 94.622571072614861, 28.955172892355357 ] } },
{ "type": "Feature", "properties": { "district_id": 241, "district_name": "Upper Subansiri", "state_name": "Arunachal Pradesh", "point_number": 1, "latitude": 28.231342423308838, "longitude": 94.103868282351726 }, "geometry": { "type": "Point", "coordinates": [ 94.103868282351726, 28.231342423308838 ] } },
{ "type": "Feature", "properties": { "district_id": 241, "district_name": "Upper Subansiri", "state_name": "Arunachal Pradesh", "point_number": 2, "latitude": 28.444876433886677, "longitude": 93.221704864655948 }, "geometry": { "type": "Point", "coordinates": [ 93.221704864655948, 28.444876433886677 ] } },
{ "type": "Feature", "properties": { "district_id": 241, "district_name": "Upper Subansiri", "state_name": "Arunachal Pradesh", "point_number": 3, "latitude": 28.67310440574202, "longitude": 93.762184612535421 }, "geometry": { "type": "Point", "coordinates": [ 93.762184612535421, 28.67310440574202 ] } },
{ "type": "Feature", "properties": { "district_id": 241, "district_name": "Upper Subansiri", "state_name": "Arunachal Pradesh", "point_number": 4, "latitude": 27.798761066746881, "longitude": 94.373306558618651 }, "geometry": { "type": "Point", "coordinates": [ 94.373306558618651, 27.798761066746881 ] } },
{ "type": "Feature", "properties": { "district_id": 241, "district_name": "Upper Subansiri", "state_name": "Arunachal Pradesh", "point_number": 5, "latitude": 28.331410473576152, "longitude": 93.608685066721222 }, "geometry": { "type": "Point", "coordinates": [ 93.608685066721222, 28.331410473576152 ] } },
{ "type": "Feature", "properties": { "district_id": 241, "district_name": "Upper Subansiri", "state_name": "Arunachal Pradesh", "point_number": 6, "latitude": 28.507148335261611, "longitude": 94.0249529791719 }, "geometry": { "type": "Point", "coordinates": [ 94.0249529791719, 28.507148335261611 ] } },
{ "type": "Feature", "properties": { "district_id": 242, "district_name": "West Kameng", "state_name": "Arunachal Pradesh", "point_number": 1, "latitude": 27.317201817853011, "longitude": 92.445734523712289 }, "geometry": { "type": "Point", "coordinates": [ 92.445734523712289, 27.317201817853011 ] } },
{ "type": "Feature", "properties": { "district_id": 242, "district_name": "West Kameng", "state_name": "Arunachal Pradesh", "point_number": 2, "latitude": 26.907303338395185, "longitude": 92.122384810754752 }, "geometry": { "type": "Point", "coordinates": [ 92.122384810754752, 26.907303338395185 ] } },
{ "type": "Feature", "properties": { "district_id": 242, "district_name": "West Kameng", "state_name": "Arunachal Pradesh", "point_number": 3, "latitude": 27.723434004408436, "longitude": 92.496791903536121 }, "geometry": { "type": "Point", "coordinates": [ 92.496791903536121, 27.723434004408436 ] } },
{ "type": "Feature", "properties": { "district_id": 242, "district_name": "West Kameng", "state_name": "Arunachal Pradesh", "point_number": 4, "latitude": 27.470743109254457, "longitude": 92.038651530599466 }, "geometry": { "type": "Point", "coordinates": [ 92.038651530599466, 27.470743109254457 ] } },
{ "type": "Feature", "properties": { "district_id": 242, "district_name": "West Kameng", "state_name": "Arunachal Pradesh", "point_number": 5, "latitude": 26.987358274070406, "longitude": 92.607009586517975 }, "geometry": { "type": "Point", "coordinates": [ 92.607009586517975, 26.987358274070406 ] } },
{ "type": "Feature", "properties": { "district_id": 242, "district_name": "West Kameng", "state_name": "Arunachal Pradesh", "point_number": 6, "latitude": 27.432023716968612, "longitude": 92.804535730773125 }, "geometry": { "type": "Point", "coordinates": [ 92.804535730773125, 27.432023716968612 ] } },
{ "type": "Feature", "properties": { "district_id": 719, "district_name": "Lower Siang", "state_name": "Arunachal Pradesh", "point_number": 1, "latitude": 27.802413932934993, "longitude": 94.567970458582522 }, "geometry": { "type": "Point", "coordinates": [ 94.567970458582522, 27.802413932934993 ] } },
{ "type": "Feature", "properties": { "district_id": 719, "district_name": "Lower Siang", "state_name": "Arunachal Pradesh", "point_number": 2, "latitude": 28.023802067023102, "longitude": 95.064238628958563 }, "geometry": { "type": "Point", "coordinates": [ 95.064238628958563, 28.023802067023102 ] } },
{ "type": "Feature", "properties": { "district_id": 719, "district_name": "Lower Siang", "state_name": "Arunachal Pradesh", "point_number": 3, "latitude": 27.61593475235653, "longitude": 94.274350963428688 }, "geometry": { "type": "Point", "coordinates": [ 94.274350963428688, 27.61593475235653 ] } },
{ "type": "Feature", "properties": { "district_id": 719, "district_name": "Lower Siang", "state_name": "Arunachal Pradesh", "point_number": 4, "latitude": 27.765861543472777, "longitude": 94.922488025652612 }, "geometry": { "type": "Point", "coordinates": [ 94.922488025652612, 27.765861543472777 ] } },
{ "type": "Feature", "properties": { "district_id": 719, "district_name": "Lower Siang", "state_name": "Arunachal Pradesh", "point_number": 5, "latitude": 27.604894846818272, "longitude": 94.53580496681225 }, "geometry": { "type": "Point", "coordinates": [ 94.53580496681225, 27.604894846818272 ] } },
{ "type": "Feature", "properties": { "district_id": 719, "district_name": "Lower Siang", "state_name": "Arunachal Pradesh", "point_number": 6, "latitude": 27.838650398081594, "longitude": 95.121266961432895 }, "geometry": { "type": "Point", "coordinates": [ 95.121266961432895, 27.838650398081594 ] } },
{ "type": "Feature", "properties": { "district_id": 758, "district_name": "Chumoukedima", "state_name": "Nagaland", "point_number": 1, "latitude": 25.761267261153201, "longitude": 93.783849582608468 }, "geometry": { "type": "Point", "coordinates": [ 93.783849582608468, 25.761267261153201 ] } },
{ "type": "Feature", "properties": { "district_id": 758, "district_name": "Chumoukedima", "state_name": "Nagaland", "point_number": 2, "latitude": 25.857990891992774, "longitude": 94.026145929541713 }, "geometry": { "type": "Point", "coordinates": [ 94.026145929541713, 25.857990891992774 ] } },
{ "type": "Feature", "properties": { "district_id": 758, "district_name": "Chumoukedima", "state_name": "Nagaland", "point_number": 3, "latitude": 25.720978512070108, "longitude": 93.551341362524099 }, "geometry": { "type": "Point", "coordinates": [ 93.551341362524099, 25.720978512070108 ] } },
{ "type": "Feature", "properties": { "district_id": 758, "district_name": "Chumoukedima", "state_name": "Nagaland", "point_number": 4, "latitude": 25.717821632532097, "longitude": 93.964583156214559 }, "geometry": { "type": "Point", "coordinates": [ 93.964583156214559, 25.717821632532097 ] } },
{ "type": "Feature", "properties": { "district_id": 758, "district_name": "Chumoukedima", "state_name": "Nagaland", "point_number": 5, "latitude": 25.806894766452903, "longitude": 93.647325234285034 }, "geometry": { "type": "Point", "coordinates": [ 93.647325234285034, 25.806894766452903 ] } },
{ "type": "Feature", "properties": { "district_id": 758, "district_name": "Chumoukedima", "state_name": "Nagaland", "point_number": 6, "latitude": 25.814905774173166, "longitude": 93.900138171139901 }, "geometry": { "type": "Point", "coordinates": [ 93.900138171139901, 25.814905774173166 ] } },
{ "type": "Feature", "properties": { "district_id": 245, "district_name": "Kohima", "state_name": "Nagaland", "point_number": 1, "latitude": 25.720583005502643, "longitude": 94.1041180816365 }, "geometry": { "type": "Point", "coordinates": [ 94.1041180816365, 25.720583005502643 ] } },
{ "type": "Feature", "properties": { "district_id": 245, "district_name": "Kohima", "state_name": "Nagaland", "point_number": 2, "latitude": 25.904341422885146, "longitude": 94.013079458667661 }, "geometry": { "type": "Point", "coordinates": [ 94.013079458667661, 25.904341422885146 ] } },
{ "type": "Feature", "properties": { "district_id": 245, "district_name": "Kohima", "state_name": "Nagaland", "point_number": 3, "latitude": 25.626239443604685, "longitude": 93.911186592196486 }, "geometry": { "type": "Point", "coordinates": [ 93.911186592196486, 25.626239443604685 ] } },
{ "type": "Feature", "properties": { "district_id": 245, "district_name": "Kohima", "state_name": "Nagaland", "point_number": 4, "latitude": 25.534770539988216, "longitude": 94.110089718094301 }, "geometry": { "type": "Point", "coordinates": [ 94.110089718094301, 25.534770539988216 ] } },
{ "type": "Feature", "properties": { "district_id": 245, "district_name": "Kohima", "state_name": "Nagaland", "point_number": 5, "latitude": 25.860641445656572, "longitude": 94.202212606754557 }, "geometry": { "type": "Point", "coordinates": [ 94.202212606754557, 25.860641445656572 ] } },
{ "type": "Feature", "properties": { "district_id": 245, "district_name": "Kohima", "state_name": "Nagaland", "point_number": 6, "latitude": 25.611302073631407, "longitude": 94.21373720705347 }, "geometry": { "type": "Point", "coordinates": [ 94.21373720705347, 25.611302073631407 ] } },
{ "type": "Feature", "properties": { "district_id": 614, "district_name": "Kiphire", "state_name": "Nagaland", "point_number": 1, "latitude": 25.805688767486767, "longitude": 94.856711112111029 }, "geometry": { "type": "Point", "coordinates": [ 94.856711112111029, 25.805688767486767 ] } },
{ "type": "Feature", "properties": { "district_id": 614, "district_name": "Kiphire", "state_name": "Nagaland", "point_number": 2, "latitude": 25.995109157043714, "longitude": 94.669535507984918 }, "geometry": { "type": "Point", "coordinates": [ 94.669535507984918, 25.995109157043714 ] } },
{ "type": "Feature", "properties": { "district_id": 614, "district_name": "Kiphire", "state_name": "Nagaland", "point_number": 3, "latitude": 25.60105272983435, "longitude": 94.889424038630835 }, "geometry": { "type": "Point", "coordinates": [ 94.889424038630835, 25.60105272983435 ] } },
{ "type": "Feature", "properties": { "district_id": 614, "district_name": "Kiphire", "state_name": "Nagaland", "point_number": 4, "latitude": 25.81740384511637, "longitude": 94.642109126185659 }, "geometry": { "type": "Point", "coordinates": [ 94.642109126185659, 25.81740384511637 ] } },
{ "type": "Feature", "properties": { "district_id": 614, "district_name": "Kiphire", "state_name": "Nagaland", "point_number": 5, "latitude": 25.766061689466806, "longitude": 95.04236724658999 }, "geometry": { "type": "Point", "coordinates": [ 95.04236724658999, 25.766061689466806 ] } },
{ "type": "Feature", "properties": { "district_id": 614, "district_name": "Kiphire", "state_name": "Nagaland", "point_number": 6, "latitude": 25.978703429598436, "longitude": 94.856658503856352 }, "geometry": { "type": "Point", "coordinates": [ 94.856658503856352, 25.978703429598436 ] } },
{ "type": "Feature", "properties": { "district_id": 251, "district_name": "Zunheboto", "state_name": "Nagaland", "point_number": 1, "latitude": 26.012495389124691, "longitude": 94.511558595220677 }, "geometry": { "type": "Point", "coordinates": [ 94.511558595220677, 26.012495389124691 ] } },
{ "type": "Feature", "properties": { "district_id": 251, "district_name": "Zunheboto", "state_name": "Nagaland", "point_number": 2, "latitude": 25.764001077662186, "longitude": 94.264079455234352 }, "geometry": { "type": "Point", "coordinates": [ 94.264079455234352, 25.764001077662186 ] } },
{ "type": "Feature", "properties": { "district_id": 251, "district_name": "Zunheboto", "state_name": "Nagaland", "point_number": 3, "latitude": 25.760494193959236, "longitude": 94.692663848215091 }, "geometry": { "type": "Point", "coordinates": [ 94.692663848215091, 25.760494193959236 ] } },
{ "type": "Feature", "properties": { "district_id": 251, "district_name": "Zunheboto", "state_name": "Nagaland", "point_number": 4, "latitude": 26.286544766562354, "longitude": 94.484228836639474 }, "geometry": { "type": "Point", "coordinates": [ 94.484228836639474, 26.286544766562354 ] } },
{ "type": "Feature", "properties": { "district_id": 251, "district_name": "Zunheboto", "state_name": "Nagaland", "point_number": 5, "latitude": 26.150122637598283, "longitude": 94.679239807472882 }, "geometry": { "type": "Point", "coordinates": [ 94.679239807472882, 26.150122637598283 ] } },
{ "type": "Feature", "properties": { "district_id": 251, "district_name": "Zunheboto", "state_name": "Nagaland", "point_number": 6, "latitude": 25.958714364935851, "longitude": 94.301236111509866 }, "geometry": { "type": "Point", "coordinates": [ 94.301236111509866, 25.958714364935851 ] } },
{ "type": "Feature", "properties": { "district_id": 246, "district_name": "Mokokchung", "state_name": "Nagaland", "point_number": 1, "latitude": 26.470523754259151, "longitude": 94.508872427590589 }, "geometry": { "type": "Point", "coordinates": [ 94.508872427590589, 26.470523754259151 ] } },
{ "type": "Feature", "properties": { "district_id": 246, "district_name": "Mokokchung", "state_name": "Nagaland", "point_number": 2, "latitude": 26.737312765627358, "longitude": 94.748723624601666 }, "geometry": { "type": "Point", "coordinates": [ 94.748723624601666, 26.737312765627358 ] } },
{ "type": "Feature", "properties": { "district_id": 246, "district_name": "Mokokchung", "state_name": "Nagaland", "point_number": 3, "latitude": 26.181292624630267, "longitude": 94.521986421012301 }, "geometry": { "type": "Point", "coordinates": [ 94.521986421012301, 26.181292624630267 ] } },
{ "type": "Feature", "properties": { "district_id": 246, "district_name": "Mokokchung", "state_name": "Nagaland", "point_number": 4, "latitude": 26.670142822110847, "longitude": 94.507754533020105 }, "geometry": { "type": "Point", "coordinates": [ 94.507754533020105, 26.670142822110847 ] } },
{ "type": "Feature", "properties": { "district_id": 246, "district_name": "Mokokchung", "state_name": "Nagaland", "point_number": 5, "latitude": 26.326848920575436, "longitude": 94.365044224605043 }, "geometry": { "type": "Point", "coordinates": [ 94.365044224605043, 26.326848920575436 ] } },
{ "type": "Feature", "properties": { "district_id": 246, "district_name": "Mokokchung", "state_name": "Nagaland", "point_number": 6, "latitude": 26.555850116877952, "longitude": 94.710771507918409 }, "geometry": { "type": "Point", "coordinates": [ 94.710771507918409, 26.555850116877952 ] } },
{ "type": "Feature", "properties": { "district_id": 247, "district_name": "Mon", "state_name": "Nagaland", "point_number": 1, "latitude": 26.65975388600889, "longitude": 94.999226608331625 }, "geometry": { "type": "Point", "coordinates": [ 94.999226608331625, 26.65975388600889 ] } },
{ "type": "Feature", "properties": { "district_id": 247, "district_name": "Mon", "state_name": "Nagaland", "point_number": 2, "latitude": 27.016674534841208, "longitude": 95.183841150438212 }, "geometry": { "type": "Point", "coordinates": [ 95.183841150438212, 27.016674534841208 ] } },
{ "type": "Feature", "properties": { "district_id": 247, "district_name": "Mon", "state_name": "Nagaland", "point_number": 3, "latitude": 26.336195185383556, "longitude": 95.05242307501338 }, "geometry": { "type": "Point", "coordinates": [ 95.05242307501338, 26.336195185383556 ] } },
{ "type": "Feature", "properties": { "district_id": 247, "district_name": "Mon", "state_name": "Nagaland", "point_number": 4, "latitude": 26.912020908002081, "longitude": 94.879557637608599 }, "geometry": { "type": "Point", "coordinates": [ 94.879557637608599, 26.912020908002081 ] } },
{ "type": "Feature", "properties": { "district_id": 247, "district_name": "Mon", "state_name": "Nagaland", "point_number": 5, "latitude": 26.774280581946133, "longitude": 95.222657368996806 }, "geometry": { "type": "Point", "coordinates": [ 95.222657368996806, 26.774280581946133 ] } },
{ "type": "Feature", "properties": { "district_id": 247, "district_name": "Mon", "state_name": "Nagaland", "point_number": 6, "latitude": 26.485628208005803, "longitude": 94.905143845452855 }, "geometry": { "type": "Point", "coordinates": [ 94.905143845452855, 26.485628208005803 ] } },
{ "type": "Feature", "properties": { "district_id": 249, "district_name": "Tuensang", "state_name": "Nagaland", "point_number": 1, "latitude": 26.218894176244731, "longitude": 94.735445653792866 }, "geometry": { "type": "Point", "coordinates": [ 94.735445653792866, 26.218894176244731 ] } },
{ "type": "Feature", "properties": { "district_id": 249, "district_name": "Tuensang", "state_name": "Nagaland", "point_number": 2, "latitude": 25.993984373610946, "longitude": 94.875916290966572 }, "geometry": { "type": "Point", "coordinates": [ 94.875916290966572, 25.993984373610946 ] } },
{ "type": "Feature", "properties": { "district_id": 249, "district_name": "Tuensang", "state_name": "Nagaland", "point_number": 3, "latitude": 26.449365741932642, "longitude": 94.739105371347648 }, "geometry": { "type": "Point", "coordinates": [ 94.739105371347648, 26.449365741932642 ] } },
{ "type": "Feature", "properties": { "district_id": 249, "district_name": "Tuensang", "state_name": "Nagaland", "point_number": 4, "latitude": 26.316266719643142, "longitude": 94.907828425623663 }, "geometry": { "type": "Point", "coordinates": [ 94.907828425623663, 26.316266719643142 ] } },
{ "type": "Feature", "properties": { "district_id": 249, "district_name": "Tuensang", "state_name": "Nagaland", "point_number": 5, "latitude": 26.056534932542583, "longitude": 94.693860726579885 }, "geometry": { "type": "Point", "coordinates": [ 94.693860726579885, 26.056534932542583 ] } },
{ "type": "Feature", "properties": { "district_id": 249, "district_name": "Tuensang", "state_name": "Nagaland", "point_number": 6, "latitude": 26.283624446650343, "longitude": 94.57692847661373 }, "geometry": { "type": "Point", "coordinates": [ 94.57692847661373, 26.283624446650343 ] } },
{ "type": "Feature", "properties": { "district_id": 786, "district_name": "Keyi Panyor", "state_name": "Arunachal Pradesh", "point_number": 1, "latitude": 27.545068741977271, "longitude": 93.697242978197522 }, "geometry": { "type": "Point", "coordinates": [ 93.697242978197522, 27.545068741977271 ] } },
{ "type": "Feature", "properties": { "district_id": 786, "district_name": "Keyi Panyor", "state_name": "Arunachal Pradesh", "point_number": 2, "latitude": 27.776519341137156, "longitude": 93.887245063420963 }, "geometry": { "type": "Point", "coordinates": [ 93.887245063420963, 27.776519341137156 ] } },
{ "type": "Feature", "properties": { "district_id": 786, "district_name": "Keyi Panyor", "state_name": "Arunachal Pradesh", "point_number": 3, "latitude": 27.297919926053744, "longitude": 93.768840057151039 }, "geometry": { "type": "Point", "coordinates": [ 93.768840057151039, 27.297919926053744 ] } },
{ "type": "Feature", "properties": { "district_id": 786, "district_name": "Keyi Panyor", "state_name": "Arunachal Pradesh", "point_number": 4, "latitude": 27.384978233735559, "longitude": 93.577054225499054 }, "geometry": { "type": "Point", "coordinates": [ 93.577054225499054, 27.384978233735559 ] } },
{ "type": "Feature", "properties": { "district_id": 786, "district_name": "Keyi Panyor", "state_name": "Arunachal Pradesh", "point_number": 5, "latitude": 27.468037307676408, "longitude": 93.891347375575521 }, "geometry": { "type": "Point", "coordinates": [ 93.891347375575521, 27.468037307676408 ] } },
{ "type": "Feature", "properties": { "district_id": 786, "district_name": "Keyi Panyor", "state_name": "Arunachal Pradesh", "point_number": 6, "latitude": 27.677447700559437, "longitude": 93.757948933083298 }, "geometry": { "type": "Point", "coordinates": [ 93.757948933083298, 27.677447700559437 ] } },
{ "type": "Feature", "properties": { "district_id": 615, "district_name": "Longleng", "state_name": "Nagaland", "point_number": 1, "latitude": 26.583844794757539, "longitude": 94.804591546740184 }, "geometry": { "type": "Point", "coordinates": [ 94.804591546740184, 26.583844794757539 ] } },
{ "type": "Feature", "properties": { "district_id": 615, "district_name": "Longleng", "state_name": "Nagaland", "point_number": 2, "latitude": 26.375301780908899, "longitude": 94.900223795574718 }, "geometry": { "type": "Point", "coordinates": [ 94.900223795574718, 26.375301780908899 ] } },
{ "type": "Feature", "properties": { "district_id": 615, "district_name": "Longleng", "state_name": "Nagaland", "point_number": 3, "latitude": 26.794810849764463, "longitude": 94.801302465335624 }, "geometry": { "type": "Point", "coordinates": [ 94.801302465335624, 26.794810849764463 ] } },
{ "type": "Feature", "properties": { "district_id": 615, "district_name": "Longleng", "state_name": "Nagaland", "point_number": 4, "latitude": 26.462263738077468, "longitude": 94.710067610953118 }, "geometry": { "type": "Point", "coordinates": [ 94.710067610953118, 26.462263738077468 ] } },
{ "type": "Feature", "properties": { "district_id": 615, "district_name": "Longleng", "state_name": "Nagaland", "point_number": 5, "latitude": 26.690066425444527, "longitude": 94.72509155267241 }, "geometry": { "type": "Point", "coordinates": [ 94.72509155267241, 26.690066425444527 ] } },
{ "type": "Feature", "properties": { "district_id": 615, "district_name": "Longleng", "state_name": "Nagaland", "point_number": 6, "latitude": 26.488419561977675, "longitude": 94.876068845674013 }, "geometry": { "type": "Point", "coordinates": [ 94.876068845674013, 26.488419561977675 ] } },
{ "type": "Feature", "properties": { "district_id": 714, "district_name": "Noney", "state_name": "Manipur", "point_number": 1, "latitude": 24.670378654427232, "longitude": 93.48737026710333 }, "geometry": { "type": "Point", "coordinates": [ 93.48737026710333, 24.670378654427232 ] } },
{ "type": "Feature", "properties": { "district_id": 714, "district_name": "Noney", "state_name": "Manipur", "point_number": 2, "latitude": 24.514920478969369, "longitude": 93.180310544318942 }, "geometry": { "type": "Point", "coordinates": [ 93.180310544318942, 24.514920478969369 ] } },
{ "type": "Feature", "properties": { "district_id": 714, "district_name": "Noney", "state_name": "Manipur", "point_number": 3, "latitude": 24.600625474011004, "longitude": 93.724416544510376 }, "geometry": { "type": "Point", "coordinates": [ 93.724416544510376, 24.600625474011004 ] } },
{ "type": "Feature", "properties": { "district_id": 714, "district_name": "Noney", "state_name": "Manipur", "point_number": 4, "latitude": 24.790724625827725, "longitude": 93.656506699100163 }, "geometry": { "type": "Point", "coordinates": [ 93.656506699100163, 24.790724625827725 ] } },
{ "type": "Feature", "properties": { "district_id": 714, "district_name": "Noney", "state_name": "Manipur", "point_number": 5, "latitude": 24.696253449859963, "longitude": 93.220947004717019 }, "geometry": { "type": "Point", "coordinates": [ 93.220947004717019, 24.696253449859963 ] } },
{ "type": "Feature", "properties": { "district_id": 714, "district_name": "Noney", "state_name": "Manipur", "point_number": 6, "latitude": 24.816076865972395, "longitude": 93.38305981620708 }, "geometry": { "type": "Point", "coordinates": [ 93.38305981620708, 24.816076865972395 ] } },
{ "type": "Feature", "properties": { "district_id": 715, "district_name": "Pherzawl", "state_name": "Manipur", "point_number": 1, "latitude": 24.368941973622803, "longitude": 93.25086401709197 }, "geometry": { "type": "Point", "coordinates": [ 93.25086401709197, 24.368941973622803 ] } },
{ "type": "Feature", "properties": { "district_id": 715, "district_name": "Pherzawl", "state_name": "Manipur", "point_number": 2, "latitude": 24.716434610722516, "longitude": 93.20748429209128 }, "geometry": { "type": "Point", "coordinates": [ 93.20748429209128, 24.716434610722516 ] } },
{ "type": "Feature", "properties": { "district_id": 715, "district_name": "Pherzawl", "state_name": "Manipur", "point_number": 3, "latitude": 24.031647411166272, "longitude": 93.253251984716613 }, "geometry": { "type": "Point", "coordinates": [ 93.253251984716613, 24.031647411166272 ] } },
{ "type": "Feature", "properties": { "district_id": 715, "district_name": "Pherzawl", "state_name": "Manipur", "point_number": 4, "latitude": 24.200966112173631, "longitude": 93.019542967488391 }, "geometry": { "type": "Point", "coordinates": [ 93.019542967488391, 24.200966112173631 ] } },
{ "type": "Feature", "properties": { "district_id": 715, "district_name": "Pherzawl", "state_name": "Manipur", "point_number": 5, "latitude": 24.540431135124155, "longitude": 93.061613370146816 }, "geometry": { "type": "Point", "coordinates": [ 93.061613370146816, 24.540431135124155 ] } },
{ "type": "Feature", "properties": { "district_id": 715, "district_name": "Pherzawl", "state_name": "Manipur", "point_number": 6, "latitude": 24.201843055220266, "longitude": 93.392006260417119 }, "geometry": { "type": "Point", "coordinates": [ 93.392006260417119, 24.201843055220266 ] } },
{ "type": "Feature", "properties": { "district_id": 716, "district_name": "Tengnoupal", "state_name": "Manipur", "point_number": 1, "latitude": 24.37731677458892, "longitude": 94.247806099907706 }, "geometry": { "type": "Point", "coordinates": [ 94.247806099907706, 24.37731677458892 ] } },
{ "type": "Feature", "properties": { "district_id": 716, "district_name": "Tengnoupal", "state_name": "Manipur", "point_number": 2, "latitude": 24.625501431357254, "longitude": 94.109418051674766 }, "geometry": { "type": "Point", "coordinates": [ 94.109418051674766, 24.625501431357254 ] } },
{ "type": "Feature", "properties": { "district_id": 716, "district_name": "Tengnoupal", "state_name": "Manipur", "point_number": 3, "latitude": 24.133237325986268, "longitude": 94.182544777712394 }, "geometry": { "type": "Point", "coordinates": [ 94.182544777712394, 24.133237325986268 ] } },
{ "type": "Feature", "properties": { "district_id": 716, "district_name": "Tengnoupal", "state_name": "Manipur", "point_number": 4, "latitude": 24.544616497777724, "longitude": 94.366744306600779 }, "geometry": { "type": "Point", "coordinates": [ 94.366744306600779, 24.544616497777724 ] } },
{ "type": "Feature", "properties": { "district_id": 716, "district_name": "Tengnoupal", "state_name": "Manipur", "point_number": 5, "latitude": 24.468845010595846, "longitude": 94.097457584082363 }, "geometry": { "type": "Point", "coordinates": [ 94.097457584082363, 24.468845010595846 ] } },
{ "type": "Feature", "properties": { "district_id": 716, "district_name": "Tengnoupal", "state_name": "Manipur", "point_number": 6, "latitude": 24.243837610252083, "longitude": 94.286388495033407 }, "geometry": { "type": "Point", "coordinates": [ 94.286388495033407, 24.243837610252083 ] } },
{ "type": "Feature", "properties": { "district_id": 712, "district_name": "Kangpokpi", "state_name": "Manipur", "point_number": 1, "latitude": 24.971076084161652, "longitude": 94.102019645080432 }, "geometry": { "type": "Point", "coordinates": [ 94.102019645080432, 24.971076084161652 ] } },
{ "type": "Feature", "properties": { "district_id": 712, "district_name": "Kangpokpi", "state_name": "Manipur", "point_number": 2, "latitude": 24.643891829395216, "longitude": 93.726540583068982 }, "geometry": { "type": "Point", "coordinates": [ 93.726540583068982, 24.643891829395216 ] } },
{ "type": "Feature", "properties": { "district_id": 712, "district_name": "Kangpokpi", "state_name": "Manipur", "point_number": 3, "latitude": 25.315076231575144, "longitude": 93.973967437793632 }, "geometry": { "type": "Point", "coordinates": [ 93.973967437793632, 25.315076231575144 ] } },
{ "type": "Feature", "properties": { "district_id": 712, "district_name": "Kangpokpi", "state_name": "Manipur", "point_number": 4, "latitude": 24.620620838576453, "longitude": 94.148437337913407 }, "geometry": { "type": "Point", "coordinates": [ 94.148437337913407, 24.620620838576453 ] } },
{ "type": "Feature", "properties": { "district_id": 712, "district_name": "Kangpokpi", "state_name": "Manipur", "point_number": 5, "latitude": 24.923114856596069, "longitude": 93.728452411357267 }, "geometry": { "type": "Point", "coordinates": [ 93.728452411357267, 24.923114856596069 ] } },
{ "type": "Feature", "properties": { "district_id": 712, "district_name": "Kangpokpi", "state_name": "Manipur", "point_number": 6, "latitude": 25.15758510849199, "longitude": 93.781785370936333 }, "geometry": { "type": "Point", "coordinates": [ 93.781785370936333, 25.15758510849199 ] } },
{ "type": "Feature", "properties": { "district_id": 711, "district_name": "Kakching", "state_name": "Manipur", "point_number": 1, "latitude": 24.392298541710563, "longitude": 93.878037457822799 }, "geometry": { "type": "Point", "coordinates": [ 93.878037457822799, 24.392298541710563 ] } },
{ "type": "Feature", "properties": { "district_id": 711, "district_name": "Kakching", "state_name": "Manipur", "point_number": 2, "latitude": 24.556870889394993, "longitude": 93.966787142880278 }, "geometry": { "type": "Point", "coordinates": [ 93.966787142880278, 24.556870889394993 ] } },
{ "type": "Feature", "properties": { "district_id": 711, "district_name": "Kakching", "state_name": "Manipur", "point_number": 3, "latitude": 24.234698077065577, "longitude": 93.862353809772273 }, "geometry": { "type": "Point", "coordinates": [ 93.862353809772273, 24.234698077065577 ] } },
{ "type": "Feature", "properties": { "district_id": 711, "district_name": "Kakching", "state_name": "Manipur", "point_number": 4, "latitude": 24.452521821120349, "longitude": 94.030519486685478 }, "geometry": { "type": "Point", "coordinates": [ 94.030519486685478, 24.452521821120349 ] } },
{ "type": "Feature", "properties": { "district_id": 711, "district_name": "Kakching", "state_name": "Manipur", "point_number": 5, "latitude": 24.498010068526181, "longitude": 93.874867162938287 }, "geometry": { "type": "Point", "coordinates": [ 93.874867162938287, 24.498010068526181 ] } },
{ "type": "Feature", "properties": { "district_id": 711, "district_name": "Kakching", "state_name": "Manipur", "point_number": 6, "latitude": 24.314283554540815, "longitude": 93.862214098200781 }, "geometry": { "type": "Point", "coordinates": [ 93.862214098200781, 24.314283554540815 ] } },
{ "type": "Feature", "properties": { "district_id": 679, "district_name": "Siang", "state_name": "Arunachal Pradesh", "point_number": 1, "latitude": 28.476869014768141, "longitude": 94.818270245748309 }, "geometry": { "type": "Point", "coordinates": [ 94.818270245748309, 28.476869014768141 ] } },
{ "type": "Feature", "properties": { "district_id": 679, "district_name": "Siang", "state_name": "Arunachal Pradesh", "point_number": 2, "latitude": 28.869590087742928, "longitude": 94.388312362815327 }, "geometry": { "type": "Point", "coordinates": [ 94.388312362815327, 28.869590087742928 ] } },
{ "type": "Feature", "properties": { "district_id": 679, "district_name": "Siang", "state_name": "Arunachal Pradesh", "point_number": 3, "latitude": 28.025269815278758, "longitude": 95.104409194466271 }, "geometry": { "type": "Point", "coordinates": [ 95.104409194466271, 28.025269815278758 ] } },
{ "type": "Feature", "properties": { "district_id": 679, "district_name": "Siang", "state_name": "Arunachal Pradesh", "point_number": 4, "latitude": 28.193750897963898, "longitude": 94.798375317014063 }, "geometry": { "type": "Point", "coordinates": [ 94.798375317014063, 28.193750897963898 ] } },
{ "type": "Feature", "properties": { "district_id": 679, "district_name": "Siang", "state_name": "Arunachal Pradesh", "point_number": 5, "latitude": 28.731153107529305, "longitude": 94.68978608421628 }, "geometry": { "type": "Point", "coordinates": [ 94.68978608421628, 28.731153107529305 ] } },
{ "type": "Feature", "properties": { "district_id": 679, "district_name": "Siang", "state_name": "Arunachal Pradesh", "point_number": 6, "latitude": 28.329377425886584, "longitude": 95.082654945294095 }, "geometry": { "type": "Point", "coordinates": [ 95.082654945294095, 28.329377425886584 ] } },
{ "type": "Feature", "properties": { "district_id": 243, "district_name": "West Siang", "state_name": "Arunachal Pradesh", "point_number": 1, "latitude": 28.200065019667786, "longitude": 94.557537321587432 }, "geometry": { "type": "Point", "coordinates": [ 94.557537321587432, 28.200065019667786 ] } },
{ "type": "Feature", "properties": { "district_id": 243, "district_name": "West Siang", "state_name": "Arunachal Pradesh", "point_number": 2, "latitude": 28.027856552518859, "longitude": 94.892831673830926 }, "geometry": { "type": "Point", "coordinates": [ 94.892831673830926, 28.027856552518859 ] } },
{ "type": "Feature", "properties": { "district_id": 243, "district_name": "West Siang", "state_name": "Arunachal Pradesh", "point_number": 3, "latitude": 28.388773482736891, "longitude": 94.445040251005793 }, "geometry": { "type": "Point", "coordinates": [ 94.445040251005793, 28.388773482736891 ] } },
{ "type": "Feature", "properties": { "district_id": 243, "district_name": "West Siang", "state_name": "Arunachal Pradesh", "point_number": 4, "latitude": 28.207792497504386, "longitude": 94.843929477871839 }, "geometry": { "type": "Point", "coordinates": [ 94.843929477871839, 28.207792497504386 ] } },
{ "type": "Feature", "properties": { "district_id": 243, "district_name": "West Siang", "state_name": "Arunachal Pradesh", "point_number": 5, "latitude": 28.365092952580063, "longitude": 94.650738603853867 }, "geometry": { "type": "Point", "coordinates": [ 94.650738603853867, 28.365092952580063 ] } },
{ "type": "Feature", "properties": { "district_id": 243, "district_name": "West Siang", "state_name": "Arunachal Pradesh", "point_number": 6, "latitude": 28.050097524834168, "longitude": 94.688903178823992 }, "geometry": { "type": "Point", "coordinates": [ 94.688903178823992, 28.050097524834168 ] } },
{ "type": "Feature", "properties": { "district_id": 725, "district_name": "Shi Yomi", "state_name": "Arunachal Pradesh", "point_number": 1, "latitude": 28.685069605954929, "longitude": 94.238425687874226 }, "geometry": { "type": "Point", "coordinates": [ 94.238425687874226, 28.685069605954929 ] } },
{ "type": "Feature", "properties": { "district_id": 725, "district_name": "Shi Yomi", "state_name": "Arunachal Pradesh", "point_number": 2, "latitude": 28.374401673742955, "longitude": 94.4118006440263 }, "geometry": { "type": "Point", "coordinates": [ 94.4118006440263, 28.374401673742955 ] } },
{ "type": "Feature", "properties": { "district_id": 725, "district_name": "Shi Yomi", "state_name": "Arunachal Pradesh", "point_number": 3, "latitude": 29.014455565353444, "longitude": 94.24709355307705 }, "geometry": { "type": "Point", "coordinates": [ 94.24709355307705, 29.014455565353444 ] } },
{ "type": "Feature", "properties": { "district_id": 725, "district_name": "Shi Yomi", "state_name": "Arunachal Pradesh", "point_number": 4, "latitude": 28.817788995015885, "longitude": 93.999907001562505 }, "geometry": { "type": "Point", "coordinates": [ 93.999907001562505, 28.817788995015885 ] } },
{ "type": "Feature", "properties": { "district_id": 725, "district_name": "Shi Yomi", "state_name": "Arunachal Pradesh", "point_number": 5, "latitude": 28.579731928687263, "longitude": 94.002365662048248 }, "geometry": { "type": "Point", "coordinates": [ 94.002365662048248, 28.579731928687263 ] } },
{ "type": "Feature", "properties": { "district_id": 725, "district_name": "Shi Yomi", "state_name": "Arunachal Pradesh", "point_number": 6, "latitude": 28.580735168848964, "longitude": 94.466624924238587 }, "geometry": { "type": "Point", "coordinates": [ 94.466624924238587, 28.580735168848964 ] } },
{ "type": "Feature", "properties": { "district_id": 724, "district_name": "Leparada", "state_name": "Arunachal Pradesh", "point_number": 1, "latitude": 27.917339102101177, "longitude": 94.707407906728349 }, "geometry": { "type": "Point", "coordinates": [ 94.707407906728349, 27.917339102101177 ] } },
{ "type": "Feature", "properties": { "district_id": 724, "district_name": "Leparada", "state_name": "Arunachal Pradesh", "point_number": 2, "latitude": 28.047928370692773, "longitude": 94.50962647702589 }, "geometry": { "type": "Point", "coordinates": [ 94.50962647702589, 28.047928370692773 ] } },
{ "type": "Feature", "properties": { "district_id": 724, "district_name": "Leparada", "state_name": "Arunachal Pradesh", "point_number": 3, "latitude": 27.849995969801842, "longitude": 94.911511188401803 }, "geometry": { "type": "Point", "coordinates": [ 94.911511188401803, 27.849995969801842 ] } },
{ "type": "Feature", "properties": { "district_id": 724, "district_name": "Leparada", "state_name": "Arunachal Pradesh", "point_number": 4, "latitude": 28.009241785855735, "longitude": 94.895157910426107 }, "geometry": { "type": "Point", "coordinates": [ 94.895157910426107, 28.009241785855735 ] } },
{ "type": "Feature", "properties": { "district_id": 724, "district_name": "Leparada", "state_name": "Arunachal Pradesh", "point_number": 5, "latitude": 27.790951686978854, "longitude": 94.760943438058916 }, "geometry": { "type": "Point", "coordinates": [ 94.760943438058916, 27.790951686978854 ] } },
{ "type": "Feature", "properties": { "district_id": 724, "district_name": "Leparada", "state_name": "Arunachal Pradesh", "point_number": 6, "latitude": 28.037680443200806, "longitude": 94.671279847421872 }, "geometry": { "type": "Point", "coordinates": [ 94.671279847421872, 28.037680443200806 ] } },
{ "type": "Feature", "properties": { "district_id": 723, "district_name": "Pakke Kessang", "state_name": "Arunachal Pradesh", "point_number": 1, "latitude": 27.151509021040578, "longitude": 93.064803168191688 }, "geometry": { "type": "Point", "coordinates": [ 93.064803168191688, 27.151509021040578 ] } },
{ "type": "Feature", "properties": { "district_id": 723, "district_name": "Pakke Kessang", "state_name": "Arunachal Pradesh", "point_number": 2, "latitude": 27.087928353102939, "longitude": 92.601549533446416 }, "geometry": { "type": "Point", "coordinates": [ 92.601549533446416, 27.087928353102939 ] } },
{ "type": "Feature", "properties": { "district_id": 723, "district_name": "Pakke Kessang", "state_name": "Arunachal Pradesh", "point_number": 3, "latitude": 26.966105504006372, "longitude": 93.384702628888434 }, "geometry": { "type": "Point", "coordinates": [ 93.384702628888434, 26.966105504006372 ] } },
{ "type": "Feature", "properties": { "district_id": 723, "district_name": "Pakke Kessang", "state_name": "Arunachal Pradesh", "point_number": 4, "latitude": 27.369577213831221, "longitude": 93.192489668437929 }, "geometry": { "type": "Point", "coordinates": [ 93.192489668437929, 27.369577213831221 ] } },
{ "type": "Feature", "properties": { "district_id": 723, "district_name": "Pakke Kessang", "state_name": "Arunachal Pradesh", "point_number": 5, "latitude": 26.925136197341992, "longitude": 93.022742871546541 }, "geometry": { "type": "Point", "coordinates": [ 93.022742871546541, 26.925136197341992 ] } },
{ "type": "Feature", "properties": { "district_id": 723, "district_name": "Pakke Kessang", "state_name": "Arunachal Pradesh", "point_number": 6, "latitude": 27.057742554477421, "longitude": 92.840496127369491 }, "geometry": { "type": "Point", "coordinates": [ 92.840496127369491, 27.057742554477421 ] } },
{ "type": "Feature", "properties": { "district_id": 677, "district_name": "Kra Daadi", "state_name": "Arunachal Pradesh", "point_number": 1, "latitude": 27.959304999685237, "longitude": 93.77897680058922 }, "geometry": { "type": "Point", "coordinates": [ 93.77897680058922, 27.959304999685237 ] } },
{ "type": "Feature", "properties": { "district_id": 677, "district_name": "Kra Daadi", "state_name": "Arunachal Pradesh", "point_number": 2, "latitude": 28.262178386913302, "longitude": 93.462024804275146 }, "geometry": { "type": "Point", "coordinates": [ 93.462024804275146, 28.262178386913302 ] } },
{ "type": "Feature", "properties": { "district_id": 677, "district_name": "Kra Daadi", "state_name": "Arunachal Pradesh", "point_number": 3, "latitude": 27.629640207680211, "longitude": 93.547340541080771 }, "geometry": { "type": "Point", "coordinates": [ 93.547340541080771, 27.629640207680211 ] } },
{ "type": "Feature", "properties": { "district_id": 677, "district_name": "Kra Daadi", "state_name": "Arunachal Pradesh", "point_number": 4, "latitude": 28.244279158210272, "longitude": 93.82496073563081 }, "geometry": { "type": "Point", "coordinates": [ 93.82496073563081, 28.244279158210272 ] } },
{ "type": "Feature", "properties": { "district_id": 677, "district_name": "Kra Daadi", "state_name": "Arunachal Pradesh", "point_number": 5, "latitude": 27.739381158890509, "longitude": 93.767560068998506 }, "geometry": { "type": "Point", "coordinates": [ 93.767560068998506, 27.739381158890509 ] } },
{ "type": "Feature", "properties": { "district_id": 677, "district_name": "Kra Daadi", "state_name": "Arunachal Pradesh", "point_number": 6, "latitude": 28.073104268376859, "longitude": 93.579716680422536 }, "geometry": { "type": "Point", "coordinates": [ 93.579716680422536, 28.073104268376859 ] } },
{ "type": "Feature", "properties": { "district_id": 678, "district_name": "Namsai", "state_name": "Arunachal Pradesh", "point_number": 1, "latitude": 27.696730907060029, "longitude": 95.998161055001148 }, "geometry": { "type": "Point", "coordinates": [ 95.998161055001148, 27.696730907060029 ] } },
{ "type": "Feature", "properties": { "district_id": 678, "district_name": "Namsai", "state_name": "Arunachal Pradesh", "point_number": 2, "latitude": 27.574735947095373, "longitude": 96.293646396745402 }, "geometry": { "type": "Point", "coordinates": [ 96.293646396745402, 27.574735947095373 ] } },
{ "type": "Feature", "properties": { "district_id": 678, "district_name": "Namsai", "state_name": "Arunachal Pradesh", "point_number": 3, "latitude": 27.813104600470083, "longitude": 96.194498234290194 }, "geometry": { "type": "Point", "coordinates": [ 96.194498234290194, 27.813104600470083 ] } },
{ "type": "Feature", "properties": { "district_id": 678, "district_name": "Namsai", "state_name": "Arunachal Pradesh", "point_number": 4, "latitude": 27.720728538692899, "longitude": 95.765155462919282 }, "geometry": { "type": "Point", "coordinates": [ 95.765155462919282, 27.720728538692899 ] } },
{ "type": "Feature", "properties": { "district_id": 678, "district_name": "Namsai", "state_name": "Arunachal Pradesh", "point_number": 5, "latitude": 27.54947140576536, "longitude": 95.867480846565726 }, "geometry": { "type": "Point", "coordinates": [ 95.867480846565726, 27.54947140576536 ] } },
{ "type": "Feature", "properties": { "district_id": 678, "district_name": "Namsai", "state_name": "Arunachal Pradesh", "point_number": 6, "latitude": 27.836996410334375, "longitude": 95.996775337551 }, "geometry": { "type": "Point", "coordinates": [ 95.996775337551, 27.836996410334375 ] } },
{ "type": "Feature", "properties": { "district_id": 718, "district_name": "Kamle", "state_name": "Arunachal Pradesh", "point_number": 1, "latitude": 27.73209918748109, "longitude": 94.12903992869218 }, "geometry": { "type": "Point", "coordinates": [ 94.12903992869218, 27.73209918748109 ] } },
{ "type": "Feature", "properties": { "district_id": 718, "district_name": "Kamle", "state_name": "Arunachal Pradesh", "point_number": 2, "latitude": 27.508875456098522, "longitude": 93.951969547926581 }, "geometry": { "type": "Point", "coordinates": [ 93.951969547926581, 27.508875456098522 ] } },
{ "type": "Feature", "properties": { "district_id": 718, "district_name": "Kamle", "state_name": "Arunachal Pradesh", "point_number": 3, "latitude": 27.970720171247169, "longitude": 93.983116869207976 }, "geometry": { "type": "Point", "coordinates": [ 93.983116869207976, 27.970720171247169 ] } },
{ "type": "Feature", "properties": { "district_id": 718, "district_name": "Kamle", "state_name": "Arunachal Pradesh", "point_number": 4, "latitude": 27.517774658793002, "longitude": 94.238221796331388 }, "geometry": { "type": "Point", "coordinates": [ 94.238221796331388, 27.517774658793002 ] } },
{ "type": "Feature", "properties": { "district_id": 718, "district_name": "Kamle", "state_name": "Arunachal Pradesh", "point_number": 5, "latitude": 27.796372730267013, "longitude": 93.940047550748943 }, "geometry": { "type": "Point", "coordinates": [ 93.940047550748943, 27.796372730267013 ] } },
{ "type": "Feature", "properties": { "district_id": 718, "district_name": "Kamle", "state_name": "Arunachal Pradesh", "point_number": 6, "latitude": 27.708313495978132, "longitude": 94.328111127585672 }, "geometry": { "type": "Point", "coordinates": [ 94.328111127585672, 27.708313495978132 ] } },
{ "type": "Feature", "properties": { "district_id": 232, "district_name": "East Siang", "state_name": "Arunachal Pradesh", "point_number": 1, "latitude": 28.068883958698581, "longitude": 95.392682306651992 }, "geometry": { "type": "Point", "coordinates": [ 95.392682306651992, 28.068883958698581 ] } },
{ "type": "Feature", "properties": { "district_id": 232, "district_name": "East Siang", "state_name": "Arunachal Pradesh", "point_number": 2, "latitude": 27.824486818226944, "longitude": 95.144360543881135 }, "geometry": { "type": "Point", "coordinates": [ 95.144360543881135, 27.824486818226944 ] } },
{ "type": "Feature", "properties": { "district_id": 232, "district_name": "East Siang", "state_name": "Arunachal Pradesh", "point_number": 3, "latitude": 28.30117437899036, "longitude": 95.359463063429018 }, "geometry": { "type": "Point", "coordinates": [ 95.359463063429018, 28.30117437899036 ] } },
{ "type": "Feature", "properties": { "district_id": 232, "district_name": "East Siang", "state_name": "Arunachal Pradesh", "point_number": 4, "latitude": 27.879530700345846, "longitude": 95.482696200931969 }, "geometry": { "type": "Point", "coordinates": [ 95.482696200931969, 27.879530700345846 ] } },
{ "type": "Feature", "properties": { "district_id": 232, "district_name": "East Siang", "state_name": "Arunachal Pradesh", "point_number": 5, "latitude": 28.020011524615228, "longitude": 95.075721193352805 }, "geometry": { "type": "Point", "coordinates": [ 95.075721193352805, 28.020011524615228 ] } },
{ "type": "Feature", "properties": { "district_id": 232, "district_name": "East Siang", "state_name": "Arunachal Pradesh", "point_number": 6, "latitude": 28.198884102557347, "longitude": 95.556728462578064 }, "geometry": { "type": "Point", "coordinates": [ 95.556728462578064, 28.198884102557347 ] } },
{ "type": "Feature", "properties": { "district_id": 666, "district_name": "Longding", "state_name": "Arunachal Pradesh", "point_number": 1, "latitude": 26.878319207779072, "longitude": 95.31672098049404 }, "geometry": { "type": "Point", "coordinates": [ 95.31672098049404, 26.878319207779072 ] } },
{ "type": "Feature", "properties": { "district_id": 666, "district_name": "Longding", "state_name": "Arunachal Pradesh", "point_number": 2, "latitude": 27.106583659269077, "longitude": 95.360998130347213 }, "geometry": { "type": "Point", "coordinates": [ 95.360998130347213, 27.106583659269077 ] } },
{ "type": "Feature", "properties": { "district_id": 666, "district_name": "Longding", "state_name": "Arunachal Pradesh", "point_number": 3, "latitude": 26.65667372304825, "longitude": 95.285687585341151 }, "geometry": { "type": "Point", "coordinates": [ 95.285687585341151, 26.65667372304825 ] } },
{ "type": "Feature", "properties": { "district_id": 666, "district_name": "Longding", "state_name": "Arunachal Pradesh", "point_number": 4, "latitude": 26.770927655468228, "longitude": 95.484590229559586 }, "geometry": { "type": "Point", "coordinates": [ 95.484590229559586, 26.770927655468228 ] } },
{ "type": "Feature", "properties": { "district_id": 666, "district_name": "Longding", "state_name": "Arunachal Pradesh", "point_number": 5, "latitude": 27.002388303468631, "longitude": 95.200250487953042 }, "geometry": { "type": "Point", "coordinates": [ 95.200250487953042, 27.002388303468631 ] } },
{ "type": "Feature", "properties": { "district_id": 666, "district_name": "Longding", "state_name": "Arunachal Pradesh", "point_number": 6, "latitude": 26.788270630297781, "longitude": 95.218641093747436 }, "geometry": { "type": "Point", "coordinates": [ 95.218641093747436, 26.788270630297781 ] } },
{ "type": "Feature", "properties": { "district_id": 726, "district_name": "Hnahthial", "state_name": "Mizoram", "point_number": 1, "latitude": 22.956355800093789, "longitude": 93.015266215903708 }, "geometry": { "type": "Point", "coordinates": [ 93.015266215903708, 22.956355800093789 ] } },
{ "type": "Feature", "properties": { "district_id": 726, "district_name": "Hnahthial", "state_name": "Mizoram", "point_number": 2, "latitude": 23.175071754022905, "longitude": 92.889006863561036 }, "geometry": { "type": "Point", "coordinates": [ 92.889006863561036, 23.175071754022905 ] } },
{ "type": "Feature", "properties": { "district_id": 726, "district_name": "Hnahthial", "state_name": "Mizoram", "point_number": 3, "latitude": 22.731849281821312, "longitude": 92.913482288598587 }, "geometry": { "type": "Point", "coordinates": [ 92.913482288598587, 22.731849281821312 ] } },
{ "type": "Feature", "properties": { "district_id": 726, "district_name": "Hnahthial", "state_name": "Mizoram", "point_number": 4, "latitude": 22.798924358153638, "longitude": 93.090096260407222 }, "geometry": { "type": "Point", "coordinates": [ 93.090096260407222, 22.798924358153638 ] } },
{ "type": "Feature", "properties": { "district_id": 726, "district_name": "Hnahthial", "state_name": "Mizoram", "point_number": 5, "latitude": 22.875903770956235, "longitude": 92.862687646956701 }, "geometry": { "type": "Point", "coordinates": [ 92.862687646956701, 22.875903770956235 ] } },
{ "type": "Feature", "properties": { "district_id": 726, "district_name": "Hnahthial", "state_name": "Mizoram", "point_number": 6, "latitude": 23.054048169400144, "longitude": 92.916162933802369 }, "geometry": { "type": "Point", "coordinates": [ 92.916162933802369, 23.054048169400144 ] } },
{ "type": "Feature", "properties": { "district_id": 736, "district_name": "Noklak", "state_name": "Nagaland", "point_number": 1, "latitude": 26.107289669733831, "longitude": 95.058064305911657 }, "geometry": { "type": "Point", "coordinates": [ 95.058064305911657, 26.107289669733831 ] } },
{ "type": "Feature", "properties": { "district_id": 736, "district_name": "Noklak", "state_name": "Nagaland", "point_number": 2, "latitude": 25.881303429461049, "longitude": 94.978645050233439 }, "geometry": { "type": "Point", "coordinates": [ 94.978645050233439, 25.881303429461049 ] } },
{ "type": "Feature", "properties": { "district_id": 736, "district_name": "Noklak", "state_name": "Nagaland", "point_number": 3, "latitude": 26.332625141262696, "longitude": 95.101998777859279 }, "geometry": { "type": "Point", "coordinates": [ 95.101998777859279, 26.332625141262696 ] } },
{ "type": "Feature", "properties": { "district_id": 736, "district_name": "Noklak", "state_name": "Nagaland", "point_number": 4, "latitude": 26.225373356863287, "longitude": 94.892098093567995 }, "geometry": { "type": "Point", "coordinates": [ 94.892098093567995, 26.225373356863287 ] } },
{ "type": "Feature", "properties": { "district_id": 736, "district_name": "Noklak", "state_name": "Nagaland", "point_number": 5, "latitude": 25.996854375329644, "longitude": 94.892706705726965 }, "geometry": { "type": "Point", "coordinates": [ 94.892706705726965, 25.996854375329644 ] } },
{ "type": "Feature", "properties": { "district_id": 736, "district_name": "Noklak", "state_name": "Nagaland", "point_number": 6, "latitude": 25.980006107996427, "longitude": 95.103311117825029 }, "geometry": { "type": "Point", "coordinates": [ 95.103311117825029, 25.980006107996427 ] } },
{ "type": "Feature", "properties": { "district_id": 295, "district_name": "Lakhimpur", "state_name": "Assam", "point_number": 1, "latitude": 27.170658402970886, "longitude": 94.187038830595426 }, "geometry": { "type": "Point", "coordinates": [ 94.187038830595426, 27.170658402970886 ] } },
{ "type": "Feature", "properties": { "district_id": 295, "district_name": "Lakhimpur", "state_name": "Assam", "point_number": 2, "latitude": 26.86347633544661, "longitude": 93.80705108244959 }, "geometry": { "type": "Point", "coordinates": [ 93.80705108244959, 26.86347633544661 ] } },
{ "type": "Feature", "properties": { "district_id": 295, "district_name": "Lakhimpur", "state_name": "Assam", "point_number": 3, "latitude": 27.284206332609944, "longitude": 94.575843233450769 }, "geometry": { "type": "Point", "coordinates": [ 94.575843233450769, 27.284206332609944 ] } },
{ "type": "Feature", "properties": { "district_id": 295, "district_name": "Lakhimpur", "state_name": "Assam", "point_number": 4, "latitude": 27.488497972804545, "longitude": 94.27446771389306 }, "geometry": { "type": "Point", "coordinates": [ 94.27446771389306, 27.488497972804545 ] } },
{ "type": "Feature", "properties": { "district_id": 295, "district_name": "Lakhimpur", "state_name": "Assam", "point_number": 5, "latitude": 27.166922366975466, "longitude": 93.828220052190503 }, "geometry": { "type": "Point", "coordinates": [ 93.828220052190503, 27.166922366975466 ] } },
{ "type": "Feature", "properties": { "district_id": 295, "district_name": "Lakhimpur", "state_name": "Assam", "point_number": 6, "latitude": 26.996012945284814, "longitude": 94.038929337405122 }, "geometry": { "type": "Point", "coordinates": [ 94.038929337405122, 26.996012945284814 ] } },
{ "type": "Feature", "properties": { "district_id": 283, "district_name": "Darrang", "state_name": "Assam", "point_number": 1, "latitude": 26.428798824469723, "longitude": 92.00438410335947 }, "geometry": { "type": "Point", "coordinates": [ 92.00438410335947, 26.428798824469723 ] } },
{ "type": "Feature", "properties": { "district_id": 283, "district_name": "Darrang", "state_name": "Assam", "point_number": 2, "latitude": 26.559813505539559, "longitude": 92.349057825643442 }, "geometry": { "type": "Point", "coordinates": [ 92.349057825643442, 26.559813505539559 ] } },
{ "type": "Feature", "properties": { "district_id": 283, "district_name": "Darrang", "state_name": "Assam", "point_number": 3, "latitude": 26.206958005954402, "longitude": 91.758985130379983 }, "geometry": { "type": "Point", "coordinates": [ 91.758985130379983, 26.206958005954402 ] } },
{ "type": "Feature", "properties": { "district_id": 283, "district_name": "Darrang", "state_name": "Assam", "point_number": 4, "latitude": 26.639996328578786, "longitude": 92.085147312525876 }, "geometry": { "type": "Point", "coordinates": [ 92.085147312525876, 26.639996328578786 ] } },
{ "type": "Feature", "properties": { "district_id": 283, "district_name": "Darrang", "state_name": "Assam", "point_number": 5, "latitude": 26.420773450359846, "longitude": 91.779806702839394 }, "geometry": { "type": "Point", "coordinates": [ 91.779806702839394, 26.420773450359846 ] } },
{ "type": "Feature", "properties": { "district_id": 283, "district_name": "Darrang", "state_name": "Assam", "point_number": 6, "latitude": 26.259157359998323, "longitude": 91.954265075041889 }, "geometry": { "type": "Point", "coordinates": [ 91.954265075041889, 26.259157359998323 ] } },
{ "type": "Feature", "properties": { "district_id": 262, "district_name": "Champhai", "state_name": "Mizoram", "point_number": 1, "latitude": 23.196819438918869, "longitude": 93.271126087036919 }, "geometry": { "type": "Point", "coordinates": [ 93.271126087036919, 23.196819438918869 ] } },
{ "type": "Feature", "properties": { "district_id": 262, "district_name": "Champhai", "state_name": "Mizoram", "point_number": 2, "latitude": 23.847921981094174, "longitude": 93.367224062612422 }, "geometry": { "type": "Point", "coordinates": [ 93.367224062612422, 23.847921981094174 ] } },
{ "type": "Feature", "properties": { "district_id": 262, "district_name": "Champhai", "state_name": "Mizoram", "point_number": 3, "latitude": 23.51644126064442, "longitude": 93.389709956629289 }, "geometry": { "type": "Point", "coordinates": [ 93.389709956629289, 23.51644126064442 ] } },
{ "type": "Feature", "properties": { "district_id": 262, "district_name": "Champhai", "state_name": "Mizoram", "point_number": 4, "latitude": 23.678986659946151, "longitude": 93.24897280671145 }, "geometry": { "type": "Point", "coordinates": [ 93.24897280671145, 23.678986659946151 ] } },
{ "type": "Feature", "properties": { "district_id": 262, "district_name": "Champhai", "state_name": "Mizoram", "point_number": 5, "latitude": 23.014666344657638, "longitude": 93.28845603916804 }, "geometry": { "type": "Point", "coordinates": [ 93.28845603916804, 23.014666344657638 ] } },
{ "type": "Feature", "properties": { "district_id": 262, "district_name": "Champhai", "state_name": "Mizoram", "point_number": 6, "latitude": 23.371050960574969, "longitude": 93.26288047632633 }, "geometry": { "type": "Point", "coordinates": [ 93.26288047632633, 23.371050960574969 ] } },
{ "type": "Feature", "properties": { "district_id": 728, "district_name": "Khawzawl", "state_name": "Mizoram", "point_number": 1, "latitude": 23.499136933395004, "longitude": 93.143766234582557 }, "geometry": { "type": "Point", "coordinates": [ 93.143766234582557, 23.499136933395004 ] } },
{ "type": "Feature", "properties": { "district_id": 728, "district_name": "Khawzawl", "state_name": "Mizoram", "point_number": 2, "latitude": 23.201916958005004, "longitude": 93.15125683329272 }, "geometry": { "type": "Point", "coordinates": [ 93.15125683329272, 23.201916958005004 ] } },
{ "type": "Feature", "properties": { "district_id": 728, "district_name": "Khawzawl", "state_name": "Mizoram", "point_number": 3, "latitude": 23.788591611610098, "longitude": 93.161001960808605 }, "geometry": { "type": "Point", "coordinates": [ 93.161001960808605, 23.788591611610098 ] } },
{ "type": "Feature", "properties": { "district_id": 728, "district_name": "Khawzawl", "state_name": "Mizoram", "point_number": 4, "latitude": 23.367493174222016, "longitude": 93.387277099012991 }, "geometry": { "type": "Point", "coordinates": [ 93.387277099012991, 23.367493174222016 ] } },
{ "type": "Feature", "properties": { "district_id": 728, "district_name": "Khawzawl", "state_name": "Mizoram", "point_number": 5, "latitude": 23.356349963177358, "longitude": 93.045868931870714 }, "geometry": { "type": "Point", "coordinates": [ 93.045868931870714, 23.356349963177358 ] } },
{ "type": "Feature", "properties": { "district_id": 728, "district_name": "Khawzawl", "state_name": "Mizoram", "point_number": 6, "latitude": 23.648885680754812, "longitude": 93.05974442835408 }, "geometry": { "type": "Point", "coordinates": [ 93.05974442835408, 23.648885680754812 ] } },
{ "type": "Feature", "properties": { "district_id": 739, "district_name": "Bajali", "state_name": "Assam", "point_number": 1, "latitude": 26.506858301550174, "longitude": 91.124517901248439 }, "geometry": { "type": "Point", "coordinates": [ 91.124517901248439, 26.506858301550174 ] } },
{ "type": "Feature", "properties": { "district_id": 739, "district_name": "Bajali", "state_name": "Assam", "point_number": 2, "latitude": 26.389895330637113, "longitude": 91.232390276359666 }, "geometry": { "type": "Point", "coordinates": [ 91.232390276359666, 26.389895330637113 ] } },
{ "type": "Feature", "properties": { "district_id": 739, "district_name": "Bajali", "state_name": "Assam", "point_number": 3, "latitude": 26.581716884717448, "longitude": 91.275705213815385 }, "geometry": { "type": "Point", "coordinates": [ 91.275705213815385, 26.581716884717448 ] } },
{ "type": "Feature", "properties": { "district_id": 739, "district_name": "Bajali", "state_name": "Assam", "point_number": 4, "latitude": 26.428504864537388, "longitude": 91.025550811421851 }, "geometry": { "type": "Point", "coordinates": [ 91.025550811421851, 26.428504864537388 ] } },
{ "type": "Feature", "properties": { "district_id": 739, "district_name": "Bajali", "state_name": "Assam", "point_number": 5, "latitude": 26.614014484774628, "longitude": 91.156906929544618 }, "geometry": { "type": "Point", "coordinates": [ 91.156906929544618, 26.614014484774628 ] } },
{ "type": "Feature", "properties": { "district_id": 739, "district_name": "Bajali", "state_name": "Assam", "point_number": 6, "latitude": 26.489415603377072, "longitude": 91.239344193843607 }, "geometry": { "type": "Point", "coordinates": [ 91.239344193843607, 26.489415603377072 ] } },
{ "type": "Feature", "properties": { "district_id": 727, "district_name": "Saitual", "state_name": "Mizoram", "point_number": 1, "latitude": 23.877648633632347, "longitude": 93.185928728002537 }, "geometry": { "type": "Point", "coordinates": [ 93.185928728002537, 23.877648633632347 ] } },
{ "type": "Feature", "properties": { "district_id": 727, "district_name": "Saitual", "state_name": "Mizoram", "point_number": 2, "latitude": 24.105128782910199, "longitude": 92.967674808118176 }, "geometry": { "type": "Point", "coordinates": [ 92.967674808118176, 24.105128782910199 ] } },
{ "type": "Feature", "properties": { "district_id": 727, "district_name": "Saitual", "state_name": "Mizoram", "point_number": 3, "latitude": 23.644819710399634, "longitude": 93.109723821335891 }, "geometry": { "type": "Point", "coordinates": [ 93.109723821335891, 23.644819710399634 ] } },
{ "type": "Feature", "properties": { "district_id": 727, "district_name": "Saitual", "state_name": "Mizoram", "point_number": 4, "latitude": 24.046276083000198, "longitude": 93.317357936689845 }, "geometry": { "type": "Point", "coordinates": [ 93.317357936689845, 24.046276083000198 ] } },
{ "type": "Feature", "properties": { "district_id": 727, "district_name": "Saitual", "state_name": "Mizoram", "point_number": 5, "latitude": 23.820436846406029, "longitude": 93.387611541358112 }, "geometry": { "type": "Point", "coordinates": [ 93.387611541358112, 23.820436846406029 ] } },
{ "type": "Feature", "properties": { "district_id": 727, "district_name": "Saitual", "state_name": "Mizoram", "point_number": 6, "latitude": 23.884341094972914, "longitude": 92.984043473332335 }, "geometry": { "type": "Point", "coordinates": [ 92.984043473332335, 23.884341094972914 ] } },
{ "type": "Feature", "properties": { "district_id": 741, "district_name": "Pakyong", "state_name": "Sikkim", "point_number": 1, "latitude": 27.233459430434635, "longitude": 88.687074071482044 }, "geometry": { "type": "Point", "coordinates": [ 88.687074071482044, 27.233459430434635 ] } },
{ "type": "Feature", "properties": { "district_id": 741, "district_name": "Pakyong", "state_name": "Sikkim", "point_number": 2, "latitude": 27.31281644593723, "longitude": 88.904925564582044 }, "geometry": { "type": "Point", "coordinates": [ 88.904925564582044, 27.31281644593723 ] } },
{ "type": "Feature", "properties": { "district_id": 741, "district_name": "Pakyong", "state_name": "Sikkim", "point_number": 3, "latitude": 27.252760995027206, "longitude": 88.562597914578376 }, "geometry": { "type": "Point", "coordinates": [ 88.562597914578376, 27.252760995027206 ] } },
{ "type": "Feature", "properties": { "district_id": 741, "district_name": "Pakyong", "state_name": "Sikkim", "point_number": 4, "latitude": 27.152682479187334, "longitude": 88.759108952761579 }, "geometry": { "type": "Point", "coordinates": [ 88.759108952761579, 27.152682479187334 ] } },
{ "type": "Feature", "properties": { "district_id": 741, "district_name": "Pakyong", "state_name": "Sikkim", "point_number": 5, "latitude": 27.257811983976122, "longitude": 88.805350781796079 }, "geometry": { "type": "Point", "coordinates": [ 88.805350781796079, 27.257811983976122 ] } },
{ "type": "Feature", "properties": { "district_id": 741, "district_name": "Pakyong", "state_name": "Sikkim", "point_number": 6, "latitude": 27.319365572977343, "longitude": 88.73032817673004 }, "geometry": { "type": "Point", "coordinates": [ 88.73032817673004, 27.319365572977343 ] } },
{ "type": "Feature", "properties": { "district_id": 742, "district_name": "Soreng", "state_name": "Sikkim", "point_number": 1, "latitude": 27.18197803640092, "longitude": 88.194877932621608 }, "geometry": { "type": "Point", "coordinates": [ 88.194877932621608, 27.18197803640092 ] } },
{ "type": "Feature", "properties": { "district_id": 742, "district_name": "Soreng", "state_name": "Sikkim", "point_number": 2, "latitude": 27.220251853653487, "longitude": 88.015663963311354 }, "geometry": { "type": "Point", "coordinates": [ 88.015663963311354, 27.220251853653487 ] } },
{ "type": "Feature", "properties": { "district_id": 742, "district_name": "Soreng", "state_name": "Sikkim", "point_number": 3, "latitude": 27.192921496136368, "longitude": 88.325018227820635 }, "geometry": { "type": "Point", "coordinates": [ 88.325018227820635, 27.192921496136368 ] } },
{ "type": "Feature", "properties": { "district_id": 742, "district_name": "Soreng", "state_name": "Sikkim", "point_number": 4, "latitude": 27.140057747227708, "longitude": 88.093174135317071 }, "geometry": { "type": "Point", "coordinates": [ 88.093174135317071, 27.140057747227708 ] } },
{ "type": "Feature", "properties": { "district_id": 742, "district_name": "Soreng", "state_name": "Sikkim", "point_number": 5, "latitude": 27.241093067591695, "longitude": 88.114285758727462 }, "geometry": { "type": "Point", "coordinates": [ 88.114285758727462, 27.241093067591695 ] } },
{ "type": "Feature", "properties": { "district_id": 742, "district_name": "Soreng", "state_name": "Sikkim", "point_number": 6, "latitude": 27.132410665872872, "longitude": 88.266031500936506 }, "geometry": { "type": "Point", "coordinates": [ 88.266031500936506, 27.132410665872872 ] } },
{ "type": "Feature", "properties": { "district_id": 740, "district_name": "Eastern West Khasi Hills", "state_name": "Meghalaya", "point_number": 1, "latitude": 25.617878609206233, "longitude": 91.564936268711449 }, "geometry": { "type": "Point", "coordinates": [ 91.564936268711449, 25.617878609206233 ] } },
{ "type": "Feature", "properties": { "district_id": 740, "district_name": "Eastern West Khasi Hills", "state_name": "Meghalaya", "point_number": 2, "latitude": 25.43206513525903, "longitude": 91.342955222081301 }, "geometry": { "type": "Point", "coordinates": [ 91.342955222081301, 25.43206513525903 ] } },
{ "type": "Feature", "properties": { "district_id": 740, "district_name": "Eastern West Khasi Hills", "state_name": "Meghalaya", "point_number": 3, "latitude": 25.823254201974169, "longitude": 91.738288139023354 }, "geometry": { "type": "Point", "coordinates": [ 91.738288139023354, 25.823254201974169 ] } },
{ "type": "Feature", "properties": { "district_id": 740, "district_name": "Eastern West Khasi Hills", "state_name": "Meghalaya", "point_number": 4, "latitude": 25.790759677484555, "longitude": 91.443613443717709 }, "geometry": { "type": "Point", "coordinates": [ 91.443613443717709, 25.790759677484555 ] } },
{ "type": "Feature", "properties": { "district_id": 740, "district_name": "Eastern West Khasi Hills", "state_name": "Meghalaya", "point_number": 5, "latitude": 25.6455546736278, "longitude": 91.796967138088988 }, "geometry": { "type": "Point", "coordinates": [ 91.796967138088988, 25.6455546736278 ] } },
{ "type": "Feature", "properties": { "district_id": 740, "district_name": "Eastern West Khasi Hills", "state_name": "Meghalaya", "point_number": 6, "latitude": 25.595233173977451, "longitude": 91.367131474044186 }, "geometry": { "type": "Point", "coordinates": [ 91.367131474044186, 25.595233173977451 ] } },
{ "type": "Feature", "properties": { "district_id": 616, "district_name": "Baksa", "state_name": "Assam", "point_number": 1, "latitude": 26.632484718267612, "longitude": 91.204077926640338 }, "geometry": { "type": "Point", "coordinates": [ 91.204077926640338, 26.632484718267612 ] } },
{ "type": "Feature", "properties": { "district_id": 616, "district_name": "Baksa", "state_name": "Assam", "point_number": 2, "latitude": 26.56582438054831, "longitude": 90.880708951151021 }, "geometry": { "type": "Point", "coordinates": [ 90.880708951151021, 26.56582438054831 ] } },
{ "type": "Feature", "properties": { "district_id": 616, "district_name": "Baksa", "state_name": "Assam", "point_number": 3, "latitude": 26.563806330402581, "longitude": 91.505181688360466 }, "geometry": { "type": "Point", "coordinates": [ 91.505181688360466, 26.563806330402581 ] } },
{ "type": "Feature", "properties": { "district_id": 616, "district_name": "Baksa", "state_name": "Assam", "point_number": 4, "latitude": 26.821942324628644, "longitude": 91.405733241292637 }, "geometry": { "type": "Point", "coordinates": [ 91.405733241292637, 26.821942324628644 ] } },
{ "type": "Feature", "properties": { "district_id": 616, "district_name": "Baksa", "state_name": "Assam", "point_number": 5, "latitude": 26.787148134094785, "longitude": 90.977292519280866 }, "geometry": { "type": "Point", "coordinates": [ 90.977292519280866, 26.787148134094785 ] } },
{ "type": "Feature", "properties": { "district_id": 616, "district_name": "Baksa", "state_name": "Assam", "point_number": 6, "latitude": 26.79701464435448, "longitude": 91.172775061017163 }, "geometry": { "type": "Point", "coordinates": [ 91.172775061017163, 26.79701464435448 ] } },
{ "type": "Feature", "properties": { "district_id": 757, "district_name": "Tseminyu", "state_name": "Nagaland", "point_number": 1, "latitude": 25.940462263239713, "longitude": 94.166689612715629 }, "geometry": { "type": "Point", "coordinates": [ 94.166689612715629, 25.940462263239713 ] } },
{ "type": "Feature", "properties": { "district_id": 757, "district_name": "Tseminyu", "state_name": "Nagaland", "point_number": 2, "latitude": 25.906911150731304, "longitude": 93.967932390710672 }, "geometry": { "type": "Point", "coordinates": [ 93.967932390710672, 25.906911150731304 ] } },
{ "type": "Feature", "properties": { "district_id": 757, "district_name": "Tseminyu", "state_name": "Nagaland", "point_number": 3, "latitude": 26.000122037505943, "longitude": 94.288807410002278 }, "geometry": { "type": "Point", "coordinates": [ 94.288807410002278, 26.000122037505943 ] } },
{ "type": "Feature", "properties": { "district_id": 757, "district_name": "Tseminyu", "state_name": "Nagaland", "point_number": 4, "latitude": 25.965636615987524, "longitude": 94.055628704266482 }, "geometry": { "type": "Point", "coordinates": [ 94.055628704266482, 25.965636615987524 ] } },
{ "type": "Feature", "properties": { "district_id": 757, "district_name": "Tseminyu", "state_name": "Nagaland", "point_number": 5, "latitude": 25.860295884364863, "longitude": 94.16228128296035 }, "geometry": { "type": "Point", "coordinates": [ 94.16228128296035, 25.860295884364863 ] } },
{ "type": "Feature", "properties": { "district_id": 757, "district_name": "Tseminyu", "state_name": "Nagaland", "point_number": 6, "latitude": 25.926863358028015, "longitude": 94.275235316931514 }, "geometry": { "type": "Point", "coordinates": [ 94.275235316931514, 25.926863358028015 ] } },
{ "type": "Feature", "properties": { "district_id": 244, "district_name": "Dimapur", "state_name": "Nagaland", "point_number": 1, "latitude": 25.90815111466938, "longitude": 93.742390247813546 }, "geometry": { "type": "Point", "coordinates": [ 93.742390247813546, 25.90815111466938 ] } },
{ "type": "Feature", "properties": { "district_id": 244, "district_name": "Dimapur", "state_name": "Nagaland", "point_number": 2, "latitude": 25.967190041955433, "longitude": 93.776901297501894 }, "geometry": { "type": "Point", "coordinates": [ 93.776901297501894, 25.967190041955433 ] } },
{ "type": "Feature", "properties": { "district_id": 244, "district_name": "Dimapur", "state_name": "Nagaland", "point_number": 3, "latitude": 25.86083836240627, "longitude": 93.699812328792177 }, "geometry": { "type": "Point", "coordinates": [ 93.699812328792177, 25.86083836240627 ] } },
{ "type": "Feature", "properties": { "district_id": 244, "district_name": "Dimapur", "state_name": "Nagaland", "point_number": 4, "latitude": 25.860840601671022, "longitude": 93.783485689149771 }, "geometry": { "type": "Point", "coordinates": [ 93.783485689149771, 25.860840601671022 ] } },
{ "type": "Feature", "properties": { "district_id": 244, "district_name": "Dimapur", "state_name": "Nagaland", "point_number": 5, "latitude": 25.904094367472162, "longitude": 93.686199454103047 }, "geometry": { "type": "Point", "coordinates": [ 93.686199454103047, 25.904094367472162 ] } },
{ "type": "Feature", "properties": { "district_id": 244, "district_name": "Dimapur", "state_name": "Nagaland", "point_number": 6, "latitude": 25.912771369978508, "longitude": 93.791312562442798 }, "geometry": { "type": "Point", "coordinates": [ 93.791312562442798, 25.912771369978508 ] } },
{ "type": "Feature", "properties": { "district_id": 756, "district_name": "Tamulpur", "state_name": "Assam", "point_number": 1, "latitude": 26.642801221638639, "longitude": 91.622755137251161 }, "geometry": { "type": "Point", "coordinates": [ 91.622755137251161, 26.642801221638639 ] } },
{ "type": "Feature", "properties": { "district_id": 756, "district_name": "Tamulpur", "state_name": "Assam", "point_number": 2, "latitude": 26.805933243251737, "longitude": 91.438362448142456 }, "geometry": { "type": "Point", "coordinates": [ 91.438362448142456, 26.805933243251737 ] } },
{ "type": "Feature", "properties": { "district_id": 756, "district_name": "Tamulpur", "state_name": "Assam", "point_number": 3, "latitude": 26.495532182529651, "longitude": 91.779392052938633 }, "geometry": { "type": "Point", "coordinates": [ 91.779392052938633, 26.495532182529651 ] } },
{ "type": "Feature", "properties": { "district_id": 756, "district_name": "Tamulpur", "state_name": "Assam", "point_number": 4, "latitude": 26.797621617092982, "longitude": 91.705803800420455 }, "geometry": { "type": "Point", "coordinates": [ 91.705803800420455, 26.797621617092982 ] } },
{ "type": "Feature", "properties": { "district_id": 756, "district_name": "Tamulpur", "state_name": "Assam", "point_number": 5, "latitude": 26.467540014700745, "longitude": 91.632006816747349 }, "geometry": { "type": "Point", "coordinates": [ 91.632006816747349, 26.467540014700745 ] } },
{ "type": "Feature", "properties": { "district_id": 756, "district_name": "Tamulpur", "state_name": "Assam", "point_number": 6, "latitude": 26.690996712276313, "longitude": 91.493871090663987 }, "geometry": { "type": "Point", "coordinates": [ 91.493871090663987, 26.690996712276313 ] } },
{ "type": "Feature", "properties": { "district_id": 764, "district_name": "Niuland", "state_name": "Nagaland", "point_number": 1, "latitude": 25.850335941307279, "longitude": 93.919849495226401 }, "geometry": { "type": "Point", "coordinates": [ 93.919849495226401, 25.850335941307279 ] } },
{ "type": "Feature", "properties": { "district_id": 764, "district_name": "Niuland", "state_name": "Nagaland", "point_number": 2, "latitude": 25.797876000602805, "longitude": 93.842706544393806 }, "geometry": { "type": "Point", "coordinates": [ 93.842706544393806, 25.797876000602805 ] } },
{ "type": "Feature", "properties": { "district_id": 764, "district_name": "Niuland", "state_name": "Nagaland", "point_number": 3, "latitude": 25.901871523837897, "longitude": 93.964518563541645 }, "geometry": { "type": "Point", "coordinates": [ 93.964518563541645, 25.901871523837897 ] } },
{ "type": "Feature", "properties": { "district_id": 764, "district_name": "Niuland", "state_name": "Nagaland", "point_number": 4, "latitude": 25.856528040079041, "longitude": 93.852482208829457 }, "geometry": { "type": "Point", "coordinates": [ 93.852482208829457, 25.856528040079041 ] } },
{ "type": "Feature", "properties": { "district_id": 764, "district_name": "Niuland", "state_name": "Nagaland", "point_number": 5, "latitude": 25.817073043104173, "longitude": 93.888988209418031 }, "geometry": { "type": "Point", "coordinates": [ 93.888988209418031, 25.817073043104173 ] } },
{ "type": "Feature", "properties": { "district_id": 764, "district_name": "Niuland", "state_name": "Nagaland", "point_number": 6, "latitude": 25.859755882232246, "longitude": 93.963028880993875 }, "geometry": { "type": "Point", "coordinates": [ 93.963028880993875, 25.859755882232246 ] } },
{ "type": "Feature", "properties": { "district_id": 765, "district_name": "Shamator", "state_name": "Nagaland", "point_number": 1, "latitude": 26.133596322812519, "longitude": 94.936534474768351 }, "geometry": { "type": "Point", "coordinates": [ 94.936534474768351, 26.133596322812519 ] } },
{ "type": "Feature", "properties": { "district_id": 765, "district_name": "Shamator", "state_name": "Nagaland", "point_number": 2, "latitude": 26.211067131772825, "longitude": 94.969828446526179 }, "geometry": { "type": "Point", "coordinates": [ 94.969828446526179, 26.211067131772825 ] } },
{ "type": "Feature", "properties": { "district_id": 765, "district_name": "Shamator", "state_name": "Nagaland", "point_number": 3, "latitude": 26.062141562216702, "longitude": 94.927265640678243 }, "geometry": { "type": "Point", "coordinates": [ 94.927265640678243, 26.062141562216702 ] } },
{ "type": "Feature", "properties": { "district_id": 765, "district_name": "Shamator", "state_name": "Nagaland", "point_number": 4, "latitude": 26.193160301705905, "longitude": 94.895900560901737 }, "geometry": { "type": "Point", "coordinates": [ 94.895900560901737, 26.193160301705905 ] } },
{ "type": "Feature", "properties": { "district_id": 765, "district_name": "Shamator", "state_name": "Nagaland", "point_number": 5, "latitude": 26.097765093285236, "longitude": 94.997605334937958 }, "geometry": { "type": "Point", "coordinates": [ 94.997605334937958, 26.097765093285236 ] } },
{ "type": "Feature", "properties": { "district_id": 765, "district_name": "Shamator", "state_name": "Nagaland", "point_number": 6, "latitude": 26.162995423807445, "longitude": 95.006658075770048 }, "geometry": { "type": "Point", "coordinates": [ 95.006658075770048, 26.162995423807445 ] } },
{ "type": "Feature", "properties": { "district_id": 248, "district_name": "Phek", "state_name": "Nagaland", "point_number": 1, "latitude": 25.669328043910486, "longitude": 94.334191592456733 }, "geometry": { "type": "Point", "coordinates": [ 94.334191592456733, 25.669328043910486 ] } },
{ "type": "Feature", "properties": { "district_id": 248, "district_name": "Phek", "state_name": "Nagaland", "point_number": 2, "latitude": 25.496242519195164, "longitude": 94.21691157778119 }, "geometry": { "type": "Point", "coordinates": [ 94.21691157778119, 25.496242519195164 ] } },
{ "type": "Feature", "properties": { "district_id": 248, "district_name": "Phek", "state_name": "Nagaland", "point_number": 3, "latitude": 25.844497529621769, "longitude": 94.42692540703851 }, "geometry": { "type": "Point", "coordinates": [ 94.42692540703851, 25.844497529621769 ] } },
{ "type": "Feature", "properties": { "district_id": 248, "district_name": "Phek", "state_name": "Nagaland", "point_number": 4, "latitude": 25.541787118966987, "longitude": 94.383986158916855 }, "geometry": { "type": "Point", "coordinates": [ 94.383986158916855, 25.541787118966987 ] } },
{ "type": "Feature", "properties": { "district_id": 248, "district_name": "Phek", "state_name": "Nagaland", "point_number": 5, "latitude": 25.728510295204948, "longitude": 94.462385608832861 }, "geometry": { "type": "Point", "coordinates": [ 94.462385608832861, 25.728510295204948 ] } },
{ "type": "Feature", "properties": { "district_id": 248, "district_name": "Phek", "state_name": "Nagaland", "point_number": 6, "latitude": 25.604582454634748, "longitude": 94.219012382671551 }, "geometry": { "type": "Point", "coordinates": [ 94.219012382671551, 25.604582454634748 ] } },
{ "type": "Feature", "properties": { "district_id": 787, "district_name": "Bichom", "state_name": "Arunachal Pradesh", "point_number": 1, "latitude": 27.312813256867994, "longitude": 92.8725851489733 }, "geometry": { "type": "Point", "coordinates": [ 92.8725851489733, 27.312813256867994 ] } },
{ "type": "Feature", "properties": { "district_id": 787, "district_name": "Bichom", "state_name": "Arunachal Pradesh", "point_number": 2, "latitude": 27.175555130336082, "longitude": 92.811040567860246 }, "geometry": { "type": "Point", "coordinates": [ 92.811040567860246, 27.175555130336082 ] } },
{ "type": "Feature", "properties": { "district_id": 787, "district_name": "Bichom", "state_name": "Arunachal Pradesh", "point_number": 3, "latitude": 27.457294741098114, "longitude": 92.84123910757063 }, "geometry": { "type": "Point", "coordinates": [ 92.84123910757063, 27.457294741098114 ] } },
{ "type": "Feature", "properties": { "district_id": 787, "district_name": "Bichom", "state_name": "Arunachal Pradesh", "point_number": 4, "latitude": 27.227851326717229, "longitude": 92.890020844313213 }, "geometry": { "type": "Point", "coordinates": [ 92.890020844313213, 27.227851326717229 ] } },
{ "type": "Feature", "properties": { "district_id": 787, "district_name": "Bichom", "state_name": "Arunachal Pradesh", "point_number": 5, "latitude": 27.400746386406372, "longitude": 92.907510493186692 }, "geometry": { "type": "Point", "coordinates": [ 92.907510493186692, 27.400746386406372 ] } },
{ "type": "Feature", "properties": { "district_id": 787, "district_name": "Bichom", "state_name": "Arunachal Pradesh", "point_number": 6, "latitude": 27.259138286779486, "longitude": 92.807915051049207 }, "geometry": { "type": "Point", "coordinates": [ 92.807915051049207, 27.259138286779486 ] } },
{ "type": "Feature", "properties": { "district_id": 236, "district_name": "Lower Subansiri", "state_name": "Arunachal Pradesh", "point_number": 1, "latitude": 27.614627412376461, "longitude": 93.862642924117267 }, "geometry": { "type": "Point", "coordinates": [ 93.862642924117267, 27.614627412376461 ] } },
{ "type": "Feature", "properties": { "district_id": 236, "district_name": "Lower Subansiri", "state_name": "Arunachal Pradesh", "point_number": 2, "latitude": 27.489039385712772, "longitude": 93.916288861221702 }, "geometry": { "type": "Point", "coordinates": [ 93.916288861221702, 27.489039385712772 ] } },
{ "type": "Feature", "properties": { "district_id": 236, "district_name": "Lower Subansiri", "state_name": "Arunachal Pradesh", "point_number": 3, "latitude": 27.744800717175618, "longitude": 93.896020653978056 }, "geometry": { "type": "Point", "coordinates": [ 93.896020653978056, 27.744800717175618 ] } },
{ "type": "Feature", "properties": { "district_id": 236, "district_name": "Lower Subansiri", "state_name": "Arunachal Pradesh", "point_number": 4, "latitude": 27.669097755187309, "longitude": 93.770398048914373 }, "geometry": { "type": "Point", "coordinates": [ 93.770398048914373, 27.669097755187309 ] } },
{ "type": "Feature", "properties": { "district_id": 236, "district_name": "Lower Subansiri", "state_name": "Arunachal Pradesh", "point_number": 5, "latitude": 27.57366890198875, "longitude": 93.950378442766848 }, "geometry": { "type": "Point", "coordinates": [ 93.950378442766848, 27.57366890198875 ] } },
{ "type": "Feature", "properties": { "district_id": 236, "district_name": "Lower Subansiri", "state_name": "Arunachal Pradesh", "point_number": 6, "latitude": 27.540078973817064, "longitude": 93.843380466022211 }, "geometry": { "type": "Point", "coordinates": [ 93.843380466022211, 27.540078973817064 ] } }
]
}
