{"type": "FeatureCollection", "name": "ner_districts_simplified", "crs": {"type": "name", "properties": {"name": "urn:ogc:def:crs:OGC:1.3:CRS84"}}, "features": [{"type": "Feature", "properties": {"dtname": "Bishnupur", "stname": "Manipur", "stcode11": "14", "dtcode11": "275", "dist_lgd": 252, "state_lgd": 14, "year_stat": "2011_c", "incidents": 0, "riskLevel": "low", "riskScore": 15}, "geometry": {"type": "Polygon", "coordinates": [[[93.75950621874986, 24.739517242910306], [93.7730185496928, 24.70683468767148], [93.76669335097888, 24.649338615114438], [93.72133761440463, 24.592075299365163], [93.72930439536707, 24.499474497053875], [93.70478556330495, 24.444275455215884], [93.71041691317488, 24.4228835097257], [93.73324247931693, 24.419014438633962], [93.73170856374848, 24.39263305538071], [93.74888716280937, 24.40511431264607], [93.80591025422638, 24.389752174372887], [93.7986375152457, 24.36216809226202], [93.83571761928306, 24.358213183284725], [93.85114022666086, 24.306497937698985], [93.85995014119614, 24.3518237043459], [93.84852535932785, 24.350626484960003], [93.8375198571353, 24.42849031265728], [93.86465083283846, 24.472335510227445], [93.84611629692478, 24.50649279119585], [93.85747146474843, 24.512972368949352], [93.85518385008021, 24.569251320797147], [93.87384928310718, 24.595107922030323], [93.84935756399699, 24.571484398270012], [93.82618814881529, 24.593085303662143], [93.83227134408665, 24.611537381386537], [93.80850253162491, 24.609843081123543], [93.81437956084359, 24.636249541401114], [93.79737733161569, 24.66907799061072], [93.8324050484352, 24.67964020223999], [93.8410240700743, 24.663834612347678], [93.88055255397809, 24.660901518310204], [93.89431001539916, 24.692324999853096], [93.88934474115956, 24.71043009637284], [93.86039296841038, 24.717612106811995], [93.86068542842588, 24.736711081654366], [93.83156851837802, 24.718983704183177], [93.75950621874986, 24.739517242910306]]]}}, {"type": "Feature", "properties": {"dtname": "Chandel", "stname": "Manipur", "stcode11": "14", "dtcode11": "280", "dist_lgd": 253, "state_lgd": 14, "year_stat": "2011_c", "incidents": 11, "riskLevel": "moderate", "riskScore": 67}, "geometry": {"type": "Polygon", "coordinates": [[[93.96746436368055, 24.490949285682206], [93.95538854577644, 24.472699493345303], [93.967647413386, 24.471542580359763], [93.96258484082135, 24.449406704965313], [93.9427221322854, 24.446442997229152], [93.9612128178368, 24.43586704909667], [93.93334485618968, 24.432854224126164], [93.95332069765423, 24.427097803597093], [93.93922985526156, 24.420578281743627], [93.95321713537672, 24.41824677794713], [93.95531460275046, 24.41214871284444], [93.93170042628174, 24.418914054716634], [93.93722307012082, 24.39759412595331], [93.92154281873303, 24.409277824888967], [93.90976623144667, 24.393471218969758], [93.92217423825801, 24.384197674891176], [93.91405277009859, 24.368424179067684], [93.90267141997768, 24.37868352234955], [93.89260759744298, 24.351922706101934], [93.90841466579604, 24.312126830305374], [93.8911732385642, 24.31795634826044], [93.90349535924786, 24.292620320154704], [93.88348075907207, 24.297223659668912], [93.8839811251769, 24.27472266080289], [93.89683067640829, 24.274767652276868], [93.88290387986123, 24.270695204223102], [93.90867419626814, 24.224140655900147], [93.8787918721909, 24.251006364318407], [93.8789740496322, 24.222476124648495], [93.86201277819139, 24.205010438921516], [93.84922999783673, 24.212595272408112], [93.79763089098611, 24.14499424007033], [93.77767320806673, 24.1387776279993], [93.73497968632913, 24.003526851807536], [93.7593915290409, 24.00366361536124], [93.80738300530378, 23.927075243597066], [93.85937009811887, 23.931971806754433], [93.89370108160401, 23.953136279350606], [93.94422667743562, 23.946255947593926], [94.06217026221522, 23.880566917280103], [94.08430454869502, 23.88142688811008], [94.12556220777402, 23.833304281871268], [94.15502975273516, 23.85524258766779], [94.16535188043993, 23.929640028032416], [94.18685796156677, 23.941281585686486], [94.25461457405441, 24.10912521300657], [94.16389830300398, 24.135661575181487], [94.12677740916453, 24.167822327164497], [94.1682172376, 24.15092526723297], [94.19361537479818, 24.223663449271683], [94.15502883825017, 24.266047525927092], [94.14339746003624, 24.336061256364957], [94.11337036077285, 24.3561901932504], [94.10437501240335, 24.423359351033984], [94.0703377726262, 24.443011983260785], [94.09109210489578, 24.472823519743788], [94.04772951164634, 24.470326511403265], [94.00203306205115, 24.441461647216435], [93.96746436368055, 24.490949285682206]]]}}, {"type": "Feature", "properties": {"dtname": "Churachandpur", "stname": "Manipur", "stcode11": "14", "dtcode11": "274", "dist_lgd": 254, "state_lgd": 14, "year_stat": "2011_c", "incidents": 0, "riskLevel": "low", "riskScore": 15}, "geometry": {"type": "Polygon", "coordinates": [[[93.71850127642149, 24.599618134661455], [93.65844742733935, 24.607307529023615], [93.64695496639759, 24.590994099380765], [93.6226787980398, 24.60361309712527], [93.59253514506324, 24.565960655172283], [93.56828554437998, 24.591132220322933], [93.53964698991587, 24.57860550840129], [93.53388238934657, 24.55725452063827], [93.50958296180947, 24.564823536650664], [93.44520156688098, 24.538489998773436], [93.39805209141538, 24.57244984413723], [93.3866070902667, 24.564911259814107], [93.38084870424255, 24.528462398229262], [93.40657004899174, 24.517143156647766], [93.36792996207302, 24.451798975081278], [93.37074403980341, 24.395251054195707], [93.47354824074299, 24.38262364637797], [93.49633174686508, 24.35244523859339], [93.45909075366205, 24.268274416613718], [93.47180861995761, 24.224820120209607], [93.41092394601866, 24.1999911769147], [93.39050454970447, 24.153843348337457], [93.39768795931496, 24.09670217568603], [93.38170933879375, 24.087774010083827], [93.41694640529528, 24.071407442131495], [93.46350492225459, 23.973374187614578], [93.5047602753583, 23.942186686353438], [93.5501077321606, 23.959160927957], [93.55977306742516, 23.98207125519975], [93.59165772010107, 23.960590504746577], [93.62335428981095, 24.01091916161728], [93.73850901706177, 24.000401170393744], [93.77767320806673, 24.1387776279993], [93.79763089098611, 24.14499424007033], [93.84922999783673, 24.212595272408112], [93.86201277819139, 24.205010438921516], [93.87637590174329, 24.220067931906815], [93.8579209341059, 24.23270562563157], [93.87714330374442, 24.286179326304588], [93.86704954575114, 24.308343588655738], [93.84840568217244, 24.309451278742966], [93.83997342297589, 24.353179895063732], [93.7986375152457, 24.36216809226202], [93.80591025422638, 24.389752174372887], [93.74888716280937, 24.40511431264607], [93.73170856374848, 24.39263305538071], [93.73182941320533, 24.42153472564938], [93.71041691317488, 24.4228835097257], [93.72974928511321, 24.548066861215876], [93.71850127642149, 24.599618134661455]]]}}, {"type": "Feature", "properties": {"dtname": "Dhalai", "stname": "Tripura", "stcode11": "16", "dtcode11": "291", "dist_lgd": 269, "state_lgd": 16, "year_stat": "2011_c", "incidents": 0, "riskLevel": "low", "riskScore": 15}, "geometry": {"type": "Polygon", "coordinates": [[[91.82072600728807, 24.209209415330974], [91.74502847813167, 24.246974818607168], [91.76063027605245, 24.140102949071878], [91.7570049962643, 23.96137165640673], [91.76522979493588, 23.921140806668454], [91.79512088926528, 23.914446003923658], [91.78971012520493, 23.89215499363857], [91.80710894086785, 23.860526771652957], [91.80355558918448, 23.83865761539423], [91.77873629401603, 23.82880967766045], [91.7834245817209, 23.747883333112735], [91.7502423171087, 23.67182215538103], [91.77572121195259, 23.632174778609073], [91.75248382933825, 23.574861407125013], [91.77925478003844, 23.564244566393175], [91.78787200594527, 23.533017459405293], [91.80547324258441, 23.532742725905987], [91.79788093782292, 23.489312721328215], [91.82714680740948, 23.46290721337653], [91.84289611858136, 23.40004475121913], [91.89971132906186, 23.44060024805283], [91.94260805420829, 23.434976538132993], [91.93666222392031, 23.46660237817393], [91.97038529679146, 23.478282859765088], [91.9340183841228, 23.684555153599494], [91.95789426139332, 23.69440644820704], [91.95702096598649, 23.733991001667658], [91.97826835297278, 23.733083529768404], [92.0086731794401, 23.663501118131734], [92.0633356132748, 23.645015389400882], [92.0791809678253, 23.648452415834996], [92.08302943674074, 23.680053329820502], [92.12083963844043, 23.69272685883558], [92.17356771021089, 23.751891567354335], [92.1597625033325, 23.757903639672765], [92.15838342857293, 23.845652749978942], [92.13261694617563, 23.923358426393833], [92.09177790920553, 23.934730030359322], [92.09825722109296, 24.009870727366625], [92.07273372489519, 24.02786618875362], [92.08047482660038, 24.104952287691873], [92.01187173880706, 24.108057133408217], [92.0002699187592, 24.079552001330796], [91.97028851320108, 24.06978973998663], [91.97095847763829, 24.086324357110247], [91.88448652621804, 24.138730857149845], [91.87398836105694, 24.174470056264777], [91.84543951595036, 24.1913817843458], [91.84568662990861, 24.225014805755855], [91.82072600728807, 24.209209415330974]]]}}, {"type": "Feature", "properties": {"dtname": "Tinsukia", "stname": "Assam", "stcode11": "18", "dtcode11": "309", "dist_lgd": 302, "state_lgd": 18, "year_stat": "2011_c", "incidents": 0, "riskLevel": "low", "riskScore": 15}, "geometry": {"type": "Polygon", "coordinates": [[[95.97182036108941, 27.9621778573794], [95.60371161114826, 27.95403845190222], [95.51457452985828, 27.879455586300857], [95.51518108491454, 27.859478878680513], [95.4852017975838, 27.853278026911813], [95.46123129896776, 27.80252030782865], [95.40746285143584, 27.779876061831516], [95.39487783968256, 27.73138737805548], [95.34656796814366, 27.70133981772881], [95.27370430660336, 27.689317549037288], [95.31837805389202, 27.587561425692208], [95.2732026406363, 27.57444446004654], [95.28246777823843, 27.54698992028568], [95.2652888944116, 27.544256158890654], [95.26635232902811, 27.509219537849642], [95.22900805741514, 27.498861384243035], [95.2200365970457, 27.44316195138323], [95.2517373816509, 27.434300640920956], [95.24883942193424, 27.404237053641655], [95.29552193604714, 27.415012102654345], [95.30903850883486, 27.389263305660478], [95.38936988240008, 27.391107997251904], [95.43780532224602, 27.364865889034856], [95.47361016173635, 27.36738220486438], [95.47131126422815, 27.34392404133199], [95.4527684548307, 27.33921967313784], [95.46811022820596, 27.31506047630983], [95.44542511006534, 27.294229770041063], [95.46054043971702, 27.270915921291593], [95.44066896811545, 27.260597502695283], [95.45101570516748, 27.231399203626523], [95.46708183058051, 27.26375741784661], [95.48472512184965, 27.24144267036084], [95.53451954383719, 27.264587458377093], [95.59930874785354, 27.222952602385536], [95.80088802422368, 27.284267141150153], [95.8051575631572, 27.272952190340664], [95.85930533958921, 27.287220901754583], [95.85642912359395, 27.27105944093795], [95.89243147656417, 27.255284082016036], [95.89721345226495, 27.28216372198025], [95.9600407410907, 27.3109508146452], [95.98920505613438, 27.356495524945345], [96.0177539317837, 27.36491912086091], [95.96935466619588, 27.427886139270036], [95.95474940175914, 27.41961978232346], [95.94130967804733, 27.437292475222325], [95.90797596286814, 27.434348952728122], [95.8857257712588, 27.398154908648817], [95.88321610023888, 27.435318301011037], [95.86014344529141, 27.408014047087637], [95.84450664541389, 27.421584482894307], [95.88685416485012, 27.49708183718777], [95.87664896455769, 27.54428313536823], [95.81433708143129, 27.57424925207122], [95.8157994893065, 27.598669995638705], [95.7906435316207, 27.59964805570516], [95.77852655919845, 27.623978867367722], [95.79578489991049, 27.641732989951908], [95.77043303313594, 27.657702790617837], [95.7904626243972, 27.680141660687163], [95.76786585556476, 27.686989103715963], [95.7523462310346, 27.720495161677917], [95.77937938918649, 27.733709434899264], [95.77600229414837, 27.753623443072886], [95.83775899956458, 27.824118216618825], [95.87040697768684, 27.83266884288961], [95.92508817103962, 27.881678010176085], [95.9155042545808, 27.88938761587654], [95.93774670900055, 27.89820011777977], [95.97182036108941, 27.9621778573794]]]}}, {"type": "Feature", "properties": {"dtname": "Gangtok", "stname": "Sikkim", "stcode11": "11", "dtcode11": "244", "dist_lgd": 225, "state_lgd": 11, "year_stat": "2011_c", "incidents": 14, "riskLevel": "moderate", "riskScore": 73}, "geometry": {"type": "Polygon", "coordinates": [[[88.80597592526311, 27.414238742173975], [88.71869466363711, 27.416704317036487], [88.60461735777174, 27.3651700202925], [88.5774217141479, 27.380495112164397], [88.551440620636, 27.36876151367836], [88.54354329920795, 27.394087515274148], [88.52318183255149, 27.397116143260398], [88.48596547115355, 27.37834967515555], [88.48623357155344, 27.333628482145002], [88.4544481324108, 27.315335070737376], [88.44342841258226, 27.26649910268045], [88.49070384083382, 27.239529655322382], [88.4910091611309, 27.202325283689085], [88.53096269458948, 27.17217496095364], [88.59958260603148, 27.191659175017026], [88.55843021243574, 27.264011408053044], [88.58863156599962, 27.265387316329278], [88.59794185292795, 27.2820745661058], [88.64760016308198, 27.2731293676859], [88.70755049300571, 27.331647698957095], [88.75357359069949, 27.326072097822685], [88.73836195715775, 27.29909613330303], [88.76263729457388, 27.295234317391614], [88.91828528017398, 27.31777516394207], [88.88401515485437, 27.34251521967212], [88.86095047065845, 27.386537495785216], [88.8376707315801, 27.379156048607435], [88.80597592526311, 27.414238742173975]]]}}, {"type": "Feature", "properties": {"dtname": "East Garo Hills", "stname": "Meghalaya", "stcode11": "17", "dtcode11": "294", "dist_lgd": 273, "state_lgd": 17, "year_stat": "2011_c", "incidents": 0, "riskLevel": "low", "riskScore": 15}, "geometry": {"type": "Polygon", "coordinates": [[[90.83499774516572, 25.798148851756135], [90.79157105442582, 25.814442368914158], [90.72999938758514, 25.79094875124925], [90.65939344478042, 25.7863492266934], [90.60471438402811, 25.72962936712902], [90.56431169202916, 25.77920381368688], [90.54969282709902, 25.768928661982645], [90.5445364515541, 25.779279328021836], [90.48573154278789, 25.704937445682614], [90.4089040938025, 25.753627166791293], [90.3966434735798, 25.74008105698071], [90.4138090830017, 25.657018846250256], [90.39200437312832, 25.641972900844397], [90.38784627918893, 25.53862575801055], [90.34661621276219, 25.512723778682854], [90.31992375505484, 25.462807188953253], [90.44149119399627, 25.46101970736661], [90.51669905598287, 25.429891161363734], [90.64459759556964, 25.41604289595819], [90.68170409839823, 25.4845040019678], [90.76655270876007, 25.554317706626744], [90.7790508480355, 25.585605207371426], [90.79296289783883, 25.572675787645988], [90.8721930087309, 25.603727418377098], [90.97011801559464, 25.72615770888542], [90.95749204874929, 25.74136024323597], [90.89296150383923, 25.734085323209108], [90.83499774516572, 25.798148851756135]]]}}, {"type": "Feature", "properties": {"dtname": "East Khasi Hills", "stname": "Meghalaya", "stcode11": "17", "dtcode11": "298", "dist_lgd": 274, "state_lgd": 17, "year_stat": "2011_c", "incidents": 6, "riskLevel": "moderate", "riskScore": 57}, "geometry": {"type": "Polygon", "coordinates": [[[91.97000352357547, 25.687004131037405], [91.85757924539368, 25.62935266997685], [91.85906989540311, 25.64651743174194], [91.8357321530052, 25.644661763729488], [91.82789827689074, 25.66918009716187], [91.8134525137226, 25.664734455654926], [91.78196320241669, 25.59098541464727], [91.73652654560168, 25.624736538670593], [91.74353415580937, 25.575152291983787], [91.68908319527402, 25.525919869186612], [91.65861454440406, 25.527957194868847], [91.65379239155219, 25.55187235981284], [91.52753430682827, 25.51443882404936], [91.54372758876978, 25.434560539988034], [91.5339989079046, 25.408240243120833], [91.55607535815143, 25.404356092856137], [91.52438195679953, 25.34886699259484], [91.5497752736379, 25.330172577789888], [91.54789412866944, 25.286876014140127], [91.49587942343912, 25.28329485599636], [91.47888353811378, 25.263358953787918], [91.40264712399147, 25.263584694197537], [91.38546655043358, 25.239490798082745], [91.35439030156333, 25.23408455813727], [91.37981099006842, 25.176742556028554], [91.4686310406233, 25.151794039918258], [91.47438469162758, 25.13341780010423], [91.60973450227287, 25.177048439175106], [91.60209036921103, 25.142721174929942], [91.62150832544309, 25.143406602213343], [91.6379142359174, 25.122544537370462], [91.69179629967152, 25.137117574308025], [91.70378279090045, 25.16001687891377], [91.74764114099897, 25.140151415943805], [91.75525582998074, 25.177384913651974], [91.77460711325239, 25.163129530166348], [91.91625510398279, 25.181348283849324], [91.97166901897685, 25.16758094833287], [92.01637555657004, 25.187197655083654], [92.02117208228348, 25.2018500766619], [91.98495214297846, 25.245551042604163], [91.98586389975416, 25.275260283122307], [92.04788828156545, 25.319810073395335], [92.10874570870354, 25.30380423338612], [92.11998692074182, 25.32909972060488], [92.09647148259756, 25.45081332799659], [92.11005910134446, 25.47048412598481], [92.09620079864287, 25.492766814666258], [92.13310654866675, 25.641129135347608], [92.15556597587201, 25.647604342056745], [92.15819044529708, 25.670752329648465], [92.1389993001995, 25.67350860066074], [92.0850388898779, 25.637457959049833], [92.0032794618106, 25.63460027329629], [91.97000352357547, 25.687004131037405]]]}}, {"type": "Feature", "properties": {"dtname": "Nagaon", "stname": "Assam", "stcode11": "18", "dtcode11": "305", "dist_lgd": 297, "state_lgd": 18, "year_stat": "2011_c", "incidents": 1, "riskLevel": "low", "riskScore": 29}, "geometry": {"type": "Polygon", "coordinates": [[[93.3085831526965, 26.69219193232058], [93.2434984559523, 26.684934310608185], [93.21978425656827, 26.631046158012765], [93.10983105239191, 26.578007305635154], [92.95119803966288, 26.620402600141], [92.91694740059842, 26.59495900386228], [92.77144624006868, 26.555850868973916], [92.75085652227834, 26.51140473733029], [92.7214791070863, 26.535901502891015], [92.68715977564867, 26.509299369672377], [92.6632795352608, 26.52194622834795], [92.57480708331354, 26.499547489332453], [92.52258808501794, 26.508101245376665], [92.46744824961034, 26.496282286690565], [92.44743072002842, 26.51769799438338], [92.41898562315063, 26.517079164802812], [92.41978549026615, 26.47897874098801], [92.44106854935234, 26.451875670652402], [92.42429351394127, 26.413605532731438], [92.44062444383546, 26.37028194012122], [92.48585357904007, 26.363418352604107], [92.5030617425553, 26.38256248594218], [92.50615695434205, 26.372135116908495], [92.55145461842643, 26.38216522774938], [92.56681726236073, 26.37219010902735], [92.56817306177126, 26.337865013220647], [92.5041124651122, 26.27307074834926], [92.41919754920087, 26.270150607376635], [92.40770222083674, 26.244565746747238], [92.42546145496468, 26.231623836907318], [92.43000052621264, 26.190484758311413], [92.39532925371135, 26.113565351659865], [92.44143072941367, 26.095595164597537], [92.48664426627171, 26.149497479318786], [92.50875329571895, 26.141270448373835], [92.52148130309574, 26.155398161648368], [92.51965562909608, 26.102430835031814], [92.57245370028842, 26.115842855780944], [92.59568475337328, 26.08076058297137], [92.57949757728078, 26.03327745694533], [92.59443239856097, 26.023610039291093], [92.566226325414, 26.01072431710303], [92.55286649427029, 25.96539578462094], [92.58802551783492, 25.96377125698302], [92.65475886656891, 25.99969448436181], [92.66693849199063, 26.02845057170627], [92.71330922063139, 26.018061478218485], [92.71735513205974, 26.058298437087952], [92.75824845601909, 26.061564566385425], [92.75100917658783, 26.075394202174923], [92.73247194842324, 26.07123529784933], [92.74126506536103, 26.100881216663762], [92.72311099291963, 26.100755367261538], [92.73215914785477, 26.11523031936373], [92.70389655001517, 26.125081770712665], [92.70595425256457, 26.142131279431823], [92.7515092228924, 26.141883811928263], [92.75562977803267, 26.18048766377469], [92.8020583294316, 26.201668826689613], [92.7935991387428, 26.219507704603856], [92.8270402735654, 26.225110966326213], [92.81387431772467, 26.262554424339214], [92.84156718065486, 26.283834303234276], [92.84398791037687, 26.305109290602005], [92.87971013360715, 26.28372649104929], [92.94539480973974, 26.33181098106228], [92.93954616279247, 26.353134787948825], [92.90936416612631, 26.352528571682516], [92.9257699741927, 26.378988249370607], [92.88330207242353, 26.383553773323605], [92.90185470669523, 26.40142787321371], [92.94971589041099, 26.39764858329556], [93.0436209965654, 26.43725977502128], [93.06094311317104, 26.415889542326], [93.09164817636925, 26.433571325306364], [93.07908351505043, 26.42840537592018], [93.06733880717691, 26.43098109315913], [93.06886293110874, 26.435341918265483], [93.11812088639516, 26.44160692360814], [93.1038934228242, 26.448871303296063], [93.12836878091811, 26.464160875120786], [93.11039838161298, 26.471058800038115], [93.13625268600738, 26.484360634358126], [93.12525044829256, 26.49578310812977], [93.09814591988969, 26.472987910746273], [93.10245229783469, 26.460119501632256], [93.06447552512512, 26.479381922989592], [93.0895286149311, 26.500191503276085], [93.00864735563106, 26.481206763785185], [93.01275427344699, 26.50748823563266], [93.05991689216353, 26.544723015985483], [93.114294286067, 26.530320560679243], [93.1414987915711, 26.555592897915894], [93.15085067409032, 26.546390112962886], [93.1912889618324, 26.567083150335833], [93.20920730825843, 26.555747049678537], [93.16093500695962, 26.52404045867031], [93.19943873231318, 26.53347675933474], [93.20423932290329, 26.501396807898132], [93.21730981028723, 26.507459202669203], [93.21295200019898, 26.529656044653695], [93.233311066557, 26.535730510598896], [93.29208108475754, 26.504670442036375], [93.26391444495658, 26.527422442838425], [93.2734953170249, 26.54522860361713], [93.2646056096345, 26.533677825330443], [93.25652480641139, 26.531987787386345], [93.25645929587097, 26.5511448183456], [93.23486273193713, 26.553704056741687], [93.30215725733082, 26.580429127149714], [93.28684059366435, 26.63720675493808], [93.31751324295217, 26.65055221079096], [93.3085831526965, 26.69219193232058]]]}}, {"type": "Feature", "properties": {"dtname": "Gomati", "stname": "Tripura", "stcode11": "16", "dtcode11": "709", "dist_lgd": 654, "state_lgd": 16, "year_stat": "update2014", "incidents": 0, "riskLevel": "low", "riskScore": 15}, "geometry": {"type": "Polygon", "coordinates": [[[91.71720388894312, 23.768951965016175], [91.69280951307374, 23.75774515865585], [91.57282466671109, 23.762884584359153], [91.5683466440715, 23.736048847697713], [91.5371019790518, 23.726531900605124], [91.52906607542317, 23.706458673192124], [91.5438310872669, 23.688288315191112], [91.52557452603476, 23.658277513187304], [91.50850525823215, 23.646161353870284], [91.48781092084717, 23.677114718198386], [91.46273312018437, 23.662592226301093], [91.43285692261733, 23.608944378193478], [91.3976550440238, 23.584766671756913], [91.40224265304319, 23.529284177618386], [91.3752637827789, 23.517747139942824], [91.39237744442454, 23.47872029133067], [91.3768701411868, 23.444398043736776], [91.38516379931818, 23.403372424932343], [91.44246719744321, 23.365370804364055], [91.46892600065019, 23.40550341883452], [91.56359145882742, 23.425482127337148], [91.59236586102037, 23.39825613728015], [91.62848879125787, 23.424532597077604], [91.65199000368128, 23.35907012672328], [91.68861020442917, 23.374209754398446], [91.70401901278585, 23.359793064919884], [91.69728117114956, 23.346741342751024], [91.73288617411674, 23.323475076389123], [91.72898747320724, 23.279692884139973], [91.79121282521555, 23.148565179813662], [91.75712787232044, 23.141559150298196], [91.77753542973747, 23.1182668719911], [91.78563839080542, 23.12797813976574], [91.8015573901412, 23.096067236373223], [91.82445974786701, 23.08368072588158], [91.83581462194152, 23.09332409081401], [91.8134557189115, 23.099200671379666], [91.80627574266202, 23.179102133952338], [91.75982735376665, 23.28349283391773], [91.76435440555616, 23.309261694362036], [91.83757232311862, 23.370615731352096], [91.8432689966794, 23.424391115079953], [91.79788093782292, 23.489312721328215], [91.80547324258441, 23.532742725905987], [91.78787200594527, 23.533017459405293], [91.77925478003844, 23.564244566393175], [91.75248382933825, 23.574861407125013], [91.77572121195259, 23.632174778609073], [91.7299335105925, 23.701305230592347], [91.7439286168304, 23.729407050215087], [91.71720388894312, 23.768951965016175]]]}}, {"type": "Feature", "properties": {"dtname": "Imphal West", "stname": "Manipur", "stcode11": "14", "dtcode11": "277", "dist_lgd": 256, "state_lgd": 14, "year_stat": "2011_c", "incidents": 3, "riskLevel": "low", "riskScore": 37}, "geometry": {"type": "Polygon", "coordinates": [[[93.9410264858298, 25.134778074803467], [93.91852021777068, 25.11761735740512], [93.93600573612986, 25.09042897288243], [93.9183526990382, 25.083550139182456], [93.92479623012952, 25.023887144911882], [93.90671678972194, 25.00291193667762], [93.88698988489737, 25.010467668111463], [93.90079909916024, 24.988203243809913], [93.87102458190023, 24.987589954136144], [93.86280754287604, 24.956539973901382], [93.84472791472058, 24.9513970562052], [93.80496355298611, 24.86438368436534], [93.80788462186347, 24.83668498263139], [93.78494850095773, 24.819095718856175], [93.79060289890292, 24.766189692171423], [93.770567185623, 24.7377333688651], [93.83156851837802, 24.718983704183177], [93.86068542842588, 24.736711081654366], [93.86039296841038, 24.717612106811995], [93.88934474115956, 24.71043009637284], [93.88055255397809, 24.660901518310204], [93.8410240700743, 24.663834612347678], [93.8324050484352, 24.67964020223999], [93.79737733161569, 24.66907799061072], [93.81437956084359, 24.636249541401114], [93.80850253162491, 24.609843081123543], [93.83227134408665, 24.611537381386537], [93.82618814881529, 24.593085303662143], [93.84935756399699, 24.571484398270012], [93.87384928310718, 24.595107922030323], [93.8540055523799, 24.563831149739592], [93.85747146474843, 24.512972368949352], [93.8461759486529, 24.505806801391433], [93.86465083283846, 24.472335510227445], [93.85930364794068, 24.469021398629366], [93.85439074278722, 24.46040010760297], [93.85287201862853, 24.456657378896686], [93.85355255264336, 24.455898028869672], [93.88074808577441, 24.488659656618356], [93.87275695956944, 24.55263490232907], [93.90856151519219, 24.569886394670824], [93.9087080052622, 24.610706362121405], [93.88868940488844, 24.61457384123212], [93.93185813271637, 24.645824359000308], [93.93196913484107, 24.66228031910836], [93.90199076199536, 24.675026241658472], [93.90359436796521, 24.7003854963611], [93.93943884741411, 24.71576291097301], [93.94252517126947, 24.832679256901063], [93.8953225299121, 24.853036125265536], [93.91785720270049, 24.882304114055753], [93.89807293864841, 24.90367172374139], [93.91935556744158, 24.914529862862395], [93.93340188843044, 24.96573511291807], [93.90420396741196, 24.927314071199977], [93.88642285930688, 24.941323469314014], [93.91670617785223, 24.97024141421759], [93.9007547619111, 24.97593618916052], [93.90685862382384, 24.988783029978187], [93.92074805315002, 24.980665322888825], [93.92442294509468, 24.981034191176008], [93.91312568177594, 25.001866568690552], [93.92605067442318, 25.02126476013661], [93.93241120567387, 25.03887093815561], [93.92918901612339, 25.058036775276566], [93.96483730710747, 25.113118840922326], [93.9410264858298, 25.134778074803467]]]}}, {"type": "Feature", "properties": {"dtname": "Kamrup", "stname": "Assam", "stcode11": "18", "dtcode11": "321", "dist_lgd": 291, "state_lgd": 18, "year_stat": "2011_c", "incidents": 4, "riskLevel": "low", "riskScore": 41}, "geometry": {"type": "Polygon", "coordinates": [[[91.61322020812037, 26.514838033177245], [91.58598670230394, 26.556535905061914], [91.58048845041976, 26.529231335949397], [91.55618896718711, 26.525511339130663], [91.56201277032689, 26.483657994665236], [91.54958052068093, 26.46953523206655], [91.56413917782581, 26.430248686635], [91.52864748834857, 26.392730056621243], [91.5248896181228, 26.336685344149515], [91.4549134329598, 26.320373324041846], [91.45134897540458, 26.269624539660242], [91.41265387565788, 26.265567890383355], [91.414318455676, 26.24619464362839], [91.43149875165443, 26.23976097465376], [91.41106132794913, 26.201149845781384], [91.41425493400561, 26.1361211587863], [91.35360803963076, 26.16729934905451], [91.29460640071567, 26.15724368508162], [91.21274706920897, 26.179913677727907], [91.11706000466985, 26.15458788809179], [91.08130234739318, 26.161643862339766], [91.02979354727972, 26.11908774632678], [90.99819970890573, 26.12864581540172], [91.00941425086151, 26.115495703190657], [90.93588294882566, 26.092578986598514], [90.98048464583862, 26.058277640713516], [91.0788680602969, 26.038944056808784], [91.10011384738365, 26.00902509764749], [91.04753728906228, 25.941506054381623], [91.00601459912667, 25.820383328318073], [91.0482195963515, 25.849203242308075], [91.07850361288783, 25.852737135316282], [91.04888433978029, 25.829272847356883], [91.06213439589791, 25.820778056825056], [91.14755001118904, 25.850491596232903], [91.18022796968559, 25.84397208692591], [91.19582973077543, 25.861393548125108], [91.20364328609983, 25.843214008219324], [91.1782621423319, 25.777351631876087], [91.22245406743812, 25.722563262230572], [91.27453821962641, 25.750447491177066], [91.33535490277649, 25.840544227100036], [91.42246672417357, 25.85447395970862], [91.44514869282082, 25.839737870380365], [91.53043364995047, 25.8712539839883], [91.52658590777212, 25.891073658312607], [91.5131377497781, 25.86571299469069], [91.47480885274852, 25.874021113381065], [91.5369546903795, 25.931211917312712], [91.50326140833812, 25.913744054790218], [91.51807546639975, 25.95973240100812], [91.55124658202095, 25.976595668923252], [91.57984128702108, 26.03324780387942], [91.59753413744617, 26.01807438817959], [91.63109543181949, 26.02196707467617], [91.62606327800698, 25.986682316298374], [91.6407149359366, 25.96375836770764], [91.6094720639542, 25.937392046279445], [91.65149397015105, 25.906282117621846], [91.67060071583273, 25.904151547930294], [91.71348094791054, 25.944048721985393], [91.72310446659866, 26.03547616363938], [91.62930520084933, 26.07626494596181], [91.56941970144132, 26.059106708683405], [91.58577310269233, 26.091715739660145], [91.56413452455266, 26.105692962182665], [91.56159337836175, 26.140898316387332], [91.64991193093452, 26.16679571359992], [91.65731937229206, 26.182283396128334], [91.64269882930894, 26.19280642707361], [91.6644470028116, 26.21973672423564], [91.68225304725067, 26.215856639612024], [91.67248940036141, 26.184135273623017], [91.68622503272105, 26.20548478320405], [91.71178817786053, 26.191401306791754], [91.74893063575837, 26.209043370763535], [91.7903697365585, 26.268079844331158], [91.78183889444601, 26.305437585928885], [91.79275777029909, 26.3214386646111], [91.8155631162624, 26.31344908212523], [91.82226580143174, 26.369480632761906], [91.77086913262534, 26.432893793065876], [91.7655064419074, 26.467580368154476], [91.77986156057185, 26.481816259252124], [91.75220124899425, 26.481615620281488], [91.75302368268804, 26.495330936903333], [91.72486635841653, 26.503061361135227], [91.72009327424043, 26.47699029774245], [91.67666440508597, 26.4484554288203], [91.62503857515227, 26.447242706310416], [91.63050276381918, 26.51439524210287], [91.61322020812037, 26.514838033177245]]]}}, {"type": "Feature", "properties": {"dtname": "Khowai", "stname": "Tripura", "stcode11": "16", "dtcode11": "708", "dist_lgd": 652, "state_lgd": 16, "year_stat": "update2014", "incidents": 1, "riskLevel": "low", "riskScore": 29}, "geometry": {"type": "Polygon", "coordinates": [[[91.66591159718621, 24.2330263456423], [91.64774989714977, 24.218488992938177], [91.66012813109764, 24.189535141011778], [91.63444594660663, 24.13805495686787], [91.6370865560624, 24.10214435269572], [91.59454001038337, 24.096533710249457], [91.58607295584257, 24.07260098064562], [91.4917688925991, 24.09709816621472], [91.47308300133986, 24.07610804599037], [91.49430686234716, 23.998948186211955], [91.53590599442188, 23.92990273622034], [91.5276168512231, 23.90973140737905], [91.55385257399894, 23.91231092215584], [91.55821514336158, 23.900015562652015], [91.57251079355419, 23.76273999236503], [91.69280951307374, 23.75774515865585], [91.71720388894312, 23.768951965016175], [91.7439286168304, 23.729407050215087], [91.7299335105925, 23.701305230592347], [91.74926274741048, 23.67509853592234], [91.7834245817209, 23.747883333112735], [91.77873629401603, 23.82880967766045], [91.80355558918448, 23.83865761539423], [91.8064714307652, 23.86821011475646], [91.78971012520493, 23.89215499363857], [91.79512088926528, 23.914446003923658], [91.76522979493588, 23.921140806668454], [91.7570049962643, 23.96137165640673], [91.76053131494581, 24.140680652739146], [91.68828058829688, 24.162085406355146], [91.66591159718621, 24.2330263456423]]]}}, {"type": "Feature", "properties": {"dtname": "East Jaintia Hills", "stname": "Meghalaya", "stcode11": "17", "dtcode11": "714", "dist_lgd": 657, "state_lgd": 17, "year_stat": "update2014", "incidents": 6, "riskLevel": "moderate", "riskScore": 57}, "geometry": {"type": "Polygon", "coordinates": [[[92.6002344463012, 25.465624592086428], [92.54793905078226, 25.459811921309846], [92.53438789195778, 25.43466423925588], [92.49231788457071, 25.44254211289396], [92.3774111040164, 25.406696524954988], [92.27982799594977, 25.404258231062286], [92.17422821538817, 25.35413949967545], [92.20614419321633, 25.228374946672307], [92.23600717656551, 25.211392573724908], [92.23857126033887, 25.18955333464893], [92.19363233127665, 25.126339007816384], [92.21970471518101, 25.115148886632173], [92.20040301981133, 25.11998250933144], [92.1961682268147, 25.108031383763862], [92.31063202474621, 25.069020546994388], [92.33491451993854, 25.07844535536877], [92.34855354208264, 25.073491425820986], [92.34148165472139, 25.048530389309125], [92.4290062663646, 25.029053639848765], [92.44253053412106, 25.04524134120762], [92.46428548002264, 25.037435366011177], [92.4569777992724, 25.054067753696966], [92.48096591744442, 25.10857565373923], [92.5394232806036, 25.099054102645674], [92.52161754069344, 25.139028803354563], [92.62143275562856, 25.115026384205613], [92.66347524312691, 25.17666786879057], [92.80085189380169, 25.213955263993377], [92.76188794895165, 25.246528441353618], [92.7924951945986, 25.28256462036503], [92.7817980633818, 25.33318288472132], [92.74990207576369, 25.344095854287378], [92.73801967861493, 25.379333434768423], [92.71794231584518, 25.372626807277054], [92.67352933241554, 25.41402423182632], [92.66164420438835, 25.406354610163444], [92.65362009294446, 25.433523478311464], [92.63956125033887, 25.417565720387618], [92.62564562703731, 25.434916509111865], [92.62763846673158, 25.42196714518311], [92.60663102335094, 25.413232466213685], [92.6002344463012, 25.465624592086428]]]}}, {"type": "Feature", "properties": {"dtname": "Kokrajhar", "stname": "Assam", "stcode11": "18", "dtcode11": "300", "dist_lgd": 294, "state_lgd": 18, "year_stat": "2011_c", "incidents": 0, "riskLevel": "low", "riskScore": 15}, "geometry": {"type": "Polygon", "coordinates": [[[90.33753622332998, 26.86802375274745], [90.3002984020782, 26.848220358169787], [90.23050001237456, 26.858906721950603], [90.18766904480523, 26.806811864007496], [90.19452293619985, 26.77327133779307], [90.1398797361937, 26.753618523608836], [89.9670642008107, 26.72347092923066], [89.85894780525199, 26.734917836058777], [89.87693426823105, 26.648506215628252], [89.85825113210474, 26.623377997027934], [89.87842155404975, 26.615533795082914], [89.88260219031282, 26.583393107066573], [89.86448745869099, 26.573243307097172], [89.85397361343658, 26.491834468288936], [89.87214520302601, 26.45207325700332], [89.84915511223633, 26.42279113038753], [89.85747712299471, 26.41197964594053], [89.83525443690108, 26.41202030940009], [89.82998409389269, 26.39555542071622], [89.85100899243763, 26.402749726991296], [89.85897980863231, 26.38439689638312], [89.84451213375773, 26.37239349786941], [89.90443741775304, 26.33638184431738], [89.86699340529577, 26.30365921403017], [89.85825119588513, 26.25047713639774], [89.87440404824898, 26.247712702272754], [89.8587346314418, 26.238372882842118], [89.87303947589135, 26.202130569995308], [89.86004851186793, 26.188079123105428], [89.87472313432949, 26.190600310791456], [89.86817739921328, 26.15185732117884], [89.88262930506139, 26.135664953300246], [89.9157742311988, 26.1198474899704], [89.97200610807313, 26.125462895168894], [89.96076078714073, 26.134982044181424], [90.02498288741316, 26.126754746873807], [90.06376773783992, 26.172620981961682], [90.15216703368536, 26.20890771339578], [90.10762622358405, 26.252422617820155], [90.13997439616674, 26.266225369349026], [90.14322504165051, 26.28767231791784], [90.12342590868381, 26.285498940294318], [90.10721158819834, 26.332640257766805], [90.14240081312282, 26.350693105602627], [90.17407162813352, 26.341815769604647], [90.20560704636965, 26.360705179038465], [90.2251240670146, 26.351659371818236], [90.21844735842834, 26.327201723855], [90.26723445726701, 26.33054511266336], [90.28100323925726, 26.29217766286168], [90.2722810649724, 26.267251037704142], [90.25145205395667, 26.26439898333056], [90.28795015030121, 26.25210028339856], [90.2840846681926, 26.236649483183037], [90.3088583253514, 26.244689410608377], [90.32069062076175, 26.278808516268526], [90.34398884267705, 26.270708289798666], [90.35185216826149, 26.28713313126694], [90.35537739459163, 26.258214730050113], [90.3811684908277, 26.26864336965405], [90.37923160090426, 26.309286577202425], [90.40490133923701, 26.320776487964064], [90.39513825109982, 26.3593465536777], [90.43724808080346, 26.364851331309104], [90.41689240828059, 26.407739577359326], [90.40353701571274, 26.406677928305708], [90.4152567099972, 26.430669133982324], [90.39721603189412, 26.440244811824567], [90.44557581113526, 26.468036764171913], [90.41030268356329, 26.49762028411645], [90.39802799662158, 26.540163708885068], [90.372197058306, 26.554622360600078], [90.35595922441799, 26.605177319754645], [90.37626819712247, 26.72364306822158], [90.35467489586973, 26.765316978314708], [90.33753622332998, 26.86802375274745]]]}}, {"type": "Feature", "properties": {"dtname": "Mangan", "stname": "Sikkim", "stcode11": "11", "dtcode11": "241", "dist_lgd": 226, "state_lgd": 11, "year_stat": "2011_c", "incidents": 2, "riskLevel": "low", "riskScore": 33}, "geometry": {"type": "Polygon", "coordinates": [[[88.672063853857, 28.07234096409139], [88.60996104642645, 28.12869131524753], [88.61934447777847, 28.09807624922256], [88.55254617456123, 28.08141611569111], [88.54587033464583, 28.03405773423247], [88.49561890104567, 28.05393138000651], [88.46781649395645, 28.017135056804957], [88.4147022993274, 27.998882454801567], [88.41077464212306, 27.983283549346748], [88.352265907906, 27.989948470966294], [88.2510846482745, 27.942351000257243], [88.23717376987427, 27.970847933989837], [88.20796035022218, 27.961659797012704], [88.20533936087057, 27.94156328466397], [88.145214029248, 27.964084732914714], [88.11975140558883, 27.918287403662248], [88.13501398438694, 27.88161991779872], [88.20279536432527, 27.838510919878598], [88.17359118743914, 27.82059547005424], [88.19717192771466, 27.79117232769651], [88.17836971360927, 27.746184625079135], [88.15617447104758, 27.736110255717083], [88.15415140034905, 27.691800049943218], [88.11269926409584, 27.60890699574301], [88.1321667498394, 27.58726322223013], [88.1672121787414, 27.609602310676596], [88.18733632127957, 27.605491966805975], [88.21402218984426, 27.582553063355398], [88.22107863516578, 27.526323150267487], [88.23521922266562, 27.515491949084172], [88.35572602614097, 27.521263271028815], [88.40557519864845, 27.475653538773223], [88.43657391482483, 27.399855397269636], [88.48596547115355, 27.37834967515555], [88.53374945275544, 27.39662275066701], [88.551440620636, 27.36876151367836], [88.5774217141479, 27.380495112164397], [88.60461735777174, 27.3651700202925], [88.71869466363711, 27.416704317036487], [88.80482954290821, 27.415207287775804], [88.80904198671888, 27.42340295893874], [88.78254836301488, 27.44965459519369], [88.79281531978818, 27.52889857999253], [88.76374710202198, 27.56507012288172], [88.79129471994719, 27.57510317799743], [88.81526016823472, 27.646092927008453], [88.84838624681915, 27.668007917361816], [88.83798351687719, 27.706287314958377], [88.86514115727292, 27.74224803392116], [88.85578163907377, 27.815082992639365], [88.88269251405758, 27.834268477655186], [88.88263280214234, 27.89077240869229], [88.8604073690006, 27.92715448938733], [88.83693675589068, 27.928780435290335], [88.83627832672003, 28.014814526268026], [88.75628644087377, 28.0759731722857], [88.672063853857, 28.07234096409139]]]}}, {"type": "Feature", "properties": {"dtname": "North Tripura", "stname": "Tripura", "stcode11": "16", "dtcode11": "292", "dist_lgd": 270, "state_lgd": 16, "year_stat": "2011_c", "incidents": 0, "riskLevel": "low", "riskScore": 15}, "geometry": {"type": "Polygon", "coordinates": [[[92.16770520585206, 24.53076827285991], [92.15049633176946, 24.49522333125606], [92.1665070499941, 24.4216784002666], [92.13679962790263, 24.424959849336794], [92.12190120995102, 24.382242932978194], [92.07599026692047, 24.375107308734574], [92.07261052544555, 24.31412812126964], [92.08092562456616, 24.27586387212623], [92.12282527364611, 24.271411552652456], [92.13072452824866, 24.245392259657688], [92.1674467371886, 24.22687143062829], [92.1717490188159, 24.20100845124883], [92.20178018026103, 24.191275393200666], [92.20336106873569, 24.169922923842876], [92.1959385356814, 24.14960616919746], [92.14558095355402, 24.119798236653196], [92.1689112237654, 24.10479139334252], [92.14273256287473, 24.040768471706997], [92.0981883795995, 24.010042643906345], [92.09166955441597, 23.935723227608985], [92.13261694617563, 23.923358426393833], [92.15838342857293, 23.845652749978942], [92.16960051006605, 23.723186528743554], [92.20703015127542, 23.700615207705884], [92.20660358266947, 23.661004236659075], [92.21936561194102, 23.651899625350975], [92.23916937572301, 23.718427862088685], [92.26548059471197, 23.72476664937945], [92.25709831328624, 23.81277000785309], [92.28251170477624, 23.8153869267879], [92.26917548495148, 23.846912927801892], [92.287595225155, 23.86847720966649], [92.31673141484548, 23.864347401634305], [92.325188744225, 23.914089488356055], [92.30796531923144, 23.960559024755675], [92.32619761157787, 23.997776363347565], [92.31215424963956, 24.05211709696957], [92.3320574461437, 24.179561224401137], [92.28959251600152, 24.25235339265091], [92.21287240401448, 24.24992683937439], [92.27408991813925, 24.388317411382456], [92.25939508807542, 24.43921301136669], [92.23018395643237, 24.461514608408063], [92.23043909683769, 24.50171026472232], [92.16770520585206, 24.53076827285991]]]}}, {"type": "Feature", "properties": {"dtname": "Siaha", "stname": "Mizoram", "stcode11": "15", "dtcode11": "288", "dist_lgd": 267, "state_lgd": 15, "year_stat": "2011_c", "incidents": 1, "riskLevel": "low", "riskScore": 29}, "geometry": {"type": "Polygon", "coordinates": [[[92.98890039142618, 22.631003037817457], [92.95129630277856, 22.628888734200867], [92.93115757160015, 22.55562343061572], [92.93461755688446, 22.45736442476436], [92.96529951631186, 22.393569546058654], [92.95824999879785, 22.375610069166978], [92.93985845311784, 22.374617503332416], [92.928004678989, 22.395677707658542], [92.87647116801872, 22.35535124513957], [92.86036027596181, 22.320134780264443], [92.82059017309439, 22.32576974078398], [92.83685558256668, 22.291080611991298], [92.84748066710102, 22.068877351024515], [92.86352980716867, 22.062364372043664], [92.8650647971222, 22.02369221229337], [92.8913304499667, 22.011252737208295], [92.9038518538113, 21.940039505233386], [92.93577736815453, 22.005696959613978], [92.92724576786392, 22.015636107945607], [92.95224920598754, 22.029710340597397], [92.98056133783022, 21.980058241145528], [93.00741352857149, 21.982325471597292], [92.99481351315633, 22.03219237284277], [93.00453237274048, 22.103592731862086], [93.05957592941091, 22.101252210357828], [93.03719532757519, 22.14437864384391], [93.0491001520633, 22.168902210359764], [93.03822036639978, 22.195028028640795], [93.11104251409586, 22.204028372222265], [93.12356239799102, 22.17354602768618], [93.15082749306441, 22.176260318828763], [93.16146139276665, 22.197096398007066], [93.1420954292266, 22.245464090310318], [93.20194511370254, 22.263090975331398], [93.18529010039997, 22.42815307590982], [93.13870432496167, 22.45451620220688], [93.12820711740463, 22.523653353333433], [93.08108447102332, 22.554278080061003], [93.06318667355944, 22.489144361776138], [93.04235627374828, 22.460838412113713], [93.02844933985045, 22.47251533116813], [93.02848801771333, 22.58234269560683], [92.98121098057908, 22.604801865791366], [92.98890039142618, 22.631003037817457]]]}}, {"type": "Feature", "properties": {"dtname": "Sepahijala", "stname": "Tripura", "stcode11": "16", "dtcode11": "707", "dist_lgd": 653, "state_lgd": 16, "year_stat": "update2014", "incidents": 0, "riskLevel": "low", "riskScore": 15}, "geometry": {"type": "Polygon", "coordinates": [[[91.56800266208121, 23.783988169102397], [91.49329914034625, 23.74110134081286], [91.38432646257388, 23.771591100827873], [91.38658826055918, 23.745190856209376], [91.36666049513202, 23.740495366760545], [91.31973394558733, 23.757886239699015], [91.31496776855741, 23.725856438355216], [91.29316353119788, 23.738903397398296], [91.28387918042843, 23.726850222147153], [91.23358596079456, 23.732153226379122], [91.1966285603368, 23.7510931716127], [91.15707702656111, 23.742018342289974], [91.15424271517728, 23.688392931977894], [91.2085285707533, 23.68640121383352], [91.19942169564295, 23.646578891392583], [91.1563038142567, 23.670717389753072], [91.16249868179597, 23.5950437858028], [91.17712996323996, 23.59319834903381], [91.19445076561034, 23.547177648172788], [91.21294567324355, 23.550414122376388], [91.20076362237056, 23.52002354419689], [91.24934241626788, 23.490170954984023], [91.27975113872857, 23.376598230657557], [91.29432948514784, 23.374678299148286], [91.29107061468937, 23.350657051341557], [91.32008596839772, 23.36008830528642], [91.28985282704917, 23.318524493828647], [91.31315488477074, 23.306338192225702], [91.30234118097617, 23.286342346138102], [91.3472545385955, 23.28249212789977], [91.38757257605702, 23.3252937873286], [91.38769787397116, 23.35562867534711], [91.42020269656975, 23.373780936217827], [91.41874084205675, 23.389826755761234], [91.38516379931818, 23.403372424932343], [91.3768701411868, 23.444398043736776], [91.39237744442454, 23.47872029133067], [91.3752637827789, 23.517747139942824], [91.40224265304319, 23.529284177618386], [91.3976550440238, 23.584766671756913], [91.47974019133164, 23.672915443717226], [91.50850525823215, 23.646161353870284], [91.52557452603476, 23.658277513187304], [91.5438310872669, 23.688288315191112], [91.52906607542317, 23.706458673192124], [91.53717538219028, 23.726671963626778], [91.57525504074597, 23.74550680268993], [91.56800266208121, 23.783988169102397]]]}}, {"type": "Feature", "properties": {"dtname": "Namchi", "stname": "Sikkim", "stcode11": "11", "dtcode11": "243", "dist_lgd": 227, "state_lgd": 11, "year_stat": "2011_c", "incidents": 6, "riskLevel": "moderate", "riskScore": 57}, "geometry": {"type": "Polygon", "coordinates": [[[88.41951519234536, 27.41858575274671], [88.40557519864845, 27.475653538773223], [88.35572602614097, 27.521263271028815], [88.31924647731208, 27.527059645692017], [88.2776905838469, 27.51007264118963], [88.29940401500596, 27.48242098486407], [88.3009332153175, 27.414782727320215], [88.3479850070808, 27.41414693100948], [88.3583164233656, 27.389941745823773], [88.29806987487524, 27.330938700641195], [88.30942537327891, 27.302699639930925], [88.27912205284542, 27.286341870669023], [88.33436076940964, 27.1945287611509], [88.30080718527638, 27.173651503304253], [88.28315429101686, 27.12824466837295], [88.31533734157225, 27.126151294702716], [88.32154083203987, 27.10474673114384], [88.43294663718349, 27.079259581704907], [88.53352006255777, 27.154564688772382], [88.4910091611309, 27.202325283689085], [88.49070384083382, 27.239529655322382], [88.44151611044647, 27.27391989022529], [88.4544481324108, 27.315335070737376], [88.48623357155344, 27.333628482145002], [88.48596547115355, 27.37834967515555], [88.41951519234536, 27.41858575274671]]]}}, {"type": "Feature", "properties": {"dtname": "South Garo Hills", "stname": "Meghalaya", "stcode11": "17", "dtcode11": "295", "dist_lgd": 277, "state_lgd": 17, "year_stat": "2011_c", "incidents": 2, "riskLevel": "low", "riskScore": 33}, "geometry": {"type": "Polygon", "coordinates": [[[90.78937478943884, 25.496400487084284], [90.76655270876007, 25.554317706626744], [90.74484400723101, 25.54397044725839], [90.7061974838833, 25.4926362653231], [90.68170409839823, 25.4845040019678], [90.63966046464958, 25.415396949636616], [90.51669905598287, 25.429891161363734], [90.44149119399627, 25.46101970736661], [90.3344856039139, 25.456964325280595], [90.30085556686181, 25.37591624795216], [90.30366020868847, 25.362552062097112], [90.31559240035172, 25.373811510147338], [90.33145990466215, 25.364398211311535], [90.32869819511959, 25.35264309307984], [90.2702691288918, 25.312508213165515], [90.26658868625702, 25.281038848261794], [90.28514296803894, 25.266738103370326], [90.26732164325689, 25.237479028096804], [90.25497163527355, 25.24021449012746], [90.234284211323, 25.224113502934344], [90.24852441300467, 25.20026808590859], [90.33023890015494, 25.193815951201433], [90.37045908323425, 25.162840263729453], [90.441076454406, 25.144508447961307], [90.50863949342461, 25.175354620671733], [90.640935077918, 25.174529428125183], [90.66342006219313, 25.197851593305757], [90.66600653467826, 25.165803916997547], [90.68570748897093, 25.1744689587328], [90.69857054098271, 25.15672171768584], [90.70998019881486, 25.168121316236316], [90.73327645791127, 25.154911424368567], [90.78035747187077, 25.18611500008168], [90.84982373105765, 25.157641459626216], [90.96852770199604, 25.1724118579723], [90.9686020672302, 25.201143383089846], [90.94982083866816, 25.21468270430765], [90.95194469944326, 25.256199752734677], [90.90059245861585, 25.296698099159098], [90.85720303718047, 25.293433307790067], [90.83983842666865, 25.31258549840201], [90.83722949001319, 25.35793190536649], [90.74934924972203, 25.380652851136148], [90.76277952944524, 25.397931462898484], [90.75747667191514, 25.451402173706214], [90.77718226331132, 25.453184337662368], [90.78521914969683, 25.468348605245396], [90.77205030667075, 25.47212632422077], [90.78937478943884, 25.496400487084284]]]}}, {"type": "Feature", "properties": {"dtname": "South Tripura", "stname": "Tripura", "stcode11": "16", "dtcode11": "290", "dist_lgd": 271, "state_lgd": 16, "year_stat": "2011_c", "incidents": 1, "riskLevel": "low", "riskScore": 29}, "geometry": {"type": "Polygon", "coordinates": [[[91.55869885559935, 23.425504323392452], [91.46817243539935, 23.405174267337422], [91.44246719744321, 23.365370804364055], [91.4052116892618, 23.368371413078563], [91.37062773929432, 23.30256986912876], [91.30978553770197, 23.27637472925239], [91.32660682287548, 23.252286584168377], [91.3233345657226, 23.158013804161282], [91.36979107269319, 23.070371372620777], [91.41599699371696, 23.062645189410112], [91.3807682294453, 23.208428842166136], [91.40091122223137, 23.22911439962101], [91.39255325281049, 23.245892544034827], [91.40874482525798, 23.247616221249388], [91.39729577809727, 23.25624845390419], [91.41132441574977, 23.25566447622858], [91.4089386349839, 23.28519355860082], [91.41831298796166, 23.255387847902604], [91.45421040063866, 23.260370828364554], [91.44523565063865, 23.247074356398745], [91.47027285733208, 23.22763056865085], [91.45061332166222, 23.219413373850223], [91.47540931004062, 23.220355360771574], [91.48257377418179, 23.199066585966506], [91.47075668365589, 23.196419760402872], [91.50754048109174, 23.183684344332317], [91.49174122987824, 23.177559641072335], [91.49088179188301, 23.157603633927025], [91.5153180508042, 23.144988361184616], [91.50314575563517, 23.130490965773955], [91.52983207425585, 23.091661978992864], [91.5304896697899, 23.03830841887631], [91.55035650877957, 23.03840858215366], [91.54248651410249, 22.999457074803004], [91.57676254315011, 22.965218997095413], [91.60610450722777, 22.97190863088281], [91.6137963866453, 22.95837145625125], [91.60485596306891, 22.962175778757157], [91.60033287823973, 22.954268025884044], [91.6199844763957, 22.93841950238891], [91.64545948243276, 22.985021559025284], [91.72062470229116, 22.98742385897208], [91.76854227685055, 23.040934728045094], [91.78060815938764, 23.029092472012636], [91.77451740838644, 23.069615985970216], [91.8060275713867, 23.063028389667085], [91.82445974786701, 23.08368072588158], [91.7576232204361, 23.140312774242883], [91.79121282521555, 23.148565179813662], [91.72898747320724, 23.279692884139973], [91.73359342941804, 23.321887086997286], [91.69728117114956, 23.346741342751024], [91.70150366980322, 23.36488075115], [91.68861020442917, 23.374209754398446], [91.65199000368128, 23.35907012672328], [91.62848879125787, 23.424532597077604], [91.59236586102037, 23.39825613728015], [91.55869885559935, 23.425504323392452]]]}}, {"type": "Feature", "properties": {"dtname": "Unakoti", "stname": "Tripura", "stcode11": "16", "dtcode11": "710", "dist_lgd": 655, "state_lgd": 16, "year_stat": "update2014", "incidents": 0, "riskLevel": "low", "riskScore": 15}, "geometry": {"type": "Polygon", "coordinates": [[[91.99751430608246, 24.392321792183807], [91.96691513000172, 24.37977378308997], [91.99595060776907, 24.32205448499746], [91.95680147342664, 24.356634237083465], [91.91998876371338, 24.337460944901355], [91.94081865687473, 24.26809150391188], [91.90270287795977, 24.13779638094329], [91.97095847763829, 24.086324357110247], [91.97028851320108, 24.06978973998663], [92.0002699187592, 24.079552001330796], [92.01187173880706, 24.108057133408217], [92.08047482660038, 24.104952287691873], [92.07279097901983, 24.027533725676218], [92.1059700501212, 24.01064574661982], [92.12193313966948, 24.0381108436877], [92.14273256287473, 24.040768471706997], [92.1689112237654, 24.10479139334252], [92.14558095355402, 24.119798236653196], [92.19645810686868, 24.15017536332204], [92.2023077275897, 24.190212621617803], [92.1717490188159, 24.20100845124883], [92.1674467371886, 24.22687143062829], [92.13072452824866, 24.245392259657688], [92.12282527364611, 24.271411552652456], [92.08092562456616, 24.27586387212623], [92.07599026692047, 24.375107308734574], [91.99751430608246, 24.392321792183807]]]}}, {"type": "Feature", "properties": {"dtname": "Gyalshing", "stname": "Sikkim", "stcode11": "11", "dtcode11": "242", "dist_lgd": 228, "state_lgd": 11, "year_stat": "2011_c", "incidents": 2, "riskLevel": "low", "riskScore": 33}, "geometry": {"type": "Polygon", "coordinates": [[[88.20962647713922, 27.58791036161466], [88.17223899835774, 27.610230973990884], [88.12994327578078, 27.58752329898745], [88.11269926409584, 27.60890699574301], [88.07910711169421, 27.579085886779186], [88.04406843542823, 27.495559534249146], [88.07505689374236, 27.433222686146294], [88.05071357272385, 27.41298465789185], [88.04157328028492, 27.372931077205816], [88.06692781415754, 27.33577475702196], [88.03204663591708, 27.286390215144454], [88.03099720873081, 27.249753932309275], [88.10348856170498, 27.254446925318575], [88.13232239913205, 27.236783558128863], [88.25249045959184, 27.251218866263383], [88.30322883397491, 27.236958768366687], [88.30397718001394, 27.260930624203723], [88.27912205284542, 27.286341870669023], [88.30942537327891, 27.302699639930925], [88.29806987487524, 27.330938700641195], [88.35826214805444, 27.37827881036556], [88.35758163200592, 27.399276422190503], [88.3479850070808, 27.41414693100948], [88.3009332153175, 27.414782727320215], [88.29940401500596, 27.48242098486407], [88.26892609801388, 27.517466055151196], [88.22350304977707, 27.5226716310976], [88.20962647713922, 27.58791036161466]]]}}, {"type": "Feature", "properties": {"dtname": "West Garo Hills", "stname": "Meghalaya", "stcode11": "17", "dtcode11": "293", "dist_lgd": 278, "state_lgd": 17, "year_stat": "2011_c", "incidents": 7, "riskLevel": "moderate", "riskScore": 59}, "geometry": {"type": "Polygon", "coordinates": [[[90.42560703132717, 25.98086015523321], [90.37217678243171, 26.011265518615954], [90.32477624940378, 25.97339565920553], [90.20287023812674, 25.96086255214783], [90.18688418584318, 25.944094618681785], [90.15141300041229, 25.96666986077352], [90.11685030188949, 25.957218028026098], [90.042485243794, 25.887667017208788], [90.0252342962168, 25.89569499639398], [90.00809323775162, 25.881608307255988], [90.02382063991206, 25.86721771134129], [90.00358571264144, 25.83923547788914], [89.94825920911445, 25.82547073775318], [89.95935140591845, 25.779930206321644], [89.93728332258019, 25.745118967016452], [89.89473928320082, 25.74496862306687], [89.95045252223743, 25.65560359610218], [90.01859213144643, 25.61132990383939], [89.9999829958383, 25.585618691175625], [90.0245269591688, 25.57707347090345], [90.02414214156235, 25.562837558681984], [90.0328278163989, 25.57775663498514], [90.08668577835392, 25.56556482209498], [90.11627440992716, 25.54274527702446], [90.11110585861687, 25.525575905750166], [90.13904981863531, 25.53727252399602], [90.14114788338868, 25.55373421899827], [90.16330800990762, 25.53979654520054], [90.15145892139131, 25.37983808694108], [90.01872146099959, 25.350732175875102], [89.96623768068073, 25.303810086375755], [89.9807618964176, 25.28085218578143], [90.05451780422396, 25.26136375410967], [90.11811361704659, 25.223456688274688], [90.25094715405459, 25.200918897933015], [90.23450609340155, 25.2292718257158], [90.26732164325689, 25.237479028096804], [90.28514296803894, 25.266738103370326], [90.26658868625702, 25.281038848261794], [90.27013765865335, 25.312301146372796], [90.33198107844392, 25.36028912811974], [90.3172775158572, 25.373755762358208], [90.30107320979052, 25.36544146237652], [90.33779586968478, 25.453058225988396], [90.3158355320783, 25.471044233308533], [90.3877169271779, 25.5382421636124], [90.39200437312832, 25.641972900844397], [90.4138090830017, 25.657018846250256], [90.3966434735798, 25.74008105698071], [90.40892814978749, 25.75358919960213], [90.3889487914186, 25.760349346000183], [90.3878720150235, 25.77633433607469], [90.33733328312749, 25.787815791022826], [90.3310390412566, 25.81020414180834], [90.35218810044852, 25.835009915323187], [90.39118940443456, 25.844927797065868], [90.38842213432035, 25.890857258808843], [90.42560703132717, 25.98086015523321]]]}}, {"type": "Feature", "properties": {"dtname": "West Khasi Hills", "stname": "Meghalaya", "stcode11": "17", "dtcode11": "296", "dist_lgd": 279, "state_lgd": 17, "year_stat": "2011_c", "incidents": 2, "riskLevel": "low", "riskScore": 33}, "geometry": {"type": "Polygon", "coordinates": [[[91.20343203378606, 25.84414404186351], [91.19582973077543, 25.861393548125108], [91.18022796968559, 25.84397208692591], [91.15200991660596, 25.851030028054115], [91.11963473886918, 25.83270161829249], [91.04888433978029, 25.829272847356883], [91.0718631073058, 25.83876089262074], [91.07833593425522, 25.85283566184896], [91.00226080365903, 25.823844946846517], [90.94399246310357, 25.770327958829842], [90.94356981833882, 25.752960418756157], [90.98251985996318, 25.74442776163126], [90.90825257629984, 25.64084246066985], [90.84921144025833, 25.590721551350974], [90.78974746990751, 25.572378122938247], [90.7790508480355, 25.585605207371426], [90.76455479897436, 25.550898432866358], [90.79191481093898, 25.486208894799503], [90.77205030667075, 25.47212632422077], [90.78521914969683, 25.468348605245396], [90.77718226331132, 25.453184337662368], [90.75747667191514, 25.451402173706214], [90.76277952944524, 25.397931462898484], [90.74934924972203, 25.380652851136148], [90.83722949001319, 25.35793190536649], [90.83983842666865, 25.31258549840201], [90.85706039639146, 25.29361849464411], [90.87540258323989, 25.31819417931285], [90.89662344926403, 25.3136718651611], [90.9288844044158, 25.335006007355783], [90.93622890082135, 25.32197258735643], [90.94748840884702, 25.33502843086273], [90.97773559176176, 25.32090519298441], [90.99455839239313, 25.36579053138216], [91.02613078438806, 25.323498640796164], [91.0593596832416, 25.330785238772105], [91.09317107487823, 25.306697838374223], [91.10421244141018, 25.313240388735373], [91.09750149802841, 25.3487076339819], [91.14214824734951, 25.377020506726147], [91.11457352276062, 25.423084649379117], [91.17282721987863, 25.45163317630503], [91.18050976759694, 25.43314555895325], [91.20917092816518, 25.44691089106537], [91.2234935547658, 25.433419103908825], [91.23140018813007, 25.450523206347327], [91.28126922867668, 25.397186889062283], [91.30682035256102, 25.430183661078768], [91.37759351675587, 25.462931683709648], [91.3339379712142, 25.50269426223094], [91.34299406995143, 25.560938023906314], [91.4330025161687, 25.653615164945283], [91.43745951284075, 25.792336708314718], [91.3595354481672, 25.80652600337938], [91.33570388478962, 25.8406932258433], [91.27453821962641, 25.750447491177066], [91.22245406743812, 25.722563262230572], [91.1782621423319, 25.777351631876087], [91.20343203378606, 25.84414404186351]]]}}, {"type": "Feature", "properties": {"dtname": "West Tripura", "stname": "Tripura", "stcode11": "16", "dtcode11": "289", "dist_lgd": 272, "state_lgd": 16, "year_stat": "2011_c", "incidents": 1, "riskLevel": "low", "riskScore": 29}, "geometry": {"type": "Polygon", "coordinates": [[[91.48488962559436, 24.09643438510157], [91.37461056293859, 24.107770389339613], [91.39659846624787, 24.049620145047967], [91.37333590026282, 24.002645283599865], [91.37952657895788, 23.97532618579995], [91.30364125429641, 23.997905182408672], [91.29979408524316, 23.972119652620957], [91.28767960564583, 23.968006520945163], [91.28468820317332, 23.982099853151162], [91.26423052335667, 23.944219373271732], [91.27621368722576, 23.92252498973903], [91.23301899359454, 23.9269571933054], [91.24618446344672, 23.913080148993597], [91.22961558330854, 23.88059442060492], [91.25411495067505, 23.837994372891565], [91.22641636817143, 23.79092641409703], [91.22150202301853, 23.74308970932191], [91.23358596079456, 23.732153226379122], [91.28387918042843, 23.726850222147153], [91.29316353119788, 23.738903397398296], [91.31524211494349, 23.725893831631343], [91.31973394558733, 23.757886239699015], [91.36666049513202, 23.740495366760545], [91.38658826055918, 23.745190856209376], [91.38432646257388, 23.771591100827873], [91.49329914034625, 23.74110134081286], [91.5675063931924, 23.785699022263003], [91.55821514336158, 23.900015562652015], [91.55385257399894, 23.91231092215584], [91.52719860371164, 23.910805536759735], [91.53590599442188, 23.92990273622034], [91.49430686234716, 23.998948186211955], [91.47308300133986, 24.07610804599037], [91.48488962559436, 24.09643438510157]]]}}, {"type": "Feature", "properties": {"dtname": "Lawngtlai", "stname": "Mizoram", "stcode11": "15", "dtcode11": "287", "dist_lgd": 264, "state_lgd": 15, "year_stat": "2011_c", "incidents": 1, "riskLevel": "low", "riskScore": 29}, "geometry": {"type": "MultiPolygon", "coordinates": [[[[92.5440539000605, 22.75724406788001], [92.51667175720057, 22.760021743037473], [92.50412408931197, 22.7384740286108], [92.539374668272, 22.589148422714057], [92.52167127432045, 22.559884306591027], [92.551281489715, 22.51329635634099], [92.55207663887862, 22.408973571059068], [92.58116581703536, 22.32176385903601], [92.59522573222942, 22.175390147021925], [92.60922646461592, 22.16401863961072], [92.60574638042546, 22.12339233996761], [92.57849806318664, 22.143407366115554], [92.56262006835031, 22.12802368130811], [92.60265905225361, 22.06110054995083], [92.5926163293483, 22.037438212031194], [92.60754091432582, 21.974656700176183], [92.63494020332963, 21.983219736158095], [92.65161265113525, 22.01590889927398], [92.67990290810245, 22.011864394103647], [92.69474290681451, 22.153493650306583], [92.7268043281754, 22.149105087894622], [92.85020022858882, 22.062614491640787], [92.83685558256668, 22.291080611991298], [92.82141701661787, 22.32933042440732], [92.85990334609593, 22.319839628400658], [92.87647116801872, 22.35535124513957], [92.91954561226773, 22.39094673197631], [92.93575534505702, 22.39468713383567], [92.9327751355929, 22.381288732408958], [92.95355589000994, 22.37217813273832], [92.96535521365614, 22.393092163873252], [92.93724749525298, 22.441048737653094], [92.93115757160015, 22.55562343061572], [92.91127794599078, 22.547297810059323], [92.89469116242893, 22.584853285357735], [92.87710424763038, 22.584054657002735], [92.83718647430663, 22.625390057027314], [92.80650876570714, 22.62937926585219], [92.8031376103297, 22.569510490707213], [92.7724973210534, 22.527681687092798], [92.77694039833011, 22.49703000323671], [92.76039261512636, 22.496932830654405], [92.75217502543492, 22.54489238515871], [92.69331634710903, 22.591356784925566], [92.69629703627349, 22.622049966791973], [92.64067670459683, 22.621783116406018], [92.64453129283599, 22.647907737380887], [92.59659891943059, 22.69616286135086], [92.59080386597319, 22.744387783369426], [92.57834743727305, 22.75543492393034], [92.56609525223087, 22.73185472506927], [92.5440539000605, 22.75724406788001]]], [[[93.08177223737451, 22.80852500339135], [93.03009716000031, 22.796160809841712], [93.00302430978763, 22.752255466638356], [92.92513751082531, 22.791626271395774], [92.93315040590454, 22.777250549750175], [92.91260287569489, 22.727670432194095], [92.93574421223569, 22.708235420612358], [92.93834524910658, 22.64382564364734], [92.95492346543553, 22.626552749310232], [92.9886597875588, 22.63415021799045], [92.98091946559127, 22.60516778034113], [93.02848801771333, 22.58234269560683], [93.02603444827952, 22.48241652937358], [93.04235627374828, 22.460838412113713], [93.07413863077119, 22.511447104368038], [93.08046486883588, 22.553817256342327], [93.10950539603344, 22.540828742368525], [93.14030431700917, 22.589789201787607], [93.0956304987536, 22.671762624592247], [93.1073559323744, 22.75261543919022], [93.08177223737451, 22.80852500339135]]]]}}, {"type": "Feature", "properties": {"dtname": "Serchhip", "stname": "Mizoram", "stcode11": "15", "dtcode11": "285", "dist_lgd": 268, "state_lgd": 15, "year_stat": "2011_c", "incidents": 0, "riskLevel": "low", "riskScore": 15}, "geometry": {"type": "Polygon", "coordinates": [[[92.78555078805763, 23.60008261085311], [92.76928593733744, 23.59455945697607], [92.77254102409196, 23.562160937600435], [92.80198047963245, 23.538915771620715], [92.78149688162324, 23.517557078060946], [92.78102370033555, 23.479057013774842], [92.79818175402758, 23.485836136774424], [92.83539392658136, 23.46764409728575], [92.82116890912293, 23.386058015130807], [92.84030801212113, 23.336306670752773], [92.77928599835164, 23.32703203127491], [92.72127069524542, 23.35095859159319], [92.71344837775372, 23.321743183164564], [92.68309232441645, 23.322749639737726], [92.69991496963925, 23.196219532412748], [92.72002649264431, 23.19416413961585], [92.72176223001269, 23.240092790654558], [92.81231443725122, 23.226221305328046], [92.83331400061019, 23.245945363181406], [92.8585062358604, 23.214369494254438], [92.86257577837064, 23.174065725867155], [92.93251036524778, 23.18753959005664], [92.95407931407146, 23.164410261852296], [92.95760645920305, 23.11603139026302], [93.03723017412337, 23.081469069720477], [93.0384638691306, 23.049807119695537], [93.1223312245548, 23.006383066022835], [93.13514927007253, 23.05996864364631], [93.1560919161751, 23.043180603739728], [93.17983558658864, 23.056952785879947], [93.16282836901598, 23.101522378088628], [93.17283633879792, 23.14084489674985], [93.14526370458867, 23.18468375760609], [93.16266650338156, 23.197910634373553], [93.1053737224449, 23.240403958367697], [93.08268077099501, 23.226073177152365], [93.0542676999554, 23.24352355908438], [93.03838489464071, 23.23693360805342], [93.04310673442149, 23.24943628494517], [93.00510144109994, 23.290454627356755], [93.0485875625824, 23.36972993839913], [93.03247325243582, 23.397690219663822], [93.0766021319788, 23.402941731613485], [93.09819810841444, 23.45053371610617], [93.07035967259412, 23.46447252893692], [93.07747753573159, 23.47807551636669], [93.0375161429126, 23.47121994611347], [93.01760181268881, 23.50775166777841], [92.98559819342492, 23.507734860589572], [92.94425761355693, 23.55879836522186], [92.91174386260276, 23.560221401990898], [92.89669601259855, 23.57798439464838], [92.86852879787584, 23.554743283668316], [92.82314355613605, 23.591917977132166], [92.79357699527105, 23.582096935233224], [92.78555078805763, 23.60008261085311]]]}}, {"type": "Feature", "properties": {"dtname": "Kolasib", "stname": "Mizoram", "stcode11": "15", "dtcode11": "282", "dist_lgd": 263, "state_lgd": 15, "year_stat": "2011_c", "incidents": 3, "riskLevel": "low", "riskScore": 37}, "geometry": {"type": "Polygon", "coordinates": [[[92.76668486633059, 24.51304964425155], [92.75215164677962, 24.506231387182634], [92.68976189319284, 24.353603943310393], [92.66119538181788, 24.348061057278155], [92.64952849769236, 24.32867945700522], [92.6247701217749, 24.334075300999775], [92.61415686266294, 24.25595211680328], [92.55065482137952, 24.247001163967166], [92.52682229321137, 24.165186936694354], [92.54520035787388, 24.14179155730419], [92.53821671112469, 24.03571976673264], [92.55199245595674, 24.063362937087007], [92.56609394787709, 24.041065462988275], [92.58081685927672, 24.077482348593165], [92.62199424220701, 24.032009262376548], [92.62448576995317, 24.043041031657708], [92.63607156495462, 24.03531240018662], [92.61862904804978, 24.012415072628414], [92.63292005934228, 23.99830682764352], [92.62127825887443, 23.937298617728796], [92.65913734060365, 23.916665124735765], [92.65000430655223, 23.891751239612574], [92.6622797184344, 23.868062696630112], [92.74917523539258, 23.84587917462242], [92.80098083707922, 23.854076739214445], [92.82194560419565, 23.91208607135462], [92.80664798032169, 23.91961968390776], [92.82079790670723, 23.994089365009305], [92.84580838672433, 24.026848623787888], [92.90026837442996, 24.226023561300252], [92.88809592115746, 24.245571470019264], [92.87956375223328, 24.233211613889488], [92.85908766413985, 24.24363360529586], [92.87236052578764, 24.28661510059139], [92.85686250933333, 24.308762144693983], [92.89242167666143, 24.354088222782952], [92.89612338421564, 24.391990524053714], [92.86094137635618, 24.398498889321914], [92.82617863379942, 24.376376890233725], [92.82994545483866, 24.400289629882653], [92.79936738557386, 24.419128662306537], [92.76668486633059, 24.51304964425155]]]}}, {"type": "Feature", "properties": {"dtname": "Mamit", "stname": "Mizoram", "stcode11": "15", "dtcode11": "281", "dist_lgd": 266, "state_lgd": 15, "year_stat": "2011_c", "incidents": 1, "riskLevel": "low", "riskScore": 29}, "geometry": {"type": "Polygon", "coordinates": [[[92.42253212697658, 24.254856121609787], [92.28959251600152, 24.25235339265091], [92.3320574461437, 24.179561224401137], [92.31215424963956, 24.05211709696957], [92.32619761157787, 23.997776363347565], [92.30796531923144, 23.960559024755675], [92.325188744225, 23.914089488356055], [92.31503438588268, 23.860498452384455], [92.28511173104243, 23.867149053251545], [92.26867784703016, 23.842175072838423], [92.28233697077539, 23.81463260277645], [92.25706478905812, 23.812471791661007], [92.26549063697853, 23.72500717494585], [92.29094235239519, 23.69083117103591], [92.2729746462393, 23.64193974373223], [92.29576548081748, 23.621627864670877], [92.28725916810214, 23.596038789789667], [92.30821117464997, 23.5777051181813], [92.3171337567865, 23.47165444463548], [92.35740103943446, 23.410698267167007], [92.35642535674648, 23.37234696312788], [92.37905781025529, 23.36182777028618], [92.36436410937375, 23.322918332745214], [92.3856830103415, 23.30620336406298], [92.38116455812423, 23.285102869224573], [92.41674261612445, 23.256598598617476], [92.47115832137817, 23.323698393028995], [92.45527321457975, 23.364701080076262], [92.46360718820277, 23.391460829819685], [92.56147202770542, 23.370780575259726], [92.5845366687822, 23.382116601824126], [92.58964417956895, 23.407263727612122], [92.61613580541977, 23.386310884392067], [92.66933644223366, 23.385102762629018], [92.65884006471994, 23.50175832372045], [92.63337048720216, 23.539110904637894], [92.65661972129007, 23.561934894623874], [92.64925785685679, 23.59036474719992], [92.67444179616538, 23.62015173667812], [92.63642597638535, 23.649056792982993], [92.6665920908373, 23.707764170802264], [92.62583642381377, 23.763572391613874], [92.63987692012634, 23.79318753139929], [92.59939232602798, 23.80766533363768], [92.60436954875917, 23.852152218738123], [92.61933076883062, 23.85908143276965], [92.61345793743926, 23.893389808836993], [92.66114824092674, 23.90596997771134], [92.62127825887443, 23.937298617728796], [92.63292005934228, 23.99830682764352], [92.61862904804978, 24.012415072628414], [92.63626816574616, 24.03506410114737], [92.62448576995317, 24.043041031657708], [92.62199424220701, 24.032009262376548], [92.58081685927672, 24.077482348593165], [92.56609394787709, 24.041065462988275], [92.55199245595674, 24.063362937087007], [92.53821671112469, 24.03571976673264], [92.53630501894499, 24.176853515158612], [92.48392167835974, 24.16316805982573], [92.46547643139205, 24.1362658507918], [92.44911965157725, 24.143967080870627], [92.41889658124137, 24.192697235395777], [92.42253212697658, 24.254856121609787]]]}}, {"type": "Feature", "properties": {"dtname": "Lunglei", "stname": "Mizoram", "stcode11": "15", "dtcode11": "286", "dist_lgd": 265, "state_lgd": 15, "year_stat": "2011_c", "incidents": 1, "riskLevel": "low", "riskScore": 29}, "geometry": {"type": "Polygon", "coordinates": [[[92.59395928195195, 23.40548146839198], [92.56147202770542, 23.370780575259726], [92.46338354542624, 23.391319055224603], [92.45527321457975, 23.364701080076262], [92.47129574115877, 23.324416152079234], [92.45135840058897, 23.28609121894258], [92.43316695733344, 23.285019390748992], [92.41697229378303, 23.25663468009847], [92.38873939424674, 23.266062214076193], [92.40140950340685, 23.236580823110522], [92.34678469101625, 23.235673424060995], [92.36819965332889, 23.12726433516289], [92.35801185789504, 23.10327017769944], [92.39238450344646, 23.05645074083827], [92.37177858723489, 22.93617114420458], [92.39758622055703, 22.929698804800267], [92.40109920464646, 22.911952692272045], [92.42026517894975, 22.91834509935289], [92.43373077593836, 22.885791059707024], [92.45020882292664, 22.893249312035593], [92.4738441735849, 22.746208516985234], [92.50254469922722, 22.737388148782824], [92.51667175720057, 22.760021743037473], [92.5425265350071, 22.762738130912467], [92.56688387782891, 22.731656375604775], [92.57828032413819, 22.740054154819816], [92.57553068525807, 22.750447085046474], [92.57799222274846, 22.75520904961946], [92.5797906688119, 22.755299339744187], [92.60196606309738, 22.72095209563733], [92.59682772841832, 22.69576557634219], [92.64453129283599, 22.647907737380887], [92.64067670459683, 22.621783116406018], [92.69617549960546, 22.622162895620512], [92.69331634710903, 22.591356784925566], [92.75217502543492, 22.54489238515871], [92.75645434342857, 22.499499027244127], [92.77694039833011, 22.49703000323671], [92.7724973210534, 22.527681687092798], [92.8031376103297, 22.569510490707213], [92.80568207040568, 22.629076363788247], [92.83718647430663, 22.625390057027314], [92.87710424763038, 22.584054657002735], [92.89469116242893, 22.584853285357735], [92.91127794599078, 22.547297810059323], [92.9403788741114, 22.565635012894084], [92.95094236475997, 22.602289811107788], [92.9310363520374, 22.66346918063583], [92.9355983339184, 22.708686960266625], [92.8596038819162, 22.76304814965062], [92.89202117896168, 22.799695876285558], [92.88844369942812, 22.833800382286558], [92.86805530577104, 22.850614188245583], [92.87858048327276, 22.862873702603615], [92.85080460612882, 22.87665572818005], [92.89031043002956, 22.952503202714023], [92.87812805216981, 23.07478142273259], [92.85891723486583, 23.12210844562978], [92.85856977459878, 23.21413473000131], [92.83331400061019, 23.245945363181406], [92.81231443725122, 23.226221305328046], [92.72176223001269, 23.240092790654558], [92.72002649264431, 23.19416413961585], [92.7000418593681, 23.196029850761743], [92.68309258941946, 23.36679134530325], [92.67190885698292, 23.384230752880146], [92.61613580541977, 23.386310884392067], [92.59395928195195, 23.40548146839198]]]}}, {"type": "Feature", "properties": {"dtname": "Jorhat", "stname": "Assam", "stcode11": "18", "dtcode11": "312", "dist_lgd": 290, "state_lgd": 18, "year_stat": "2011_c", "incidents": 0, "riskLevel": "low", "riskScore": 15}, "geometry": {"type": "Polygon", "coordinates": [[[94.4057927179722, 26.933042568056504], [94.39671031117358, 26.952614119577706], [94.32022025413755, 26.879444148118875], [94.30401836633561, 26.909236611210844], [94.25374762344845, 26.908156787684167], [94.20927516256381, 26.926363697729006], [94.12860298255288, 26.892321073976902], [93.99661488419474, 26.86627067360706], [94.00482470615395, 26.82159782876622], [93.98012050493632, 26.81074807635707], [93.97325743096286, 26.7962413676733], [93.98747276907415, 26.786668849215204], [93.97193519171302, 26.768326645200386], [93.99428399498433, 26.76705136685213], [94.00468905066458, 26.744453329184513], [94.04614018978779, 26.738662275665856], [94.04336377662065, 26.68113210369456], [94.09781950631186, 26.641970141642798], [94.06884861382017, 26.594391261606738], [94.11471890808413, 26.555055945305902], [94.09644507584233, 26.485463958826216], [94.1034454609002, 26.46215387868255], [94.12710376081901, 26.450166707327806], [94.1158519297958, 26.40350737167332], [94.13754396398308, 26.348842565979847], [94.17112523598999, 26.36275272813113], [94.18327469418784, 26.45527859280869], [94.25633679087949, 26.541223415647305], [94.28478505072536, 26.56106905233611], [94.28974763361236, 26.47971493116352], [94.31662226876101, 26.45832370632475], [94.32552280893539, 26.4819494541897], [94.3528476141274, 26.49005878484602], [94.34779179958865, 26.50445789214495], [94.37217357658616, 26.50604435933199], [94.40087598060573, 26.534152575680164], [94.41338313537334, 26.577188666070413], [94.40292176879949, 26.61056803831097], [94.46549491973974, 26.63306096989922], [94.4602839005744, 26.661630131145813], [94.49267442692611, 26.66588940526854], [94.5392642402916, 26.706184924184885], [94.56235294992982, 26.70506863637176], [94.56709682807944, 26.683531349286312], [94.60305075736424, 26.711583393695488], [94.57275452823161, 26.7522216001743], [94.54988083844147, 26.748488701325375], [94.51220338707954, 26.77199540437538], [94.52584285388973, 26.79988997530454], [94.48572036169924, 26.8312463142488], [94.49664455378218, 26.867356922007495], [94.47415676317013, 26.892615171015514], [94.47422451321054, 26.935496891907626], [94.4057927179722, 26.933042568056504]]]}}, {"type": "Feature", "properties": {"dtname": "Barpeta", "stname": "Assam", "stcode11": "18", "dtcode11": "303", "dist_lgd": 280, "state_lgd": 18, "year_stat": "2011_c", "incidents": 1, "riskLevel": "low", "riskScore": 29}, "geometry": {"type": "Polygon", "coordinates": [[[90.90105940559548, 26.599153482213], [90.8945925102219, 26.627007672885508], [90.8564885881704, 26.598280737112635], [90.84655682337232, 26.571481551396346], [90.81814236982552, 26.568588564048362], [90.83191069906486, 26.53870513062483], [90.85506683265507, 26.532911997935862], [90.85134352510984, 26.51476507759905], [90.82360806856043, 26.49067449815075], [90.8045789894216, 26.496120116745715], [90.82103765256264, 26.440727400386614], [90.78727533139843, 26.439942394023305], [90.79873421600982, 26.42684379833619], [90.85604424459994, 26.43869760530613], [90.84485253512374, 26.40164918176153], [90.85976827259401, 26.362623477848537], [90.81798408936741, 26.366774139382866], [90.7895366236322, 26.329311456310542], [90.80346558781406, 26.305856038658007], [90.75159088142752, 26.309544306956816], [90.72042641709808, 26.28239364774], [90.73336558785545, 26.257687798604312], [90.683883404091, 26.257659678393853], [90.65339585176915, 26.237277917738], [90.69408746442134, 26.15074347425859], [90.71452246537031, 26.130041684753195], [90.76887940193983, 26.133909999699114], [90.91684826599607, 26.089669959627297], [91.00941425086151, 26.115495703190657], [90.99819970890573, 26.12864581540172], [91.02979354727972, 26.11908774632678], [91.09018600463011, 26.164298817393252], [91.11706000466985, 26.15458788809179], [91.23740149836996, 26.18018386835407], [91.24836427489099, 26.201264244754874], [91.21672374478347, 26.21844200114348], [91.21551696330214, 26.23876420762388], [91.24093347014957, 26.261041432704083], [91.21593514972812, 26.2672340050516], [91.26114952381603, 26.28924177308311], [91.25022199179686, 26.301810448063463], [91.28237896515787, 26.37570289208333], [91.26539332242336, 26.360689904349403], [91.236516797054, 26.376871460260798], [91.24206951289551, 26.38813126640064], [91.21608155266155, 26.381795049119606], [91.20825455584553, 26.41327263508042], [91.20260201741299, 26.40248757190626], [91.12281178089015, 26.425710034648638], [91.11077196656426, 26.412018037357218], [91.0848170301968, 26.425735687019202], [91.05684775565366, 26.415105589689613], [91.05683852726074, 26.42877784167878], [91.00229075169396, 26.42425673744554], [90.9938108853806, 26.439098903832313], [90.97624411440397, 26.427209176377104], [90.97925211414969, 26.455182109004546], [90.95906022965593, 26.437847098352886], [90.96638025774979, 26.459522857605478], [90.94731025675651, 26.455719752970943], [90.96017992396204, 26.463662724813332], [90.93544230631416, 26.4810340843406], [90.97700456793636, 26.500003088823647], [90.99482273064862, 26.600784496681964], [90.96354595984066, 26.598698651603893], [90.94871960114787, 26.566340513969195], [90.90878033473264, 26.54458995088493], [90.8783871800758, 26.556761019836948], [90.86960394191121, 26.57735768205183], [90.90105940559548, 26.599153482213]]]}}, {"type": "Feature", "properties": {"dtname": "Chirang", "stname": "Assam", "stcode11": "18", "dtcode11": "320", "dist_lgd": 612, "state_lgd": 18, "year_stat": "2011_c", "incidents": 0, "riskLevel": "low", "riskScore": 15}, "geometry": {"type": "MultiPolygon", "coordinates": [[[[90.44446491672568, 26.42027138762187], [90.42963513724828, 26.424502696733008], [90.42583276717829, 26.41522125314987], [90.43312958100859, 26.413035945090833], [90.44446491672568, 26.42027138762187]]], [[[90.44223513020553, 26.430176512388968], [90.43436207496828, 26.441944420701773], [90.42751323569883, 26.42800190518438], [90.44223513020553, 26.430176512388968]]], [[[90.64647330213737, 26.776726745777054], [90.63444320937951, 26.79381032631804], [90.54661291901144, 26.816639784360053], [90.417484090829, 26.904529501883182], [90.356562656032, 26.90065505010113], [90.33750925321019, 26.869427091101333], [90.35467489586973, 26.765316978314708], [90.37626819712247, 26.72364306822158], [90.35595922441799, 26.605177319754645], [90.372197058306, 26.554622360600078], [90.39802799662158, 26.540163708885068], [90.41030268356329, 26.49762028411645], [90.44557581113526, 26.468036764171913], [90.4383491683051, 26.459288439608716], [90.47706270687134, 26.462619725400348], [90.45619349624663, 26.432669692852265], [90.47638994687696, 26.385818495991323], [90.48086548926807, 26.420587626653383], [90.50410135372961, 26.426255055392676], [90.49818028640074, 26.45946479318249], [90.5195712044065, 26.509237603642678], [90.58988077323603, 26.489837862366294], [90.60181071282287, 26.49140285491734], [90.58888497457393, 26.51160256870075], [90.60110354465816, 26.516345599667343], [90.62354230791696, 26.507768535671484], [90.62077467937497, 26.49358909304444], [90.68246825298962, 26.499061502331113], [90.68561980890763, 26.481795798325717], [90.71698027036072, 26.479209419310724], [90.71009622521696, 26.451601774706905], [90.73567446384983, 26.44184422978632], [90.74472406866585, 26.465621754948717], [90.73101490157278, 26.482898898949024], [90.77076273340771, 26.495422372710014], [90.77613940101315, 26.50779158287612], [90.7575817568371, 26.514622583388814], [90.77476388807366, 26.53063570165715], [90.78822616668563, 26.51753791965554], [90.85384364614, 26.52861107198485], [90.81749564660133, 26.567257014855997], [90.84690306732048, 26.571747957259902], [90.8564885881704, 26.598280737112635], [90.90010382630527, 26.633413235099816], [90.89897581809117, 26.688753556093076], [90.95692341876767, 26.78162098660901], [90.64647330213737, 26.776726745777054]]]]}}, {"type": "Feature", "properties": {"dtname": "Bongaigaon", "stname": "Assam", "stcode11": "18", "dtcode11": "319", "dist_lgd": 281, "state_lgd": 18, "year_stat": "2011_c", "incidents": 0, "riskLevel": "low", "riskScore": 15}, "geometry": {"type": "Polygon", "coordinates": [[[90.84179917674436, 26.500039817309688], [90.84328228270203, 26.53213574696044], [90.78822616668563, 26.51753791965554], [90.77476388807366, 26.53063570165715], [90.7575817568371, 26.514622583388814], [90.77613940101315, 26.50779158287612], [90.77076273340771, 26.495422372710014], [90.73101490157278, 26.482898898949024], [90.74472406866585, 26.465621754948717], [90.73567446384983, 26.44184422978632], [90.71009622521696, 26.451601774706905], [90.71698027036072, 26.479209419310724], [90.68561980890763, 26.481795798325717], [90.68246825298962, 26.499061502331113], [90.62077467937497, 26.49358909304444], [90.62354230791696, 26.507768535671484], [90.60110354465816, 26.516345599667343], [90.58888497457393, 26.51160256870075], [90.60181071282287, 26.49140285491734], [90.58988077323603, 26.489837862366294], [90.5195712044065, 26.509237603642678], [90.49818028640074, 26.45946479318249], [90.50410135372961, 26.426255055392676], [90.48086548926807, 26.420587626653383], [90.47700775962038, 26.38588519363727], [90.45619349624663, 26.432669692852265], [90.47706270687134, 26.462619725400348], [90.39877457208114, 26.441602387123115], [90.41557188571126, 26.429058682624678], [90.40446329285672, 26.404629760147728], [90.41689240828059, 26.407739577359326], [90.42082898216249, 26.379585747195065], [90.43251889280371, 26.38087625517485], [90.43150044042673, 26.345182088137086], [90.4362611413267, 26.35994676498769], [90.44447901398745, 26.345889851290007], [90.45694870810935, 26.357080326946093], [90.48363360559526, 26.29491057780294], [90.46411825940997, 26.289462672945564], [90.46769304579432, 26.27640884322081], [90.45511844461689, 26.28480124490244], [90.47320436277599, 26.269825355366212], [90.44633341341498, 26.2690821806937], [90.44920649608649, 26.248306220611735], [90.43121318525002, 26.25966740161307], [90.44174589782035, 26.241950941232737], [90.37767343441638, 26.222410631109067], [90.36850024477347, 26.177159199150687], [90.38728200783311, 26.169627486966142], [90.39114440782197, 26.191478361605764], [90.42466981809294, 26.193654095187764], [90.44842997708352, 26.184041460125627], [90.44477461630977, 26.165723097838757], [90.51943482756994, 26.197441590370214], [90.6104164654469, 26.211511433107688], [90.67074007501559, 26.201546067370092], [90.66050579176581, 26.246670030344955], [90.73336558785545, 26.257687798604312], [90.72042641709808, 26.28239364774], [90.75159088142752, 26.309544306956816], [90.80435005556808, 26.306975655668868], [90.7895366236322, 26.329311456310542], [90.81798408936741, 26.366774139382866], [90.85976827259401, 26.362623477848537], [90.84485253512374, 26.40164918176153], [90.85604424459994, 26.43869760530613], [90.79873421600982, 26.42684379833619], [90.78717571901319, 26.439130004361484], [90.82720530474204, 26.44829795930892], [90.8045789894216, 26.496120116745715], [90.84179917674436, 26.500039817309688]], [[90.42963513724828, 26.424502696733008], [90.43312958100859, 26.413035945090833], [90.42568475087062, 26.416581888290683], [90.42963513724828, 26.424502696733008]], [[90.43436207496828, 26.441944420701773], [90.44223513020553, 26.430176512388968], [90.42751323569883, 26.42800190518438], [90.43436207496828, 26.441944420701773]]]}}, {"type": "Feature", "properties": {"dtname": "Nalbari", "stname": "Assam", "stcode11": "18", "dtcode11": "323", "dist_lgd": 298, "state_lgd": 18, "year_stat": "2011_c", "incidents": 0, "riskLevel": "low", "riskScore": 15}, "geometry": {"type": "Polygon", "coordinates": [[[91.58561193504887, 26.568219997957573], [91.52821131585392, 26.564456571163973], [91.49836732827976, 26.53325673851746], [91.47671803144208, 26.57014456037007], [91.43428908601355, 26.563429098155172], [91.42882170922569, 26.54933769629707], [91.45870767327649, 26.54234811399243], [91.35264667069853, 26.524002258126544], [91.3618168932061, 26.501312957044554], [91.3491824327897, 26.509900178351668], [91.3219145448541, 26.492644667394227], [91.2939387853729, 26.492762594196403], [91.30682625539075, 26.55442566889167], [91.24799161059201, 26.538324973635703], [91.26594433015403, 26.490944896177258], [91.2309982207865, 26.439889560089576], [91.2355965494022, 26.3786367572209], [91.26539332242336, 26.360689904349403], [91.26502807820863, 26.37078508872319], [91.2784394645648, 26.377460374695303], [91.2826650282702, 26.375071313214526], [91.25022199179686, 26.301810448063463], [91.26114952381603, 26.28924177308311], [91.21593514972812, 26.2672340050516], [91.24093258171575, 26.260178550354084], [91.21570891082047, 26.239109993330544], [91.21583033969068, 26.219653184633742], [91.24852333957834, 26.200658763625118], [91.22223463596369, 26.179348318031924], [91.29460640071567, 26.15724368508162], [91.35360803963076, 26.16729934905451], [91.41425493400561, 26.1361211587863], [91.41106132794913, 26.201149845781384], [91.43149875165443, 26.23976097465376], [91.414318455676, 26.24619464362839], [91.41265387565788, 26.265567890383355], [91.45134897540458, 26.269624539660242], [91.4549134329598, 26.320373324041846], [91.5248896181228, 26.336685344149515], [91.52864748834857, 26.392730056621243], [91.56413917782581, 26.430248686635], [91.54958052068093, 26.46953523206655], [91.56201277032689, 26.483657994665236], [91.55610889226098, 26.52520893568471], [91.58048845041976, 26.529231335949397], [91.58561193504887, 26.568219997957573]]]}}, {"type": "Feature", "properties": {"dtname": "Udalguri", "stname": "Assam", "stcode11": "18", "dtcode11": "326", "dist_lgd": 617, "state_lgd": 18, "year_stat": "2011_c", "incidents": 0, "riskLevel": "low", "riskScore": 15}, "geometry": {"type": "Polygon", "coordinates": [[[92.34320514086593, 26.862865659188788], [92.31314562859048, 26.925145601018087], [92.27609015635821, 26.901996421898463], [92.11437768739418, 26.893577930173027], [92.10265183605675, 26.86716838899445], [92.05672471975782, 26.847385037385624], [91.98350144913455, 26.858191602906548], [91.89173635276909, 26.91906268328388], [91.85911185391339, 26.91333882975743], [91.82414674068603, 26.864043453604744], [91.70486048357711, 26.812930718280764], [91.74545855286215, 26.688002877209343], [91.73716167966035, 26.60499678764154], [91.75156344244758, 26.604993307387424], [91.75037410535077, 26.58694545868197], [91.76254926524722, 26.593684748151], [91.7489354570165, 26.581262734322397], [91.78022238956696, 26.549346233613154], [91.78305284268664, 26.50432634716932], [91.81834548166661, 26.50581862975378], [91.84586615192993, 26.524017868050034], [91.8407412677256, 26.539891849953488], [91.87577916155898, 26.535658737657407], [91.9206556675904, 26.572115735889636], [91.92603315356104, 26.527068653866486], [91.99610793960625, 26.55451931160152], [92.02772527611148, 26.53679603111326], [92.01941161788858, 26.5218724108109], [92.03447766057391, 26.52434152773307], [92.02508400998721, 26.508887818186107], [92.04668558382542, 26.50081027511189], [92.04687172463375, 26.47824029868193], [92.0719876030848, 26.473891476681434], [92.0566456437583, 26.509904951695653], [92.07169757660546, 26.510003687845817], [92.07646205492117, 26.54163432483416], [92.11654279341724, 26.55091689288149], [92.11640434237069, 26.568973050122093], [92.06609541479573, 26.58219471461312], [92.06144271295251, 26.53702200036876], [92.04638730093026, 26.536922086763553], [92.02121850182749, 26.545779892090312], [92.02087325141603, 26.586405106309744], [92.04091800534094, 26.591055719278227], [92.03076231479707, 26.604529432662716], [92.04582649796974, 26.604631232673253], [92.04571409986308, 26.618172983714505], [92.07584625081074, 26.61837191902487], [92.08068770306822, 26.64097420807445], [92.11591873468767, 26.632169232301045], [92.17097345112884, 26.659586269326404], [92.18115026465833, 26.641588299229106], [92.20626639463768, 26.64173073431656], [92.19634626571748, 26.623617947942236], [92.2317146856765, 26.592213253772943], [92.2319856642786, 26.551585784958412], [92.25705335979278, 26.556233025735118], [92.24172717308599, 26.596781255381053], [92.27679144504937, 26.610506724393364], [92.27148322906862, 26.655622767195055], [92.32706422531562, 26.60172463136252], [92.3322430335898, 26.574662770609773], [92.3673863815527, 26.574823198662127], [92.36221580094822, 26.601886488975833], [92.40722486597623, 26.63819621734795], [92.37706065235945, 26.642581637179767], [92.371765244558, 26.69221615270309], [92.35668836100379, 26.692148647342886], [92.35686565071165, 26.660549116633728], [92.33671655566985, 26.66948516114281], [92.34658563423076, 26.701131147783137], [92.32636686316057, 26.81481462383131], [92.34320514086593, 26.862865659188788]]]}}, {"type": "Feature", "properties": {"dtname": "Kamrup Metro", "stname": "Assam", "stcode11": "18", "dtcode11": "322", "dist_lgd": 618, "state_lgd": 18, "year_stat": "2011_c", "incidents": 34, "riskLevel": "high", "riskScore": 95}, "geometry": {"type": "Polygon", "coordinates": [[[91.95302223856845, 26.254307755316933], [91.8828722491609, 26.21738474101238], [91.77091764434563, 26.198479117849033], [91.73139243659767, 26.210920859653307], [91.71178817786053, 26.191401306791754], [91.68622503272105, 26.20548478320405], [91.67248940036141, 26.184135273623017], [91.68225304725067, 26.215856639612024], [91.6644470028116, 26.21973672423564], [91.64269882930894, 26.19280642707361], [91.65731937229206, 26.182283396128334], [91.64991193093452, 26.16679571359992], [91.56473256986821, 26.14930403337104], [91.56413452455266, 26.105692962182665], [91.58577310269233, 26.091715739660145], [91.56802201538571, 26.060256158322364], [91.62930520084933, 26.07626494596181], [91.72266797340548, 26.034985232304265], [91.73106116217541, 26.05892674006034], [91.82727940772857, 26.119139541668954], [91.8791706520995, 26.097976153875113], [91.86729802323116, 26.042017571741237], [91.91469228242516, 26.020498891967343], [91.920272853227, 25.99775533293371], [91.98905616462591, 26.038529716988773], [92.13261589694339, 26.044238696321937], [92.17613322320386, 26.077950618673626], [92.16696982609585, 26.163991459609456], [92.12968614584881, 26.18059094923263], [92.0799538800924, 26.177342001696914], [92.09340492167847, 26.189098079305204], [92.04606880863618, 26.215558568975194], [92.04142445843014, 26.198670422804703], [91.99949056467322, 26.2046951534008], [91.95836778943074, 26.230298629342734], [91.95302223856845, 26.254307755316933]]]}}, {"type": "Feature", "properties": {"dtname": "Marigaon", "stname": "Assam", "stcode11": "18", "dtcode11": "304", "dist_lgd": 296, "state_lgd": 18, "year_stat": "2011_c", "incidents": 0, "riskLevel": "low", "riskScore": 15}, "geometry": {"type": "Polygon", "coordinates": [[[92.41941531160553, 26.514657099882186], [92.34733339995807, 26.507613523606086], [92.21628580895634, 26.41463042988677], [92.18197400989239, 26.424360123688043], [92.15860348707143, 26.413834510888204], [92.08426308773052, 26.338845804348225], [92.04793482956855, 26.278618736627507], [91.97823466614963, 26.27478956086817], [91.95381915920981, 26.25693672200057], [91.95772277210729, 26.23100751770701], [92.01894529164483, 26.201069386317094], [92.04310978324311, 26.19943866771966], [92.04606880863618, 26.215558568975194], [92.09340492167847, 26.189098079305204], [92.08013897256679, 26.17727436981875], [92.12968614584881, 26.18059094923263], [92.16696982609585, 26.163991459609456], [92.17804120444315, 26.06855483332262], [92.25831512535603, 26.063463051143916], [92.35961998688238, 26.091612929810395], [92.36288575370733, 26.077581956317662], [92.40849880281324, 26.125977214095933], [92.39893755444228, 26.13806665937476], [92.43000052621264, 26.190484758311413], [92.42546145496468, 26.231623836907318], [92.40770222083674, 26.244565746747238], [92.41919754920087, 26.270150607376635], [92.5041124651122, 26.27307074834926], [92.56817306177126, 26.337865013220647], [92.56681726236073, 26.37219010902735], [92.55145461842643, 26.38216522774938], [92.50615695434205, 26.372135116908495], [92.5030617425553, 26.38256248594218], [92.48585357904007, 26.363418352604107], [92.44062444383546, 26.37028194012122], [92.42429351394127, 26.413605532731438], [92.44106854935234, 26.451875670652402], [92.41978549026615, 26.47897874098801], [92.41941531160553, 26.514657099882186]]]}}, {"type": "Feature", "properties": {"dtname": "Dima Hasao", "stname": "Assam", "stcode11": "18", "dtcode11": "315", "dist_lgd": 299, "state_lgd": 18, "year_stat": "2011_c", "incidents": 13, "riskLevel": "moderate", "riskScore": 71}, "geometry": {"type": "Polygon", "coordinates": [[[93.00682983204594, 25.825372626689475], [92.98087908092936, 25.808703666221156], [92.98404301114041, 25.780559566666458], [92.9673586274196, 25.781899619705865], [92.964162091957, 25.818073773265358], [92.92846032606067, 25.806599786625558], [92.92208090773113, 25.771969948037142], [92.82094543882296, 25.741448182162785], [92.81375734539658, 25.702350143875364], [92.77460660037481, 25.674343120336633], [92.78950500844495, 25.659675910643486], [92.75836781966248, 25.628726621650692], [92.76794548205028, 25.617078614925358], [92.73831581273993, 25.59299824109866], [92.69416947893102, 25.597989129336298], [92.64563402155963, 25.5561622057603], [92.64283936271073, 25.534809367339125], [92.56436313866634, 25.473612271332406], [92.59861312465559, 25.468138397683767], [92.60663102335094, 25.413232466213685], [92.62763846673158, 25.42196714518311], [92.62564562703731, 25.434916509111865], [92.63956125033887, 25.417565720387618], [92.65362009294446, 25.433523478311464], [92.66164420438835, 25.406354610163444], [92.67352933241554, 25.41402423182632], [92.71794231584518, 25.372626807277054], [92.73801967861493, 25.379333434768423], [92.74990207576369, 25.344095854287378], [92.7817980633818, 25.33318288472132], [92.7924951945986, 25.28256462036503], [92.76188794895165, 25.246528441353618], [92.8029146664425, 25.21617257702473], [92.66347524312691, 25.17666786879057], [92.62143275562856, 25.115026384205613], [92.52244996814473, 25.139219109599463], [92.52309785738213, 25.12597083518437], [92.539182374004, 25.09891029578266], [92.61954427322084, 25.10240947029595], [92.64296067839321, 25.117844200952025], [92.72253879572807, 25.112724317358822], [92.7295690264129, 25.14314083032017], [92.75278596876133, 25.139020754851327], [92.77796461339963, 25.088344776058022], [92.81263059841714, 25.081418171282184], [92.835823164082, 25.052711709111282], [92.89750269702876, 25.079339488716435], [92.95183586417585, 25.06917052502394], [92.95905811244766, 25.090143383979317], [93.0360887711301, 25.105024906237578], [93.04311288698283, 25.08856993532561], [93.01429613461411, 25.061890255683085], [93.05061369743436, 25.033783769206302], [93.06195157987531, 25.002397177764887], [93.17977153401394, 25.000728504656806], [93.24479169309319, 24.970328060730147], [93.25986957198072, 25.001126383338754], [93.24438807644279, 24.998088318659985], [93.243635653849, 25.017699099058255], [93.26374949001591, 25.048910163315742], [93.2999572472674, 25.04603935364143], [93.33237064292963, 25.09351872331333], [93.34587005520046, 25.169808384722494], [93.38111859139156, 25.239628609965795], [93.47050329598454, 25.305060405012174], [93.44843410502357, 25.340635900851332], [93.4732397583761, 25.385210989057562], [93.45611479233092, 25.43371838687008], [93.39034336499304, 25.460384811361838], [93.39139541525994, 25.48224816097534], [93.35012281899435, 25.532248737140833], [93.207646464791, 25.544226566247616], [93.17660063107965, 25.592828068892402], [93.19195565909695, 25.632147904292506], [93.17057712975729, 25.662023476932255], [93.13597106236918, 25.670141414761318], [93.14644438372282, 25.738318186138187], [93.09889134820067, 25.776902697289238], [93.0687777582434, 25.76698303295559], [93.01863118498638, 25.80128553663203], [93.00324055673437, 25.786505384109972], [93.00682983204594, 25.825372626689475]]]}}, {"type": "Feature", "properties": {"dtname": "Sonitpur", "stname": "Assam", "stcode11": "18", "dtcode11": "306", "dist_lgd": 301, "state_lgd": 18, "year_stat": "2011_c", "incidents": 0, "riskLevel": "low", "riskScore": 15}, "geometry": {"type": "MultiPolygon", "coordinates": [[[[92.96699896713267, 26.663271680126964], [92.9638309450955, 26.686954878853577], [92.94026347922491, 26.67180128774126], [92.95231684463684, 26.65507764611164], [92.96699896713267, 26.663271680126964]]], [[[92.67751838857127, 27.03166050518584], [92.64479910128341, 26.986663262637595], [92.58334239813784, 26.959540601039446], [92.44746824535278, 26.95881182111951], [92.39832962586198, 26.924690655124813], [92.31314562859048, 26.925145601018087], [92.34209289718682, 26.87905649091755], [92.32636686316057, 26.81481462383131], [92.34658563423076, 26.701131147783137], [92.33671655566985, 26.66948516114281], [92.35686565071165, 26.660549116633728], [92.35668836100379, 26.692148647342886], [92.371765244558, 26.69221615270309], [92.37706065235945, 26.642581637179767], [92.40722486597623, 26.63819621734795], [92.36221580094822, 26.601886488975833], [92.37235766641984, 26.583873997978834], [92.35809998981095, 26.561914341059925], [92.38184488911982, 26.529855123303847], [92.3465465808721, 26.520824909300728], [92.34383048059311, 26.504115265374725], [92.43653933891125, 26.520295450857734], [92.46744824961034, 26.496282286690565], [92.52258808501794, 26.508101245376665], [92.57480708331354, 26.499547489332453], [92.6632795352608, 26.52194622834795], [92.68715977564867, 26.509299369672377], [92.72081093029651, 26.535910390808812], [92.75085652227834, 26.51140473733029], [92.77144624006868, 26.555850868973916], [92.91694740059842, 26.59495900386228], [92.93420273375087, 26.615150026770962], [92.92477362665993, 26.648137727128496], [92.93947025515098, 26.678529664643964], [92.98116171427394, 26.709230382911393], [92.98256564092584, 26.730141392649806], [92.96619096128072, 26.74467927463659], [92.97818766725271, 26.754577151089332], [92.96623065873142, 26.761403148603215], [92.97281937194575, 26.791645232054343], [92.9392730282337, 26.82226967095394], [92.95931937576994, 26.876992519732426], [92.9037024954206, 26.878697803779865], [92.98303595568947, 26.9354215010046], [92.91714540276176, 26.96293037329049], [92.91841052443091, 26.982305667820196], [92.88660891740979, 26.999745397318183], [92.67751838857127, 27.03166050518584]]]]}}, {"type": "Feature", "properties": {"dtname": "Dhemaji", "stname": "Assam", "stcode11": "18", "dtcode11": "308", "dist_lgd": 284, "state_lgd": 18, "year_stat": "2011_c", "incidents": 0, "riskLevel": "low", "riskScore": 15}, "geometry": {"type": "Polygon", "coordinates": [[[95.50657409081877, 27.858471889064425], [95.51457452985828, 27.879455586300857], [95.37957712111239, 27.839178931122895], [95.30876058086574, 27.86801078029963], [94.85234573528983, 27.727603387718705], [94.84097038322008, 27.700609712378306], [94.79372746679526, 27.695180256373042], [94.75430704932184, 27.66054834323873], [94.6879103289692, 27.665141729695176], [94.68267757057399, 27.645893772389527], [94.49895896968692, 27.57216837292084], [94.47780439843244, 27.576141589285967], [94.46173180335272, 27.555242438197187], [94.43168210607004, 27.600332897949123], [94.364011898038, 27.574350133178122], [94.29826006205816, 27.601932335735782], [94.2773993000887, 27.58943735035942], [94.25425799678554, 27.614230771767083], [94.26170579226226, 27.635872595640386], [94.23756447091007, 27.632679887265187], [94.20991807782951, 27.603913561184473], [94.22664141968755, 27.59774110873053], [94.2249517335539, 27.574094621302496], [94.25869971670787, 27.55545808887365], [94.27761151180323, 27.466713596607647], [94.30736457100602, 27.434627492068792], [94.29486711175531, 27.384903093201537], [94.26370951414786, 27.40032674989144], [94.24704242658954, 27.391988592124335], [94.29890468232628, 27.350500613862902], [94.30996079739855, 27.318415437612185], [94.39000837340254, 27.35068893367478], [94.40602009414702, 27.330918074604817], [94.42671805264091, 27.33797678068907], [94.44388151329264, 27.308714798697377], [94.46039391994219, 27.332314484356488], [94.49828817790132, 27.32971646928573], [94.51298236117817, 27.34932979333201], [94.59230508029118, 27.377828001007344], [94.59315548572627, 27.358483862279325], [94.62041503460108, 27.362738811310837], [94.62198685907453, 27.333084357260585], [94.63815875482406, 27.321488716382053], [94.63849224898343, 27.338214742007267], [94.66638686184835, 27.352628304873047], [94.66458215273074, 27.377126057204755], [94.69081063598371, 27.39347937101368], [94.69319330318879, 27.42171259265817], [94.74621922935802, 27.437662059757205], [94.77105497986585, 27.482502958351], [94.79315608796891, 27.48282148605339], [94.85247050229967, 27.55100508970113], [94.94638052493366, 27.609315882240324], [94.99016589230523, 27.65616898618805], [95.03601212699093, 27.6686188997076], [95.09297266871468, 27.660445805392868], [95.11778340922667, 27.68586995460422], [95.19565933767572, 27.70489126577067], [95.18879655116316, 27.67651068860958], [95.20474376837868, 27.658272729627395], [95.24642170785665, 27.65648021032999], [95.28251708586608, 27.69527323912582], [95.34656796814366, 27.70133981772881], [95.39487783968256, 27.73138737805548], [95.40746285143584, 27.779876061831516], [95.46123129896776, 27.80252030782865], [95.4852017975838, 27.853278026911813], [95.50657409081877, 27.858471889064425]]]}}, {"type": "Feature", "properties": {"dtname": "Sivasagar", "stname": "Assam", "stcode11": "18", "dtcode11": "311", "dist_lgd": 300, "state_lgd": 18, "year_stat": "2011_c", "incidents": 0, "riskLevel": "low", "riskScore": 15}, "geometry": {"type": "Polygon", "coordinates": [[[94.74758289531552, 27.245192758603455], [94.74962928897378, 27.26924662465491], [94.73587654280966, 27.275497533071842], [94.71786379961694, 27.263236413386558], [94.7215264133883, 27.245290433723856], [94.69505752569394, 27.272072409187363], [94.67877298390273, 27.24336147079254], [94.64199192632853, 27.246748347297387], [94.61480700140267, 27.17662421631362], [94.54431392023533, 27.077000403278827], [94.39528286932247, 26.954927036108234], [94.40571436242153, 26.93305469819691], [94.47422451321054, 26.935496891907626], [94.47415676317013, 26.892615171015514], [94.49664455378218, 26.867356922007495], [94.48572036169924, 26.8312463142488], [94.52584285388973, 26.79988997530454], [94.51220338707954, 26.77199540437538], [94.54988083844147, 26.748488701325375], [94.57275452823161, 26.7522216001743], [94.58461312182193, 26.724595425251742], [94.60923869170611, 26.737194422170088], [94.61912601774539, 26.711991469643774], [94.69234522528862, 26.73193063072501], [94.7401846401301, 26.775983262028785], [94.75832868557629, 26.76600574614671], [94.77021727391396, 26.789038763927977], [94.80271724471169, 26.80131541022921], [94.79525044627346, 26.81442081088979], [94.8144599879697, 26.81954310636472], [94.81749393734903, 26.8475137996039], [94.87358731197286, 26.917516235655622], [94.94191780958651, 26.95934052620546], [94.9324014895562, 26.98342081435118], [94.84813929042865, 26.929124715925607], [94.79045904904196, 26.92266939010526], [94.83122937207933, 26.98998567632521], [94.9084530643433, 27.032886738059872], [94.88996160444411, 27.046641532333275], [94.82702202081799, 27.018558283698248], [94.83695575112992, 27.09232739093822], [94.80818097972937, 27.096739362658333], [94.81747783864085, 27.11450038562979], [94.75355859907826, 27.138990590345088], [94.78093446810429, 27.199380151657095], [94.77376081240114, 27.240221233314543], [94.74758289531552, 27.245192758603455]]]}}, {"type": "Feature", "properties": {"dtname": "Dibrugarh", "stname": "Assam", "stcode11": "18", "dtcode11": "310", "dist_lgd": 286, "state_lgd": 18, "year_stat": "2011_c", "incidents": 0, "riskLevel": "low", "riskScore": 15}, "geometry": {"type": "Polygon", "coordinates": [[[95.20025997496168, 27.695409266257624], [95.11778340922667, 27.68586995460422], [95.09297266871468, 27.660445805392868], [94.99643312992039, 27.65989084397916], [94.94638052493366, 27.609315882240324], [94.85247050229967, 27.55100508970113], [94.79315608796891, 27.48282148605339], [94.77105497986585, 27.482502958351], [94.74621922935802, 27.437662059757205], [94.69319330318879, 27.42171259265817], [94.69081063598371, 27.39347937101368], [94.66458215273074, 27.377126057204755], [94.66638686184835, 27.352628304873047], [94.63849224898343, 27.338214742007267], [94.63815875482406, 27.321488716382053], [94.60649002659974, 27.32881583074806], [94.61373391618508, 27.30655213165116], [94.58658167107096, 27.26743832222858], [94.56794305455179, 27.179497580700847], [94.59303549056725, 27.145706643340105], [94.64199192632853, 27.246748347297387], [94.67877298390273, 27.24336147079254], [94.69505752569394, 27.272072409187363], [94.7215264133883, 27.245290433723856], [94.71786379961694, 27.263236413386558], [94.73587654280966, 27.275497533071842], [94.74987276475512, 27.26832228500386], [94.74126842697767, 27.247237185611496], [94.77456281391376, 27.238934023753036], [94.76720066920612, 27.220592949743818], [94.78093446810429, 27.199380151657095], [94.75355859907826, 27.138990590345088], [94.81747783864085, 27.11450038562979], [94.80818097972937, 27.096739362658333], [94.83228956108272, 27.091166075335277], [94.96790933164056, 27.227157457751602], [94.97766889029697, 27.148092245369913], [95.04897811515448, 27.155395711654375], [95.06509159795266, 27.135729615229383], [95.11511090059518, 27.127260057799607], [95.13591523039851, 27.138690709303795], [95.15314183902143, 27.124271442996367], [95.17989888919094, 27.14212020085759], [95.18348524767279, 27.16316048797265], [95.23763382719865, 27.169884205967673], [95.23693148029207, 27.18978011635579], [95.28395658759983, 27.197591410333313], [95.35816559844899, 27.166842724940352], [95.37138442733075, 27.093406086304824], [95.45327315890005, 27.1294342311223], [95.46660039557196, 27.181639739344877], [95.45589407369151, 27.20358136583067], [95.48472512184965, 27.24144267036084], [95.46708183058051, 27.26375741784661], [95.45101570516748, 27.231399203626523], [95.43992408957344, 27.255760558394297], [95.46056650074176, 27.270442148004733], [95.44542511006534, 27.294229770041063], [95.46787135898539, 27.31416703464766], [95.4527684548307, 27.33921967313784], [95.47131126422815, 27.34392404133199], [95.47361016173635, 27.36738220486438], [95.43780532224602, 27.364865889034856], [95.38936988240008, 27.391107997251904], [95.30903850883486, 27.389263305660478], [95.29552193604714, 27.415012102654345], [95.24807519008775, 27.40468442895496], [95.2517373816509, 27.434300640920956], [95.21991861231629, 27.443694990069243], [95.22900805741514, 27.498861384243035], [95.26658978160548, 27.509576172317487], [95.2652888944116, 27.544256158890654], [95.2825685081279, 27.547454793048246], [95.2732026406363, 27.57444446004654], [95.31837805389202, 27.587561425692208], [95.27651874186323, 27.67836197065187], [95.24642170785665, 27.65648021032999], [95.20474376837868, 27.658272729627395], [95.18879655116316, 27.67651068860958], [95.20025997496168, 27.695409266257624]]]}}, {"type": "Feature", "properties": {"dtname": "Golaghat", "stname": "Assam", "stcode11": "18", "dtcode11": "313", "dist_lgd": 288, "state_lgd": 18, "year_stat": "2011_c", "incidents": 0, "riskLevel": "low", "riskScore": 15}, "geometry": {"type": "Polygon", "coordinates": [[[93.7538535446717, 26.807123920948268], [93.71236635795273, 26.816107758301445], [93.64871807992427, 26.788233727090866], [93.67051886056657, 26.71208751902155], [93.65092634640347, 26.70621957310026], [93.5660280026125, 26.72223999065364], [93.5224915260668, 26.74999903589972], [93.37206818887155, 26.745861420929653], [93.30391546605604, 26.70041170932774], [93.31751324295217, 26.65055221079096], [93.28684059366435, 26.63720675493808], [93.29514835265078, 26.571729671980155], [93.32604826223073, 26.584686281124146], [93.40879176504738, 26.569044293628565], [93.46479759615183, 26.5858030016784], [93.45542669539968, 26.571832391363174], [93.46381101779777, 26.5692190028109], [93.49171759532396, 26.586938640067295], [93.46992206982604, 26.591463226993767], [93.47806423696625, 26.603032840046374], [93.49558273427616, 26.61101121613883], [93.52377006407472, 26.593504386674343], [93.5533922171811, 26.612480028802896], [93.5861274378871, 26.603477183609918], [93.58983956410198, 26.570630754169752], [93.61103053419345, 26.577481981080858], [93.61011049225587, 26.56717250828293], [93.61679980240896, 26.565844559062082], [93.63524257002649, 26.597135849347072], [93.7143260830507, 26.604721018339106], [93.75230541416218, 26.585007745164933], [93.73168847292713, 26.537537795608078], [93.75606597663887, 26.528895922629548], [93.79449771459882, 26.440058107372064], [93.77999852502742, 26.41727262670871], [93.79918012642341, 26.40867778424604], [93.77489992642664, 26.38384184473612], [93.79406092675819, 26.37576214392282], [93.82681578283972, 26.417656847705636], [93.86567637112637, 26.388781719150437], [93.88395606667204, 26.39189557720271], [93.89389488594004, 26.315377203757215], [93.87389941898151, 26.309651497634622], [93.88546122357499, 26.306361173015578], [93.86862242933833, 26.294329748686756], [93.88117306975218, 26.273520264813918], [93.84779914957409, 26.24121147264648], [93.86468417830181, 26.235210354988997], [93.8291540750664, 26.196221177833444], [93.83124141034203, 26.136712805660828], [93.8184179354067, 26.136869557700823], [93.82809861389636, 26.127637456175773], [93.80654619587052, 26.102382216312968], [93.80539550429722, 26.064452782354117], [93.78715936536472, 26.054234054921775], [93.79509823836624, 26.04151373377362], [93.78016505022323, 26.039502926181758], [93.79972040287969, 26.031180444384255], [93.78124091033672, 26.00778770537694], [93.8008893203718, 26.002043378114884], [93.8045877373971, 25.980639165836823], [93.7807687630099, 25.98132522568147], [93.77446051370876, 25.965533839776835], [93.79611010519385, 25.903390999609012], [93.7775357586417, 25.849811862241094], [93.79547429111047, 25.808927800991555], [93.8397025090525, 25.856609989924713], [93.88180175390714, 25.8433493840466], [93.91599580988847, 25.883701268713065], [93.97869537534879, 25.916729295038984], [93.9530007572759, 26.002965940195697], [93.98738784144886, 26.066786362356062], [94.00107849426395, 26.172267428362748], [94.03203289744565, 26.19753669402165], [94.04768703480816, 26.249364694946504], [94.07462336894545, 26.264379828375702], [94.10505415672448, 26.319948598176858], [94.17785393906492, 26.34608264018092], [94.13356150685144, 26.350726900058017], [94.11671444721584, 26.39643082185106], [94.12710376081901, 26.450166707327806], [94.1034454609002, 26.46215387868255], [94.09629408341608, 26.49494914332618], [94.11471890808413, 26.555055945305902], [94.06884861382017, 26.594391261606738], [94.09781950631186, 26.641970141642798], [94.04336377662065, 26.68113210369456], [94.04614018978779, 26.738662275665856], [93.9723480915536, 26.767284858826745], [93.98747276907415, 26.786668849215204], [93.97325743096286, 26.7962413676733], [93.97967317626419, 26.80979603730322], [93.88932564836652, 26.7636629951245], [93.81372012555983, 26.796020396026435], [93.73994879368003, 26.773605514190663], [93.75515008222295, 26.79319253805371], [93.7538535446717, 26.807123920948268]]]}}, {"type": "Feature", "properties": {"dtname": "Cachar", "stname": "Assam", "stcode11": "18", "dtcode11": "316", "dist_lgd": 282, "state_lgd": 18, "year_stat": "2011_c", "incidents": 5, "riskLevel": "moderate", "riskScore": 55}, "geometry": {"type": "Polygon", "coordinates": [[[92.7343760498388, 25.13925487768095], [92.72178544427628, 25.112624659348587], [92.64296067839321, 25.117844200952025], [92.61954427322084, 25.10240947029595], [92.53806680386334, 25.09860718201955], [92.48096591744442, 25.10857565373923], [92.4569777992724, 25.054067753696966], [92.46428548002264, 25.037435366011177], [92.44253053412106, 25.04524134120762], [92.42527671822312, 25.02956000177832], [92.42006263041274, 24.966262810187327], [92.4675207975527, 24.963697004319904], [92.4496997584349, 24.938594899649917], [92.48749603265443, 24.946948867963734], [92.49097281014632, 24.874186619821195], [92.51509358792624, 24.879559217690307], [92.52608907929327, 24.86111450366775], [92.59731314026861, 24.879143924389798], [92.64628194044144, 24.85286671197975], [92.62932311331652, 24.85498010895461], [92.64597038134472, 24.81528391532768], [92.68379440811665, 24.81459944470101], [92.65584390566796, 24.753609969353814], [92.65030623121756, 24.684596576373576], [92.66514930665947, 24.673615774616227], [92.66552656763778, 24.627662947972834], [92.69677416475855, 24.615338032798704], [92.66644976715357, 24.609751015095654], [92.66795505341393, 24.59116629310519], [92.71736703743221, 24.56188558936829], [92.73534680436913, 24.590384906379295], [92.78019715595106, 24.569064154334978], [92.75731021870543, 24.5223355583338], [92.79936738557386, 24.419128662306537], [92.82994545483866, 24.400289629882653], [92.82617863379942, 24.376376890233725], [92.86094137635618, 24.398498889321914], [92.90287968802768, 24.391065924114102], [92.90934463495543, 24.41290902492253], [92.93400041518258, 24.392280815279168], [92.95116980920677, 24.402994204220672], [92.96016839240959, 24.391934214406685], [92.97450517017084, 24.408438181671926], [92.99734504917032, 24.399362090761915], [93.01304467632048, 24.417031914076937], [93.03521026459633, 24.40959379980965], [93.04677397002497, 24.46822525828018], [93.03255519675605, 24.495297435905638], [93.04999425424873, 24.544207525293942], [93.07096174056551, 24.558760763143212], [93.05818063197562, 24.573837223951003], [93.10436159600418, 24.58238201506971], [93.07115128059888, 24.60064229164043], [93.10415429987091, 24.67415667801594], [93.07354684042492, 24.707805708027895], [93.10776046620475, 24.741441483782275], [93.10942868080647, 24.811475012313366], [93.13856740194944, 24.80999451133041], [93.14946257305881, 24.787373867596212], [93.19112419823287, 24.80395423062022], [93.19482668462643, 24.853849301405933], [93.22644489698908, 24.872834416594053], [93.23519752056879, 24.911408227660946], [93.2488367726816, 24.91484602505106], [93.23681458599656, 24.937163002747823], [93.26232791236701, 24.96865559066086], [93.17977153401394, 25.000728504656806], [93.06195157987531, 25.002397177764887], [93.05061369743436, 25.033783769206302], [93.01429613461411, 25.061890255683085], [93.04311288698283, 25.08856993532561], [93.0369099435892, 25.1048055413919], [92.95905811244766, 25.090143383979317], [92.95183586417585, 25.06917052502394], [92.89750269702876, 25.079339488716435], [92.835823164082, 25.052711709111282], [92.81263059841714, 25.081418171282184], [92.77796461339963, 25.088344776058022], [92.75396553757773, 25.138184769699446], [92.7343760498388, 25.13925487768095]]]}}, {"type": "Feature", "properties": {"dtname": "Sribhumi", "stname": "Assam", "stcode11": "18", "dtcode11": "317", "dist_lgd": 293, "state_lgd": 18, "year_stat": "2011_c", "incidents": 3, "riskLevel": "low", "riskScore": 37}, "geometry": {"type": "Polygon", "coordinates": [[[92.40009590864497, 24.84865066995462], [92.29690170771809, 24.916012690854906], [92.23287316833824, 24.900146089717513], [92.24810428813514, 24.885493912399482], [92.24146114599776, 24.842022753622267], [92.27307794620876, 24.82744277662589], [92.28891865197765, 24.784485563036622], [92.2791600024163, 24.74529709627785], [92.29603185196049, 24.736456201839243], [92.25441586659272, 24.6780299546908], [92.2311407637196, 24.531205551667227], [92.21293649342012, 24.504011810997678], [92.23043909683769, 24.50171026472232], [92.23018395643237, 24.461514608408063], [92.25939508807542, 24.43921301136669], [92.27408991813925, 24.388317411382456], [92.21287240401448, 24.24992683937439], [92.43228628855478, 24.255251697923406], [92.46382991829093, 24.300509604324237], [92.508900264591, 24.45477865460565], [92.51730337435491, 24.573884817894573], [92.4937486304254, 24.68317960933152], [92.54522511274816, 24.765499209735786], [92.54474345405912, 24.807483033061946], [92.58627168839668, 24.86070463463067], [92.55630849438427, 24.877418569700087], [92.52540133180672, 24.861172704400087], [92.51509358792624, 24.879559217690307], [92.44480020943307, 24.87197983065323], [92.43740390628678, 24.85560736265009], [92.40009590864497, 24.84865066995462]]]}}, {"type": "Feature", "properties": {"dtname": "Hailakandi", "stname": "Assam", "stcode11": "18", "dtcode11": "318", "dist_lgd": 289, "state_lgd": 18, "year_stat": "2011_c", "incidents": 4, "riskLevel": "low", "riskScore": 41}, "geometry": {"type": "Polygon", "coordinates": [[[92.64628194044144, 24.85286671197975], [92.58008006557223, 24.875460346711684], [92.58298831818544, 24.844395174741386], [92.54474345405912, 24.807483033061946], [92.54522511274816, 24.765499209735786], [92.4937486304254, 24.68317960933152], [92.51730337435491, 24.573884817894573], [92.50632574868226, 24.435412170707654], [92.47642992023133, 24.325930279027595], [92.42253212697658, 24.254856121609787], [92.41857858032573, 24.21263695216544], [92.43642196413789, 24.153033003304195], [92.46432041640234, 24.136225915995634], [92.48392167835974, 24.16316805982573], [92.53421229018436, 24.18014653568789], [92.55089605766088, 24.24722231488616], [92.61230321602359, 24.2534676303193], [92.6247701217749, 24.334075300999775], [92.64576450814285, 24.327781710133593], [92.66136777031754, 24.348155821760745], [92.68483592743347, 24.34653673721819], [92.78059751620856, 24.568369251617828], [92.73534680436913, 24.590384906379295], [92.71736703743221, 24.56188558936829], [92.66850750294061, 24.589622346401388], [92.66644976715357, 24.609751015095654], [92.69677416475855, 24.615338032798704], [92.66552656763778, 24.627662947972834], [92.66514930665947, 24.673615774616227], [92.65030623121756, 24.684596576373576], [92.65584390566796, 24.753609969353814], [92.68379440811665, 24.81459944470101], [92.64597038134472, 24.81528391532768], [92.62932311331652, 24.85498010895461], [92.64628194044144, 24.85286671197975]]]}}, {"type": "Feature", "properties": {"dtname": "Ri Bhoi", "stname": "Meghalaya", "stcode11": "17", "dtcode11": "297", "dist_lgd": 276, "state_lgd": 17, "year_stat": "2011_c", "incidents": 4, "riskLevel": "low", "riskScore": 41}, "geometry": {"type": "Polygon", "coordinates": [[[91.83381954634052, 26.115756691234278], [91.73106116217541, 26.05892674006034], [91.72010799672962, 25.953595971644106], [91.67060071583273, 25.904151547930294], [91.6094720639542, 25.937392046279445], [91.6407149359366, 25.96375836770764], [91.62606327800698, 25.986682316298374], [91.63109543181949, 26.02196707467617], [91.59753413744617, 26.01807438817959], [91.58009597198057, 26.033338143317412], [91.55124658202095, 25.976595668923252], [91.51807546639975, 25.95973240100812], [91.50326140833812, 25.913744054790218], [91.5369546903795, 25.931211917312712], [91.47480885274852, 25.874021113381065], [91.5131377497781, 25.86571299469069], [91.52658590777212, 25.891073658312607], [91.53043364995047, 25.8712539839883], [91.44514869282082, 25.839737870380365], [91.42246672417357, 25.85447395970862], [91.37289549670321, 25.846719120666947], [91.34189417271755, 25.82462043512341], [91.37157592994133, 25.80249238923102], [91.45850876201807, 25.788435329732625], [91.58696751706712, 25.81188995732435], [91.6979490290374, 25.80465457335726], [91.7073549802553, 25.81985886932527], [91.74961915759273, 25.827146790614403], [91.7878272312166, 25.79071075385126], [91.7683248620939, 25.743274875764786], [91.81141611382183, 25.729257476658066], [91.8318174827449, 25.646984941621156], [91.85906989540311, 25.64651743174194], [91.85708635686528, 25.629352593033406], [91.96748617824808, 25.69055703240145], [92.0032794618106, 25.63460027329629], [92.09266120286146, 25.639288028323328], [92.15615817764665, 25.67219991517027], [92.14424688259355, 25.716813497077183], [92.16270906100772, 25.740856933677694], [92.15109996909766, 25.816638807183086], [92.17724400442572, 25.872749794036924], [92.2255618979201, 25.909168656006816], [92.15473916558618, 25.910992476641507], [92.1524364960521, 25.94431864128415], [92.18088445136912, 25.985010462598943], [92.26346548668013, 26.03312972104592], [92.27489295810435, 26.065650736879935], [92.16939970515901, 26.077638207806686], [92.13261589694339, 26.044238696321937], [91.98905616462591, 26.038529716988773], [91.91898439602176, 25.997832472611865], [91.91469228242516, 26.020498891967343], [91.86729802323116, 26.042017571741237], [91.8791706520995, 26.097976153875113], [91.83381954634052, 26.115756691234278]]]}}, {"type": "Feature", "properties": {"dtname": "South West Khasi Hills", "stname": "Meghalaya", "stcode11": "17", "dtcode11": "713", "dist_lgd": 658, "state_lgd": 17, "year_stat": "update2014", "incidents": 0, "riskLevel": "low", "riskScore": 15}, "geometry": {"type": "Polygon", "coordinates": [[[91.17880287692897, 25.437842684344517], [91.17110921076235, 25.45127179765212], [91.11332893388393, 25.42175701809692], [91.14214824734951, 25.377020506726147], [91.09750149802841, 25.3487076339819], [91.10421244141018, 25.313240388735373], [91.09317107487823, 25.306697838374223], [91.0593596832416, 25.330785238772105], [91.02613078438806, 25.323498640796164], [90.99455839239313, 25.36579053138216], [90.97773559176176, 25.32090519298441], [90.94748840884702, 25.33502843086273], [90.93622890082135, 25.32197258735643], [90.9288844044158, 25.335006007355783], [90.89662344926403, 25.3136718651611], [90.87540258323989, 25.31819417931285], [90.85706039639146, 25.29361849464411], [90.90059245861585, 25.296698099159098], [90.95194469944326, 25.256199752734677], [90.94982083866816, 25.21468270430765], [90.9686020672302, 25.201143383089846], [90.96976721089979, 25.173231938084275], [91.06964299833623, 25.19840997993586], [91.25163094991267, 25.195168594391664], [91.2680134179513, 25.207244053331912], [91.28656835999499, 25.185350280195692], [91.37642168782392, 25.167953327313537], [91.38818772170232, 25.17023806415199], [91.35439030156333, 25.23408455813727], [91.38546655043358, 25.239490798082745], [91.40264712399147, 25.263584694197537], [91.47888353811378, 25.263358953787918], [91.49587942343912, 25.28329485599636], [91.54789412866944, 25.286876014140127], [91.5497752736379, 25.330172577789888], [91.52438195679953, 25.34886699259484], [91.5559590406952, 25.395568690331483], [91.5339989079046, 25.408240243120833], [91.54188795944214, 25.43974527235123], [91.43681810674472, 25.410108174050745], [91.41542377963248, 25.437110988604424], [91.27248534642001, 25.396865367121904], [91.23147517230345, 25.450499037623057], [91.2234935547658, 25.433419103908825], [91.20974328885015, 25.44687999138548], [91.17880287692897, 25.437842684344517]]]}}, {"type": "Feature", "properties": {"dtname": "South West Garo Hills", "stname": "Meghalaya", "stcode11": "17", "dtcode11": "711", "dist_lgd": 663, "state_lgd": 17, "year_stat": "update2014", "incidents": 1, "riskLevel": "low", "riskScore": 29}, "geometry": {"type": "Polygon", "coordinates": [[[90.0245269591688, 25.57707347090345], [89.98350445298001, 25.591248583839622], [89.97215727117924, 25.573491702341], [89.87716801974945, 25.548989197883117], [89.86793511908957, 25.524241700256393], [89.88593570538153, 25.507920639379716], [89.87286993505116, 25.507415626955872], [89.87168965656565, 25.477348474188453], [89.8430091983885, 25.456463530604918], [89.82543452223736, 25.413346599647703], [89.8214352719998, 25.355517277997254], [89.8413953237766, 25.314789105333034], [89.83118302409845, 25.29602889169429], [89.8766039002089, 25.285328328171367], [89.9091612796415, 25.3081015486551], [89.94924119258579, 25.29271400612445], [90.01872146099959, 25.350732175875102], [90.15145892139131, 25.37983808694108], [90.16041973133474, 25.54840889705077], [90.14114788338868, 25.55373421899827], [90.13904981863531, 25.53727252399602], [90.11050280160033, 25.52570725018318], [90.11627440992716, 25.54274527702446], [90.08668577835392, 25.56556482209498], [90.0328278163989, 25.57775663498514], [90.02577624174285, 25.562316953059824], [90.0245269591688, 25.57707347090345]]]}}, {"type": "Feature", "properties": {"dtname": "North Garo Hills", "stname": "Meghalaya", "stcode11": "17", "dtcode11": "712", "dist_lgd": 656, "state_lgd": 17, "year_stat": "update2014", "incidents": 1, "riskLevel": "low", "riskScore": 29}, "geometry": {"type": "Polygon", "coordinates": [[[90.53500440381981, 25.94958821610176], [90.47613437617863, 26.00958672529163], [90.42381500911634, 25.989002869380904], [90.38842213432035, 25.890857258808843], [90.3896878605557, 25.841899486053396], [90.35218810044852, 25.835009915323187], [90.33102830189736, 25.813237133282044], [90.33733328312749, 25.787815791022826], [90.3878720150235, 25.77633433607469], [90.3889487914186, 25.760349346000183], [90.4499523493006, 25.719800344146538], [90.50107194892729, 25.712482409598966], [90.5445364515541, 25.779279328021836], [90.54969282709902, 25.768928661982645], [90.56431169202916, 25.77920381368688], [90.60471438402811, 25.72962936712902], [90.65939344478042, 25.7863492266934], [90.72999938758514, 25.79094875124925], [90.79157105442582, 25.814442368914158], [90.83499774516572, 25.798148851756135], [90.89296150383923, 25.734085323209108], [90.98251985996318, 25.74442776163126], [90.94078549909882, 25.763788841197368], [91.00226080365903, 25.823844946846517], [91.03054838813826, 25.88580161139218], [90.96885495915237, 25.88521925782573], [90.94743452699795, 25.948091944065585], [90.91733641591135, 25.94440768233494], [90.9168363893697, 25.914056373316942], [90.88452562533038, 25.950307904004813], [90.83546787038482, 25.936605381783593], [90.83618787277999, 25.948421182879443], [90.80905408175673, 25.952437320354928], [90.76637681144096, 25.907640586832297], [90.76052453440163, 25.92188435977115], [90.74530500556685, 25.91176907304677], [90.73897655495158, 25.916158350010566], [90.75415169084165, 25.9294325676435], [90.74039701240133, 25.93939460814186], [90.74809502461729, 25.956716088597613], [90.71758751622141, 25.954941026268592], [90.63164325136876, 25.919826423142105], [90.62186617286935, 25.897836410779256], [90.60626618774883, 25.916617031330155], [90.62412418176079, 25.939175481244497], [90.58787140723547, 25.9580708652517], [90.51498002817708, 25.896101308329136], [90.53500440381981, 25.94958821610176]]]}}, {"type": "Feature", "properties": {"dtname": "West Jaintia Hills", "stname": "Meghalaya", "stcode11": "17", "dtcode11": "299", "dist_lgd": 275, "state_lgd": 17, "year_stat": "2011_c", "incidents": 1, "riskLevel": "low", "riskScore": 29}, "geometry": {"type": "Polygon", "coordinates": [[[92.38356250297734, 25.748710107678317], [92.26505805055852, 25.709145939348247], [92.22446621468323, 25.715868820719248], [92.13310654866675, 25.641129135347608], [92.09620079864287, 25.492766814666258], [92.11005910134446, 25.47048412598481], [92.09647148259756, 25.45081332799659], [92.11998692074182, 25.32909972060488], [92.10874570870354, 25.30380423338612], [92.04788828156545, 25.319810073395335], [91.98586389975416, 25.275260283122307], [91.98495214297846, 25.245551042604163], [92.02117208228348, 25.2018500766619], [92.01845006120847, 25.182701231315804], [92.08323168524045, 25.182270370720268], [92.13288205428734, 25.1601471223217], [92.13583686658171, 25.138737992387863], [92.16571321237076, 25.135947100269142], [92.15959222677208, 25.126603278310345], [92.20444157044425, 25.129021264322322], [92.20787538870263, 25.157305969813784], [92.22554884090745, 25.15422563805853], [92.23616783576252, 25.21091395115066], [92.20646960792801, 25.227560060066676], [92.17422821538817, 25.35413949967545], [92.27982799594977, 25.404258231062286], [92.3774111040164, 25.406696524954988], [92.49231788457071, 25.44254211289396], [92.53438789195778, 25.43466423925588], [92.54714046107111, 25.4593000866987], [92.56790498742248, 25.456316611955813], [92.57365409564639, 25.490478204986648], [92.64283936271073, 25.534809367339125], [92.6614614771781, 25.57218637180742], [92.65337936421129, 25.590612115320223], [92.5840722451702, 25.55045322403574], [92.55672592173389, 25.570961312605036], [92.55416738326079, 25.61480362624774], [92.50562970076246, 25.61631135161456], [92.47033345863987, 25.67515160002741], [92.4406483381237, 25.691601331900753], [92.44429108205928, 25.719695295616546], [92.38356250297734, 25.748710107678317]]]}}, {"type": "Feature", "properties": {"dtname": "Aizawl", "stname": "Mizoram", "stcode11": "15", "dtcode11": "283", "dist_lgd": 261, "state_lgd": 15, "year_stat": "2011_c", "incidents": 16, "riskLevel": "high", "riskScore": 91}, "geometry": {"type": "Polygon", "coordinates": [[[92.93400041518258, 24.392280815279168], [92.90934463495543, 24.41290902492253], [92.8895372015555, 24.3889917727897], [92.89242167666143, 24.354088222782952], [92.85692839986109, 24.30985478490317], [92.87236052578764, 24.28661510059139], [92.85908766413985, 24.24363360529586], [92.87956375223328, 24.233211613889488], [92.88809592115746, 24.245571470019264], [92.90026837442996, 24.226023561300252], [92.84580838672433, 24.026848623787888], [92.82079790670723, 23.994089365009305], [92.80664798032169, 23.91961968390776], [92.82194560419565, 23.91208607135462], [92.79917701459883, 23.850161732644022], [92.69556487428265, 23.855844019133514], [92.66248176930476, 23.867858061407155], [92.64804634844046, 23.899733061376462], [92.61353869418666, 23.89351368673911], [92.61928708914826, 23.858844755252377], [92.60436954875917, 23.852152218738123], [92.59947030428621, 23.807420927879996], [92.63951882200969, 23.79395050781066], [92.62583642381377, 23.763572391613874], [92.66649425801464, 23.708590361063422], [92.63525030805393, 23.65735387134351], [92.67343891698219, 23.609948950841115], [92.64963025705109, 23.591091560188026], [92.65902562521661, 23.567478473727014], [92.63339494563239, 23.53802286700506], [92.65884006471994, 23.50175832372045], [92.6567039940435, 23.424662099672407], [92.68705370707153, 23.355083143210905], [92.68309232441645, 23.322749639737726], [92.71344837775372, 23.321743183164564], [92.72127069524542, 23.35095859159319], [92.77928599835164, 23.32703203127491], [92.84030801212113, 23.336306670752773], [92.82116890912293, 23.386058015130807], [92.83592314926807, 23.46566680159983], [92.79818175402758, 23.485836136774424], [92.7820111653268, 23.47613464022424], [92.7774411974229, 23.50489172523474], [92.80198047963245, 23.538915771620715], [92.77395699086361, 23.55860972462289], [92.77646757726683, 23.599418784404296], [92.79357699527105, 23.582096935233224], [92.82314355613605, 23.591917977132166], [92.86852879787584, 23.554743283668316], [92.89669601259855, 23.57798439464838], [92.91174386260276, 23.560221401990898], [92.94425761355693, 23.55879836522186], [92.98559819342492, 23.507734860589572], [93.04059210559946, 23.521781736696735], [93.0239757090743, 23.684681831921086], [93.03320040811562, 23.739187864792083], [93.00032837129687, 23.80279746829893], [93.00223194001148, 23.86847059339864], [92.97709701098817, 23.88520704295963], [92.97911385097188, 23.917859450196072], [92.99676168591975, 23.93226163386443], [92.98329624703462, 23.957394250686853], [92.99785348573964, 23.986365889202418], [92.99250557140986, 24.0875115453845], [92.96646340772998, 24.09478302096933], [92.96943383723556, 24.121401508949578], [93.00126510393243, 24.158057340302303], [92.99889485683447, 24.19496733020308], [93.018116428769, 24.20745989230021], [93.00414948920685, 24.277906571993658], [93.039317161751, 24.3407418429519], [93.01754570481451, 24.344219188633993], [93.02035462531683, 24.387850224224902], [92.99830801620544, 24.399756235407352], [92.97450517017084, 24.408438181671926], [92.96016839240959, 24.391934214406685], [92.95116980920677, 24.402994204220672], [92.93400041518258, 24.392280815279168]]]}}, {"type": "Feature", "properties": {"dtname": "Dhubri", "stname": "Assam", "stcode11": "18", "dtcode11": "301", "dist_lgd": 285, "state_lgd": 18, "year_stat": "2011_c", "incidents": 0, "riskLevel": "low", "riskScore": 15}, "geometry": {"type": "Polygon", "coordinates": [[[89.90443741775304, 26.33638184431738], [89.8328746964072, 26.38415670770803], [89.82276332334953, 26.351633103285607], [89.82192243736155, 26.37181016001813], [89.78435247571154, 26.352430454795535], [89.78197732740539, 26.3286999261804], [89.75124040455731, 26.32095018273324], [89.75812476141647, 26.287785754656902], [89.72027918765416, 26.30787916713049], [89.735573001773, 26.261493032291405], [89.7087914707154, 26.27104235826174], [89.70261583520806, 26.257863327213002], [89.73215802118615, 26.237829900936884], [89.70039355231548, 26.2184483846234], [89.73323032397113, 26.21199209625679], [89.71160000404385, 26.202966946685798], [89.71307454456529, 26.187716558993046], [89.69860048177071, 26.191177010668568], [89.7101423078323, 26.172423639240627], [89.73292876941173, 26.177526272809853], [89.72048755637586, 26.156296251914394], [89.74765904430173, 26.15737104917743], [89.76657067590367, 26.13047719560258], [89.756169904289, 26.109362722950486], [89.78316109494745, 26.105983939929885], [89.78132391712222, 26.083442406736015], [89.79485136940636, 26.08751254596408], [89.798809804689, 26.059579363166822], [89.77365402397129, 26.037637091219036], [89.80182890940826, 26.040255806182408], [89.78803836573023, 26.01920659964692], [89.80741700000738, 26.04400278188444], [89.82027208396258, 25.987641279317124], [89.83594146214216, 25.98242419528812], [89.8358412353093, 26.01259672773748], [89.87099834007248, 25.980794159667493], [89.83855875043484, 25.967851180785072], [89.84933634464996, 25.949109336902954], [89.82532855427151, 25.9503096681126], [89.88707699518709, 25.945201554210527], [89.85053746943993, 25.87954464167389], [89.93038217441172, 25.9062557228788], [89.96804615284104, 25.972900987616008], [90.01948818387436, 26.002230032780464], [90.05633407915083, 26.00041864307275], [90.08257688244775, 26.040453206644383], [90.1254187780225, 26.054671052941977], [90.1820692213102, 26.04884509571314], [90.17365770062027, 26.103046119955575], [90.19542955910369, 26.12725915116248], [90.24793535802847, 26.140410914163876], [90.25000646793346, 26.17717962369264], [90.37273626936036, 26.178426226637455], [90.37767343441638, 26.222410631109067], [90.44174589782035, 26.241950941232737], [90.43121318525002, 26.25966740161307], [90.44920649608649, 26.248306220611735], [90.44633341341498, 26.2690821806937], [90.47320436277599, 26.269825355366212], [90.45769864416643, 26.272686884639587], [90.45511844461689, 26.28480124490244], [90.46769304579432, 26.27640884322081], [90.46411825940997, 26.289462672945564], [90.48363360559526, 26.29491057780294], [90.45694870810935, 26.357080326946093], [90.44447901398745, 26.345889851290007], [90.4357099745942, 26.35967168083247], [90.43462467588202, 26.342400884142272], [90.42476904959251, 26.36374896164296], [90.39989112228376, 26.363495814042302], [90.40404901410218, 26.316017597966294], [90.37923160090426, 26.309286577202425], [90.3811684908277, 26.26864336965405], [90.35537739459163, 26.258214730050113], [90.35185216826149, 26.28713313126694], [90.34398884267705, 26.270708289798666], [90.32069062076175, 26.278808516268526], [90.3088583253514, 26.244689410608377], [90.2840846681926, 26.236649483183037], [90.28795015030121, 26.25210028339856], [90.25145205395667, 26.26439898333056], [90.2722810649724, 26.267251037704142], [90.28100323925726, 26.29217766286168], [90.26723445726701, 26.33054511266336], [90.21844735842834, 26.327201723855], [90.2251240670146, 26.351659371818236], [90.20560704636965, 26.360705179038465], [90.17407162813352, 26.341815769604647], [90.13473176798149, 26.348491299327726], [90.10488106819552, 26.318349460369134], [90.12607276412575, 26.28319292094538], [90.14196445018534, 26.292066329245113], [90.13997439616674, 26.266225369349026], [90.10798138690468, 26.249057095198907], [90.15216703368536, 26.20890771339578], [90.06376773783992, 26.172620981961682], [90.02498288741316, 26.126754746873807], [89.96076078714073, 26.134982044181424], [89.97200610807313, 26.125462895168894], [89.9157742311988, 26.1198474899704], [89.87011860194842, 26.14713840983341], [89.87533682111076, 26.18908659968641], [89.85995964423184, 26.18963048619264], [89.87303947589135, 26.202130569995308], [89.8587346314418, 26.238372882842118], [89.87440404824898, 26.247712702272754], [89.85812342580735, 26.248833416176254], [89.86699340529577, 26.30365921403017], [89.90443741775304, 26.33638184431738]], [[89.7898973995663, 26.341555537152374], [89.80674055961526, 26.349101989936205], [89.82312133882118, 26.327937365210463], [89.81470356316193, 26.321647204843906], [89.7898973995663, 26.341555537152374]]]}}, {"type": "Feature", "properties": {"dtname": "Goalpara", "stname": "Assam", "stcode11": "18", "dtcode11": "302", "dist_lgd": 287, "state_lgd": 18, "year_stat": "2011_c", "incidents": 0, "riskLevel": "low", "riskScore": 15}, "geometry": {"type": "Polygon", "coordinates": [[[90.61805619766217, 26.209253984401236], [90.51943482756994, 26.197441590370214], [90.44477461630977, 26.165723097838757], [90.44842997708352, 26.184041460125627], [90.41923215218478, 26.19403719137725], [90.39114440782197, 26.191478361605764], [90.3857929810794, 26.169298642599152], [90.25182378041448, 26.178196085782133], [90.24793535802847, 26.140410914163876], [90.19542955910369, 26.12725915116248], [90.17365770062027, 26.103046119955575], [90.16874359711419, 26.07748426169204], [90.18461761241385, 26.051618966714653], [90.17068358981864, 26.04404238939316], [90.19727851833389, 26.025923984637156], [90.18750987232004, 26.001391960018616], [90.12007060228294, 25.96920995290674], [90.11955963695608, 25.954184130222984], [90.15141300041229, 25.96666986077352], [90.18688418584318, 25.944094618681785], [90.20287023812674, 25.96086255214783], [90.32477624940378, 25.97339565920553], [90.37217678243171, 26.011265518615954], [90.39974683398451, 26.01251616505524], [90.4251876779896, 25.988838895115652], [90.47613437617863, 26.00958672529163], [90.53500440381981, 25.94958821610176], [90.51362770434837, 25.896272383345202], [90.5878704792758, 25.958070744098443], [90.62412418176079, 25.939175481244497], [90.60626618774883, 25.916617031330155], [90.62186617286935, 25.897836410779256], [90.62853886778294, 25.91759244825824], [90.68833449883162, 25.94890923689302], [90.74281658868651, 25.957987108743247], [90.74039701240133, 25.93939460814186], [90.75462711881588, 25.93344280414498], [90.74244580096816, 25.912386207743005], [90.76052453440163, 25.92188435977115], [90.75667737882314, 25.910986415749292], [90.77810318829283, 25.908614669616586], [90.80905408175673, 25.952437320354928], [90.83618787277999, 25.948421182879443], [90.83546787038482, 25.936605381783593], [90.88452562533038, 25.950307904004813], [90.9168363893697, 25.914056373316942], [90.91733641591135, 25.94440768233494], [90.94743452699795, 25.948091944065585], [90.96885495915237, 25.88521925782573], [91.03037578134797, 25.88592994362247], [91.04753728906228, 25.941506054381623], [91.09958769334197, 26.006866199243174], [91.09020219855975, 26.031510858245607], [90.98048464583862, 26.058277640713516], [90.93530197958533, 26.1012069640196], [90.9160029504154, 26.089682346974936], [90.79290714569737, 26.129114605683686], [90.71452246537031, 26.130041684753195], [90.67061782059363, 26.200036748670385], [90.61805619766217, 26.209253984401236]]]}}, {"type": "Feature", "properties": {"dtname": "Charaideo", "stname": "Assam", "stcode11": "18", "dtcode11": "755", "dist_lgd": 708, "state_lgd": 18, "year_stat": "2015_c", "incidents": 0, "riskLevel": "low", "riskScore": 15}, "geometry": {"type": "Polygon", "coordinates": [[[94.97766889029697, 27.148092245369913], [94.96790933164056, 27.227157457751602], [94.83712175170959, 27.098351583002124], [94.82702202081799, 27.018558283698248], [94.88996160444411, 27.046641532333275], [94.90783819717574, 27.030468374133218], [94.83122937207933, 26.98998567632521], [94.79045904904196, 26.92266939010526], [94.84813929042865, 26.929124715925607], [94.9324014895562, 26.98342081435118], [94.94191780958651, 26.95934052620546], [94.92408136256493, 26.948531766275742], [94.93085092820552, 26.932559006387134], [94.95550073283941, 26.94009654821389], [94.98261821674532, 26.912998245650893], [95.0167640502639, 26.92106292588876], [95.10181256272597, 26.96178784561581], [95.19305976236383, 27.03592814117447], [95.21069057244041, 27.028536024813885], [95.23177087008892, 27.04280796096871], [95.24643619229228, 27.02380500310556], [95.25898700518268, 27.03027380030058], [95.37211518705146, 27.112480450144695], [95.35816559844899, 27.166842724940352], [95.30310951836523, 27.195256633956564], [95.23702235656117, 27.18982968378563], [95.23837583921659, 27.170258164080153], [95.18348524767279, 27.16316048797265], [95.17989888919094, 27.14212020085759], [95.15276359887946, 27.124257970311948], [95.13591523039851, 27.138690709303795], [95.11511090059518, 27.127260057799607], [95.06509159795266, 27.135729615229383], [95.04897811515448, 27.155395711654375], [94.97766889029697, 27.148092245369913]]]}}, {"type": "Feature", "properties": {"dtname": "Biswanath", "stname": "Assam", "stcode11": "18", "dtcode11": "756", "dist_lgd": 705, "state_lgd": 18, "year_stat": "2015_c", "incidents": 0, "riskLevel": "low", "riskScore": 15}, "geometry": {"type": "Polygon", "coordinates": [[[93.74415857129097, 26.957900077318936], [93.6977834283289, 26.994203072624636], [93.6601210480025, 26.966955137668485], [93.48910216744224, 26.93617683569751], [93.3241018860979, 26.96007920722499], [93.08822588259767, 26.914392311258588], [93.02185614314457, 26.913416559178334], [92.98303595568947, 26.9354215010046], [92.9037024954206, 26.878697803779865], [92.95931937576994, 26.876992519732426], [92.9392730282337, 26.82226967095394], [92.97281937194575, 26.791645232054343], [92.96623065873142, 26.761403148603215], [92.97818766725271, 26.754577151089332], [92.96619096128072, 26.74467927463659], [92.98256564092584, 26.730141392649806], [92.98116171427394, 26.709230382911393], [92.93613974404856, 26.6741544180541], [92.92235644977487, 26.63964005971247], [92.9306710152962, 26.620218602634882], [93.1182176439344, 26.579917177821024], [93.21978425656827, 26.631046158012765], [93.24167376470955, 26.6838617103299], [93.28571651557968, 26.688965533599024], [93.39490435333734, 26.750031334735365], [93.5224915260668, 26.74999903589972], [93.57486418298836, 26.719324496949753], [93.67051886056657, 26.71208751902155], [93.64871807992427, 26.788233727090866], [93.71236635795273, 26.816107758301445], [93.75094112657054, 26.803672485307548], [93.76319916683171, 26.83993346018409], [93.78948342288744, 26.860973710311217], [93.78041513940171, 26.88597673012765], [93.73951574103438, 26.898622163723406], [93.74415857129097, 26.957900077318936]], [[92.95491283387415, 26.682908817609153], [92.96806177113184, 26.6710488853511], [92.95231684463684, 26.65507764611164], [92.94020745758887, 26.671481454879505], [92.95491283387415, 26.682908817609153]]]}}, {"type": "Feature", "properties": {"dtname": "Majuli", "stname": "Assam", "stcode11": "18", "dtcode11": "760", "dist_lgd": 706, "state_lgd": 18, "year_stat": "2016_c", "incidents": 0, "riskLevel": "low", "riskScore": 15}, "geometry": {"type": "Polygon", "coordinates": [[[94.59303549056725, 27.145706643340105], [94.5611437816248, 27.18386445263168], [94.52712701085972, 27.163215574788715], [94.53315574486864, 27.147838003657018], [94.51063962139249, 27.142391959796843], [94.50570199909399, 27.120983679308605], [94.48021161120433, 27.139296626046065], [94.46516060362192, 27.112637902982385], [94.43049463657067, 27.117609465099093], [94.41809585366066, 27.093083442393855], [94.36961873468049, 27.09911256631091], [94.3237362323118, 27.088565192771682], [94.31190906718004, 27.07126351105368], [94.2801362197227, 27.094831554967556], [94.2544351221017, 27.088290427076053], [94.22310237726839, 27.031708215866455], [94.18730680030693, 27.03615124326665], [94.18771122723773, 27.0028570357389], [94.13389364185976, 26.988339049022944], [94.13433297372923, 26.968793562307855], [94.07997045323191, 26.959977936067954], [94.06020462710103, 26.983006405372663], [94.04426166430672, 26.977898420732064], [94.02281483156442, 26.932004348621923], [93.99661343790716, 26.942315290380556], [93.9736493928708, 26.922683286664668], [93.92244459881918, 26.928294357210042], [93.89167242787599, 26.89228847277011], [93.8918058357805, 26.865470151313296], [93.83512561873104, 26.85106254230827], [93.8238404790754, 26.825289802326274], [93.80093191309268, 26.821631296911697], [93.76654860543717, 26.84320048773029], [93.73906548565107, 26.774079741703694], [93.81372012555983, 26.796020396026435], [93.88932564836652, 26.7636629951245], [94.00482470615395, 26.82159782876622], [93.99661488419474, 26.86627067360706], [94.12860298255288, 26.892321073976902], [94.20927516256381, 26.926363697729006], [94.25374762344845, 26.908156787684167], [94.30401836633561, 26.909236611210844], [94.31218775063228, 26.878390016903595], [94.33211636766234, 26.882556044794754], [94.39784849819814, 26.95916691239492], [94.46017357757603, 26.995441717624928], [94.4753263373307, 27.031101976244987], [94.54431392023533, 27.077000403278827], [94.59303549056725, 27.145706643340105]]]}}, {"type": "Feature", "properties": {"dtname": "Hojai", "stname": "Assam", "stcode11": "18", "dtcode11": "757", "dist_lgd": 709, "state_lgd": 18, "year_stat": "2015_c", "incidents": 0, "riskLevel": "low", "riskScore": 15}, "geometry": {"type": "Polygon", "coordinates": [[[92.88496312924909, 26.206400256129243], [92.77639019010005, 26.199477054644095], [92.77853274212129, 26.186800935958814], [92.7543205922022, 26.17853710078298], [92.75186538783456, 26.142140605691175], [92.70595425256457, 26.142131279431823], [92.70389655001517, 26.125081770712665], [92.73215914785477, 26.11523031936373], [92.72311099291963, 26.100755367261538], [92.74126506536103, 26.100881216663762], [92.73247194842324, 26.07123529784933], [92.75786002269362, 26.063562594922036], [92.74559041213153, 26.03932465229457], [92.76502443473248, 26.029219384929924], [92.75869017830554, 26.01462756139982], [92.78255417894971, 26.010182035309455], [92.75708927536635, 26.00270689928967], [92.77912846259689, 25.995942421665646], [92.75909356768219, 25.991079589669308], [92.77048136680853, 25.989782101322447], [92.76271691788911, 25.960705423224237], [92.77547295360111, 25.948191021057482], [92.79474203293947, 25.96473304783734], [92.80603764605304, 25.958230922328646], [92.78982586779982, 25.9386227353125], [92.80197693308371, 25.91767706812124], [92.85488900228226, 25.924662411273736], [92.8469297069811, 25.906626616757563], [92.86760066930408, 25.86853123023114], [92.98200411392322, 25.875552147664973], [93.02892741785477, 25.812209696334158], [93.07539209320623, 25.78291089496495], [93.06819441385746, 25.767285193925954], [93.09852751164595, 25.77697934235119], [93.12961207083092, 25.76079676881779], [93.12585887184461, 25.74856968000267], [93.14863105470256, 25.733890249391823], [93.14378094987232, 25.723749490210615], [93.1422157585589, 25.71940783385691], [93.14272570699288, 25.718402613816743], [93.22652886162034, 25.727456158997143], [93.22712495220185, 25.765518139758598], [93.24780959676491, 25.787956613905507], [93.24086235334433, 25.84639063200018], [93.18302803561502, 25.90336106974946], [93.15824713264519, 25.995376202313807], [93.12721307225397, 26.031107141378655], [93.09337808097652, 26.03306083207361], [93.10841591117202, 26.07822914696239], [93.05948935158045, 26.079716485956457], [93.03994800365928, 26.087477341327563], [93.03588779374653, 26.10859166883442], [92.93402989699189, 26.136631217838737], [92.95265332299955, 26.190243026344017], [92.88496312924909, 26.206400256129243]]]}}, {"type": "Feature", "properties": {"dtname": "South Salmara Mancachar", "stname": "Assam", "stcode11": "18", "dtcode11": "758", "dist_lgd": 707, "state_lgd": 18, "year_stat": "2015_c", "incidents": 0, "riskLevel": "low", "riskScore": 15}, "geometry": {"type": "Polygon", "coordinates": [[[90.18007181098776, 26.047912905966072], [90.1254187780225, 26.054671052941977], [90.08257688244775, 26.040453206644383], [90.05633407915083, 26.00041864307275], [90.01948818387436, 26.002230032780464], [89.96804615284104, 25.972900987616008], [89.93038217441172, 25.9062557228788], [89.83257264597775, 25.8706055191772], [89.83528159926036, 25.840734398302768], [89.81654470165925, 25.814302096666545], [89.84134580594319, 25.75899131766078], [89.82688452527681, 25.73291064081674], [89.85053330395196, 25.712957589265528], [89.88250547409609, 25.617204184881835], [89.8660375933419, 25.54619050359614], [89.85127339357518, 25.538627924597975], [89.86963950255961, 25.510906464137452], [89.849310180319, 25.4927972192913], [89.85224885258265, 25.465881508386328], [89.88593570538153, 25.507920639379716], [89.86793511908957, 25.524241700256393], [89.87836220685047, 25.550334112323817], [89.97215727117924, 25.573491702341], [89.98350445298001, 25.591248583839622], [90.0029994343578, 25.5854241716371], [90.02025032893447, 25.607487025153272], [89.95045252223743, 25.65560359610218], [89.89473928320082, 25.74496862306687], [89.93757747681828, 25.74542576984137], [89.95935140591845, 25.779930206321644], [89.94825920911445, 25.82547073775318], [90.00358571264144, 25.83923547788914], [90.02233140564749, 25.86013602095101], [90.00562511920344, 25.878472896901922], [90.01936755719969, 25.892076001170437], [90.042485243794, 25.887667017208788], [90.11855785012426, 25.96815825898615], [90.18750987232004, 26.001391960018616], [90.19627555381072, 26.02782450684559], [90.17068358981864, 26.04404238939316], [90.18007181098776, 26.047912905966072]]]}}, {"type": "Feature", "properties": {"dtname": "Karbi Anglong", "stname": "Assam", "stcode11": "18", "dtcode11": "314", "dist_lgd": 292, "state_lgd": 18, "year_stat": "2011_c", "incidents": 0, "riskLevel": "low", "riskScore": 15}, "geometry": {"type": "Polygon", "coordinates": [[[93.55549126289476, 26.611063673399087], [93.52377006407472, 26.593504386674343], [93.49558273427616, 26.61101121613883], [93.47806423696625, 26.603032840046374], [93.46992206982604, 26.591463226993767], [93.49171759532396, 26.586938640067295], [93.46381101779777, 26.5692190028109], [93.46479759615183, 26.5858030016784], [93.40879176504738, 26.569044293628565], [93.32604826223073, 26.584686281124146], [93.2507432258866, 26.569773265966653], [93.23506269961432, 26.55285553179091], [93.25645929587097, 26.5511448183456], [93.25652480641139, 26.531987787386345], [93.2734953170249, 26.54522860361713], [93.26391444495658, 26.527422442838425], [93.2878048704432, 26.52069304467431], [93.291449145108, 26.504548215325535], [93.28420375533615, 26.519797079147775], [93.26336114562366, 26.50892824083365], [93.233311066557, 26.535730510598896], [93.21295200019898, 26.529656044653695], [93.21730981028723, 26.507459202669203], [93.20423932290329, 26.501396807898132], [93.19943873231318, 26.53347675933474], [93.16093500695962, 26.52404045867031], [93.20920730825843, 26.555747049678537], [93.1912889618324, 26.567083150335833], [93.15085067409032, 26.546390112962886], [93.1414987915711, 26.555592897915894], [93.114294286067, 26.530320560679243], [93.0591193507863, 26.5443706553535], [93.01275427344699, 26.50748823563266], [93.00864735563106, 26.481206763785185], [93.0895286149311, 26.500191503276085], [93.06447552512512, 26.479381922989592], [93.10245229783469, 26.460119501632256], [93.09814591988969, 26.472987910746273], [93.12450688488413, 26.483085730921353], [93.11879718215847, 26.49240539326915], [93.12525044829256, 26.49578310812977], [93.13625268600738, 26.484360634358126], [93.11039838161298, 26.471058800038115], [93.12836878091811, 26.464160875120786], [93.1038934228242, 26.448871303296063], [93.11833879612351, 26.44187342731168], [93.06886293110874, 26.435341918265483], [93.09164817636925, 26.433571325306364], [93.06115929543913, 26.415903070341866], [93.0436209965654, 26.43725977502128], [92.94971589041099, 26.39764858329556], [92.90185470669523, 26.40142787321371], [92.88201427458169, 26.380038207054223], [92.9257699741927, 26.378988249370607], [92.90916892987575, 26.3530115013202], [92.93954616279247, 26.353134787948825], [92.94309846883682, 26.32720873338976], [92.89858432791966, 26.30899496938263], [92.87971013360715, 26.28372649104929], [92.84398791037687, 26.305109290602005], [92.84156718065486, 26.283834303234276], [92.81387431772467, 26.262554424339214], [92.8270402735654, 26.225110966326213], [92.7935991387428, 26.219507704603856], [92.80125000288109, 26.201841371402402], [92.93940856873871, 26.202569833657012], [92.9560244837669, 26.17433717668606], [92.93402989699189, 26.136631217838737], [93.03588779374653, 26.10859166883442], [93.03994800365928, 26.087477341327563], [93.05948935158045, 26.079716485956457], [93.10841591117202, 26.07822914696239], [93.09337808097652, 26.03306083207361], [93.12721307225397, 26.031107141378655], [93.15824713264519, 25.995376202313807], [93.18302803561502, 25.90336106974946], [93.24418529164888, 25.829611048363027], [93.24715061962196, 25.783519930074256], [93.22712495220185, 25.765518139758598], [93.22652886162034, 25.727456158997143], [93.14265194183331, 25.718567119753352], [93.13176991487322, 25.686125137791617], [93.14243959626982, 25.66099232064796], [93.17057712975729, 25.662023476932255], [93.19195565909695, 25.632147904292506], [93.17660063107965, 25.592828068892402], [93.21021006077916, 25.542944963221636], [93.25843359433777, 25.54889361688456], [93.27023025986905, 25.53133922194496], [93.29248233704216, 25.54443427236613], [93.3218163716908, 25.533128952616906], [93.42653190009405, 25.63194804132389], [93.46089576820683, 25.63231081636626], [93.4965526461867, 25.654533566849018], [93.52249294540495, 25.697573479798873], [93.54116770024963, 25.69884451871525], [93.54245085559813, 25.730939824069644], [93.56793534335299, 25.758434228974014], [93.6174208904099, 25.775988302163686], [93.64613622657626, 25.822379582809827], [93.71432185737562, 25.844513277001152], [93.6815292388145, 25.904386428359324], [93.73614533125864, 25.922763822108273], [93.76795808457584, 25.951014750955846], [93.76478111711504, 25.969236717163195], [93.8045877373971, 25.980639165836823], [93.8008893203718, 26.002043378114884], [93.78124091033672, 26.00778770537694], [93.79972040287969, 26.031180444384255], [93.78016505022323, 26.039502926181758], [93.79509823836624, 26.04151373377362], [93.78715936536472, 26.054234054921775], [93.80539550429722, 26.064452782354117], [93.80654619587052, 26.102382216312968], [93.82809861389636, 26.127637456175773], [93.8184179354067, 26.136869557700823], [93.83124141034203, 26.136712805660828], [93.8291540750664, 26.196221177833444], [93.86468417830181, 26.235210354988997], [93.84779914957409, 26.24121147264648], [93.88117306975218, 26.273520264813918], [93.86862242933833, 26.294329748686756], [93.89389488594004, 26.315377203757215], [93.88147775943193, 26.345484437874134], [93.8941749150686, 26.372073615329757], [93.88120892510842, 26.372417800330027], [93.88395606667204, 26.39189557720271], [93.86567637112637, 26.388781719150437], [93.82681578283972, 26.417656847705636], [93.79406092675819, 26.37576214392282], [93.77489992642664, 26.38384184473612], [93.79918012642341, 26.40867778424604], [93.78070217808441, 26.414804471218552], [93.79449771459882, 26.440058107372064], [93.75606597663887, 26.528895922629548], [93.73163096727424, 26.537736424192303], [93.751843089913, 26.585454149380425], [93.7117413308393, 26.60565679065864], [93.66596663259295, 26.604562808053092], [93.62197525906883, 26.59015491977738], [93.61679980240896, 26.565844559062082], [93.61103053419345, 26.577481981080858], [93.58983956410198, 26.570630754169752], [93.58991104933733, 26.59978154300502], [93.55549126289476, 26.611063673399087]]]}}, {"type": "Feature", "properties": {"dtname": "West Karbi Anglong", "stname": "Assam", "stcode11": "18", "dtcode11": "759", "dist_lgd": 710, "state_lgd": 18, "year_stat": "2016_c", "incidents": 0, "riskLevel": "low", "riskScore": 15}, "geometry": {"type": "Polygon", "coordinates": [[[92.5226999630001, 26.15157198767326], [92.48664426627171, 26.149497479318786], [92.44143072941367, 26.095595164597537], [92.41312633116726, 26.115588766010234], [92.36288575370733, 26.077581956317662], [92.35961998688238, 26.091612929810395], [92.29447454695699, 26.081958690176243], [92.2645610001354, 26.058368115002896], [92.26346548668013, 26.03312972104592], [92.164210999247, 25.97027591829819], [92.15448479503708, 25.911209168079594], [92.2255618979201, 25.909168656006816], [92.17724400442572, 25.872749794036924], [92.15109996909766, 25.816638807183086], [92.16270906100772, 25.740856933677694], [92.14424688259355, 25.716813497077183], [92.1561477185618, 25.672183135376326], [92.1701956681963, 25.667128952320816], [92.22503433711671, 25.716089602901388], [92.3335103561314, 25.724115856718676], [92.38431803643694, 25.754462802732053], [92.38177800685196, 25.74204400434445], [92.40662072738809, 25.74459965468159], [92.44429108205928, 25.719695295616546], [92.4406483381237, 25.691601331900753], [92.47033345863987, 25.67515160002741], [92.50562970076246, 25.61631135161456], [92.55416738326079, 25.61480362624774], [92.55672592173389, 25.570961312605036], [92.58448028782004, 25.55035853733814], [92.64898002141413, 25.592093300340878], [92.66503691214608, 25.572634391078605], [92.69665505983, 25.599374178399795], [92.72004405470813, 25.588586961119713], [92.74947808801757, 25.599130699614825], [92.78928659655837, 25.6587324717555], [92.77640631755435, 25.677986830907575], [92.82115752656995, 25.716967746879828], [92.82061169223702, 25.741145613980077], [92.9243187826821, 25.773260088664568], [92.92863084606452, 25.806782398223547], [92.96622156688242, 25.81772264377425], [92.95640167557491, 25.803468893925118], [92.98326329593169, 25.78028945189906], [92.98087908092936, 25.808703666221156], [93.00601054515063, 25.826730426131054], [93.00324055673437, 25.786505384109972], [93.01863118498638, 25.80128553663203], [93.05763794084788, 25.77239317964883], [93.0737578726515, 25.779189508886738], [92.98200411392322, 25.875552147664973], [92.8694553867352, 25.86801041188421], [92.84747460526951, 25.904231948872617], [92.85488900228226, 25.924662411273736], [92.8004911968589, 25.91863771568094], [92.78982586779982, 25.9386227353125], [92.80603764605304, 25.958230922328646], [92.77547295360111, 25.948191021057482], [92.76196691805167, 25.962015919160383], [92.77048136680853, 25.989782101322447], [92.75909356768219, 25.991079589669308], [92.77912846259689, 25.995942421665646], [92.75708927536635, 26.00270689928967], [92.78262428616942, 26.009933911726076], [92.75869017830554, 26.01462756139982], [92.74789385331849, 26.06162529460391], [92.71735513205974, 26.058298437087952], [92.71330922063139, 26.018061478218485], [92.66693849199063, 26.02845057170627], [92.65475886656891, 25.99969448436181], [92.58802551783492, 25.96377125698302], [92.55132107577462, 25.966047614617732], [92.566226325414, 26.01072431710303], [92.5937886101328, 26.021475153626785], [92.57949757728078, 26.03327745694533], [92.59568475337328, 26.08076058297137], [92.57053365197991, 26.116681630736444], [92.53638045137768, 26.09646281431245], [92.51965562909608, 26.102430835031814], [92.5226999630001, 26.15157198767326]]]}}, {"type": "Feature", "properties": {"dtname": "Imphal East", "stname": "Manipur", "stcode11": "14", "dtcode11": "278", "dist_lgd": 255, "state_lgd": 14, "year_stat": "2011_c", "incidents": 3, "riskLevel": "low", "riskScore": 37}, "geometry": {"type": "Polygon", "coordinates": [[[94.02918034127838, 25.020489697221116], [94.0304698351395, 25.05030434959475], [94.01259172874666, 25.032554365862175], [94.01720251070714, 25.006844895852584], [93.99673098156377, 25.000530049249903], [94.01935746486915, 24.99760352934723], [94.01214740493914, 24.951175118931054], [93.99083764702435, 24.943326729836983], [93.95295110559353, 24.961162612847826], [93.98211345242844, 24.93409994234376], [93.97851289517523, 24.917150080851243], [93.95135444899067, 24.938503658694145], [93.9612354706533, 24.92960607722535], [93.94656821258049, 24.91184091699096], [93.95975487997843, 24.91658294202294], [93.94342063889412, 24.896766891353085], [93.91062987355745, 24.900736654019024], [93.915202478915, 24.910370471829957], [93.89783571783636, 24.90242888825199], [93.91785720270049, 24.882304114055753], [93.8953225299121, 24.853036125265536], [93.94252517126947, 24.832679256901063], [93.93107528598057, 24.7494983780349], [93.96355831095877, 24.693614663930287], [93.95687497100909, 24.673423192260742], [94.00037053198851, 24.68790317283024], [93.99501741012502, 24.666833491106054], [94.00948846535998, 24.654521558375937], [94.02939072671793, 24.677829101338027], [94.08254712419904, 24.687598157084896], [94.07487605695002, 24.70749315801231], [94.05950761618723, 24.692353720304258], [94.06168388826929, 24.738773408403087], [94.09280399558662, 24.850205900625458], [94.14174018242309, 24.918734729652254], [94.12908207475515, 24.93904422369612], [94.09182540056052, 24.88989482932843], [94.06182771842772, 24.88296951913043], [94.06515637001748, 24.940947406901977], [94.05020617586783, 24.942716802039204], [94.06144201238743, 24.951521234599237], [94.04372902892024, 24.9578116208525], [94.04507656383015, 24.973423315896454], [94.0308166809589, 24.966757246316504], [94.04701405742148, 24.996858643345288], [94.02868398255804, 25.003831825370483], [94.04554479001077, 25.01260653028075], [94.02918034127838, 25.020489697221116]]]}}, {"type": "Feature", "properties": {"dtname": "Jiribam", "stname": "Manipur", "stcode11": "14", "dtcode11": "766", "dist_lgd": 713, "state_lgd": 14, "year_stat": "2016_c", "incidents": 1, "riskLevel": "low", "riskScore": 29}, "geometry": {"type": "Polygon", "coordinates": [[[93.238733691074, 24.84165628270438], [93.19472265342834, 24.85360560189309], [93.19695397966086, 24.811358870670556], [93.17615089671918, 24.79384897892034], [93.14899284220009, 24.78745515377679], [93.13856740194944, 24.80999451133041], [93.10942868080647, 24.811475012313366], [93.10776046620475, 24.741441483782275], [93.07354684042492, 24.707805708027895], [93.10425789358945, 24.67535286021176], [93.07115128059888, 24.60064229164043], [93.10436159600418, 24.58238201506971], [93.07909411606911, 24.572416038310884], [93.0806505452152, 24.56228526719635], [93.14820331289687, 24.559462489979992], [93.15616425840322, 24.59128276684657], [93.11781162429058, 24.610262420209338], [93.17066456188556, 24.780203089016855], [93.20332611894167, 24.79952499198279], [93.22688360183447, 24.793671115880706], [93.238733691074, 24.84165628270438]]]}}, {"type": "Feature", "properties": {"dtname": "Anjaw", "stname": "Arunachal Pradesh", "stcode11": "12", "dtcode11": "260", "dist_lgd": 628, "state_lgd": 12, "year_stat": "2011_c", "incidents": 3, "riskLevel": "low", "riskScore": 37}, "geometry": {"type": "Polygon", "coordinates": [[[96.64113604668097, 28.457785323813752], [96.57074762283744, 28.452324111258374], [96.50537921027875, 28.410981003858367], [96.45712775797942, 28.41381567182327], [96.38061083502816, 28.27499164074316], [96.30597235940459, 28.25393893287428], [96.33887229699775, 28.19674583298056], [96.32929988256785, 28.13223265031495], [96.27473374094508, 28.073466870844612], [96.32648848181701, 28.013706314869403], [96.39048176142362, 27.98967742710568], [96.40774486410494, 27.967585844155607], [96.40349563338508, 27.98336109325288], [96.42766247407785, 27.997962750289933], [96.4773163833853, 28.00054941825846], [96.59581261981252, 27.951777546692014], [96.58826011580798, 27.91191422369353], [96.66241811672205, 27.866530009080385], [96.68110461703907, 27.829836995338276], [96.71229635422054, 27.820973580044353], [96.71909612122099, 27.784225568173998], [96.70145220292777, 27.776811278140514], [96.71051433025885, 27.765702035326782], [96.69631898684916, 27.74486112809515], [96.71644549375317, 27.7041236898252], [96.7055770178791, 27.650665716382036], [96.76838145625894, 27.616137770054962], [96.7826984755755, 27.642465232379745], [96.90711109192245, 27.616430483946463], [96.94172480756687, 27.660740696222117], [96.98305687320259, 27.664282154152204], [97.03616235507165, 27.742387049112537], [97.09384709072974, 27.740088464800188], [97.10399842803777, 27.769748690115392], [97.249021188068, 27.89929711870119], [97.30899593869273, 27.914991129114068], [97.37359001605293, 27.88017707199475], [97.37297955242687, 27.968028879916652], [97.41289651367362, 28.014836540714118], [97.37568260108311, 28.040156117313657], [97.38094594621542, 28.059273308883306], [97.32577652209898, 28.052698394347818], [97.31043207982901, 28.07451657401118], [97.34724293002962, 28.110487091627185], [97.32790054367253, 28.150209829682463], [97.36384640608605, 28.189089455331782], [97.40280865761176, 28.18187367676689], [97.3783683571701, 28.21778995898193], [97.22670620277385, 28.284629583354036], [97.17110345382224, 28.285668986666497], [97.10569414096865, 28.346958369731123], [97.07530583811268, 28.349614236310487], [96.98761189224179, 28.303325288111385], [96.92584325989355, 28.336852247819827], [96.88967062766805, 28.378485620959324], [96.83453698165273, 28.360719961230846], [96.7769192504334, 28.364811266033968], [96.74084618118576, 28.413813016301503], [96.64113604668097, 28.457785323813752]]]}}, {"type": "Feature", "properties": {"dtname": "Changlang", "stname": "Arunachal Pradesh", "stcode11": "12", "dtcode11": "253", "dist_lgd": 229, "state_lgd": 12, "year_stat": "2011_c", "incidents": 1, "riskLevel": "low", "riskScore": 29}, "geometry": {"type": "Polygon", "coordinates": [[[96.76838145625894, 27.616137770054962], [96.70000477266329, 27.660455343653148], [96.64084229309148, 27.627880211603472], [96.5820942045636, 27.65605746416065], [96.51916213085327, 27.636613662391735], [96.41295086438281, 27.651241736344343], [96.36841568402336, 27.642398536316822], [96.32772589674782, 27.579229074103342], [96.28897717296856, 27.555436790384704], [96.22482806530455, 27.568165966066513], [96.12579212540363, 27.61956929027271], [96.06153021988266, 27.60634239680333], [96.00191072241006, 27.556664646343613], [95.87581458955884, 27.546523627824303], [95.88685416485012, 27.49708183718777], [95.84450664541389, 27.421584482894307], [95.86014344529141, 27.408014047087637], [95.88321610023888, 27.435318301011037], [95.8857257712588, 27.398154908648817], [95.90797596286814, 27.434348952728122], [95.94130967804733, 27.437292475222325], [95.95474940175914, 27.41961978232346], [95.96935466619588, 27.427886139270036], [96.0177539317837, 27.36491912086091], [95.98920505613438, 27.356495524945345], [95.9600407410907, 27.3109508146452], [95.89721345226495, 27.28216372198025], [95.89243147656417, 27.255284082016036], [95.85642912359395, 27.27105944093795], [95.85930533958921, 27.287220901754583], [95.8051575631572, 27.272952190340664], [95.80088802422368, 27.284267141150153], [95.63390688491432, 27.23031240229667], [95.64793491979725, 27.159483339192374], [95.60599649493804, 27.122742663930683], [95.64304981660352, 27.08894287873592], [95.65161335200244, 27.05426701726789], [95.61423765821918, 26.982206952736767], [95.64753799110414, 26.961524790220473], [95.66343398189056, 26.974479831227256], [95.69511223315517, 26.892555294928236], [95.68717257412781, 26.895981937694], [95.68291394164015, 26.895798992341668], [95.71636814335689, 26.878460009295374], [95.74490551158738, 26.896329939626405], [95.75500085241218, 26.953844933867558], [95.8020304890256, 27.014500649687943], [95.87007918693124, 27.012702856338212], [95.94595616534544, 27.051647812066925], [96.02296144033286, 27.180081742229728], [96.09061364343167, 27.223325658038384], [96.18528886539772, 27.24890664575394], [96.22799468686817, 27.278683362679455], [96.27144933138308, 27.27165899580152], [96.30629740311208, 27.29414629817227], [96.38683882524856, 27.284631882180808], [96.4574470336044, 27.30658480163748], [96.52385143365443, 27.28654589131788], [96.55121961579658, 27.31845644212474], [96.59571910159819, 27.333866878938768], [96.60611997382416, 27.365806876099622], [96.69748682726126, 27.35765872372526], [96.70449724470423, 27.372102915206536], [96.79646809030406, 27.345742934395464], [96.8479842386365, 27.290278773689174], [96.84704711703044, 27.271098077125828], [96.88491003995581, 27.259444551982273], [96.88523367330829, 27.226467600662378], [96.85485316962558, 27.210357783377894], [96.85747536002476, 27.19232198706706], [96.90107583614457, 27.168730064398158], [96.98483234575092, 27.1542984618443], [97.03027090429943, 27.131549284826733], [97.06343882191824, 27.091454844847245], [97.10034507499866, 27.108358633878417], [97.13851801012186, 27.091046670272505], [97.16385422465089, 27.142239812827277], [97.09047581677468, 27.21361801911547], [97.0885076430215, 27.238212265190057], [97.02826671439153, 27.30794383868493], [96.99810643898894, 27.318978624997886], [96.96212553329617, 27.373115275278614], [96.96230620516107, 27.401649120094532], [96.90324408177955, 27.452726053381525], [96.92982282355169, 27.524182275326513], [96.91300766758339, 27.543882528140646], [96.91223114858043, 27.580533170635203], [96.89671205585292, 27.58150370176985], [96.9001581810307, 27.61466111323919], [96.7826984755755, 27.642465232379745], [96.76838145625894, 27.616137770054962]]]}}, {"type": "Feature", "properties": {"dtname": "Dibang Valley", "stname": "Arunachal Pradesh", "stcode11": "12", "dtcode11": "257", "dist_lgd": 230, "state_lgd": 12, "year_stat": "2011_c", "incidents": 5, "riskLevel": "moderate", "riskScore": 55}, "geometry": {"type": "Polygon", "coordinates": [[[96.176499643555, 29.34515355720888], [96.06731613657534, 29.46594731388326], [95.94180874967985, 29.387651265195302], [95.86174617630219, 29.395118328911767], [95.83098907639452, 29.358829566858017], [95.78212686312675, 29.341388008291922], [95.77688063179892, 29.361652364859058], [95.65983389625288, 29.271568345359057], [95.61926347801061, 29.24969854676449], [95.58302965164958, 29.26061448728699], [95.5722022701065, 29.222806300898654], [95.5269326002213, 29.215656529218386], [95.53071713693629, 29.130485189214724], [95.48098983257518, 29.143074131243843], [95.4772270126322, 29.087080156245793], [95.44029687334836, 29.036600408768376], [95.3987259277123, 29.031188769295596], [95.27140337441104, 29.058742288632793], [95.27788285697835, 29.032498116172412], [95.2436011676461, 29.000724846811632], [95.25595535998207, 28.951140939124475], [95.29971249240593, 28.956656574068354], [95.32409776744318, 28.92974088761421], [95.32411690155872, 28.843324185309562], [95.35534792655918, 28.82316718503577], [95.3893033819162, 28.74127049563809], [95.35083150543275, 28.70437035574528], [95.38184224555921, 28.570284003620024], [95.40087013982019, 28.56770808363917], [95.40811862159323, 28.54663221508713], [95.45078942942885, 28.55472658835042], [95.52155750556594, 28.51810347785623], [95.52329028657871, 28.503640422810076], [95.56058933071209, 28.50515155089382], [95.58914458709484, 28.48464831928702], [95.56369159157887, 28.40612419168033], [95.58617424023423, 28.373294086365483], [95.67901696280109, 28.37058555526316], [95.69435003509449, 28.34300584031474], [95.79587586331614, 28.315627671388686], [95.83299545459843, 28.27470094123846], [95.88047651171013, 28.314845884746465], [95.84113569664899, 28.347516499672665], [95.84503255780878, 28.380202796048742], [95.99776525519036, 28.507791858033045], [96.11625799267955, 28.489007096813044], [96.12745707912092, 28.510574178922855], [96.16798795621932, 28.513276998345336], [96.17071615231359, 28.53425724761722], [96.21527631122783, 28.52036986330376], [96.23526113494691, 28.496198192364233], [96.29393208514134, 28.497957098306628], [96.31028214555778, 28.47064550134272], [96.32444879587896, 28.48988639269014], [96.31857799378184, 28.525961517638166], [96.34475466400586, 28.554007608820744], [96.40001365015611, 28.559277184326803], [96.40202919566752, 28.580945508621415], [96.42484440962423, 28.582108082646158], [96.4873178152286, 28.633411907944193], [96.47063085693617, 28.678846286747007], [96.57537053115597, 28.70913502396325], [96.60423968315351, 28.744425976872687], [96.60898542530734, 28.77983230474116], [96.52608511616795, 28.88246050807312], [96.50938421242908, 28.96636532761747], [96.48122222859622, 28.95851572214653], [96.46467360367106, 28.983135330946517], [96.51358479668137, 29.07395831132101], [96.42314199256634, 29.03751021579547], [96.32690615710162, 29.02801835779034], [96.22017167677538, 28.929772880380256], [96.16087188522084, 28.897834157117156], [96.13489786504344, 28.935233042807518], [96.1422919771988, 28.956672648828906], [96.17179659114012, 28.969786741206843], [96.17147461967095, 28.9991912801001], [96.14093220543805, 29.05828007177627], [96.10205941623319, 29.078994947120446], [96.17359182123481, 29.09921750598815], [96.21051508032187, 29.14809203520858], [96.24495311603944, 29.16576349474689], [96.34201237424307, 29.178382369199415], [96.38083135076916, 29.254607531926865], [96.35430451904402, 29.292053315011], [96.28956722237974, 29.24463417966385], [96.23548460165361, 29.24189199937016], [96.179919032175, 29.307510527669464], [96.176499643555, 29.34515355720888]]]}}, {"type": "Feature", "properties": {"dtname": "Peren", "stname": "Nagaland", "stcode11": "13", "dtcode11": "271", "dist_lgd": 613, "state_lgd": 13, "year_stat": "2011_c", "incidents": 0, "riskLevel": "low", "riskScore": 15}, "geometry": {"type": "Polygon", "coordinates": [[[93.59081974914614, 25.665087935402155], [93.52249294540495, 25.697573479798873], [93.48257976965884, 25.644852711097418], [93.42653190009405, 25.63194804132389], [93.3587160814427, 25.554632197129514], [93.32673181009335, 25.545314022328572], [93.38551363215676, 25.49039111179642], [93.39034336499304, 25.460384811361838], [93.45819314355542, 25.430984137125755], [93.47361253855773, 25.379279885769247], [93.44843410502357, 25.340635900851332], [93.47314087721952, 25.275630257146844], [93.50714389208262, 25.272133777401866], [93.50146702457725, 25.240654908392926], [93.55097751425635, 25.24695705539658], [93.60415447866585, 25.198355942133762], [93.68899485327319, 25.357783509391098], [93.71424014302411, 25.3577372778223], [93.8052089296026, 25.46158935876264], [93.80030520612966, 25.49505437531675], [93.76210212085054, 25.496001519731163], [93.76698905391254, 25.536387992704757], [93.81601623918895, 25.540402504628535], [93.83279542391833, 25.559053888352327], [93.94119145604184, 25.56799041600022], [93.86174347943889, 25.683371323357175], [93.78516797016142, 25.664255809167653], [93.73159007865746, 25.69690637936137], [93.73414209985316, 25.66094684778202], [93.71769872603825, 25.680554021710854], [93.70087494983646, 25.675012797051853], [93.68770832025926, 25.700976097701545], [93.6266639626937, 25.666820635922726], [93.59081974914614, 25.665087935402155]]]}}, {"type": "Feature", "properties": {"dtname": "East Kameng", "stname": "Arunachal Pradesh", "stcode11": "12", "dtcode11": "247", "dist_lgd": 231, "state_lgd": 12, "year_stat": "2011_c", "incidents": 3, "riskLevel": "low", "riskScore": 37}, "geometry": {"type": "Polygon", "coordinates": [[[92.826852542739, 27.16298586664634], [92.88548849995986, 27.150765396964204], [92.93637335902302, 27.17762326463648], [92.99837314765679, 27.17612769119484], [93.00526614990225, 27.191563840382376], [92.98177633530314, 27.21038232165253], [92.987143507716, 27.231439197889443], [92.96796454826529, 27.261046618350704], [93.08333056196587, 27.312010101778718], [93.1339967198849, 27.374023379373376], [93.16687956523316, 27.367887202218704], [93.20449554038862, 27.390010120181483], [93.22111597573932, 27.377921022930604], [93.21077226870477, 27.35110328384775], [93.2909132389556, 27.323834261362524], [93.37194370393274, 27.371290071695697], [93.3727558986289, 27.38685535536589], [93.3680514708933, 27.4164324571169], [93.31505920819104, 27.4431778496725], [93.3267678073834, 27.462678306007476], [93.29462444709225, 27.52301610412749], [93.33012616356469, 27.554484809096177], [93.22998156066939, 27.60438432166203], [93.22828434306038, 27.64808973219791], [93.19477840826475, 27.676052090283207], [93.22362862108119, 27.713317094863495], [93.20311502922293, 27.729793109700765], [93.23693774681865, 27.796625004644884], [93.22177041728843, 27.830743832185767], [93.19686814114392, 27.846078614983796], [93.17454803814762, 27.82118102710255], [93.09550710167461, 27.810583683378855], [93.07262302376652, 27.828839041912904], [92.98286353844374, 27.820160510172492], [92.94495367315487, 27.844982121954377], [92.93071741777221, 27.919589853056184], [92.8597456513394, 27.956261076395858], [92.78797208820984, 27.950438905094853], [92.73261312406002, 27.979105320324376], [92.65771088689937, 27.901902982331496], [92.61531446407737, 27.894538159748677], [92.55621080888534, 27.824364230818848], [92.50335717689268, 27.85395061732833], [92.45046639596971, 27.81437321892673], [92.47049141121292, 27.784437655988437], [92.45608530776624, 27.739345073156407], [92.51212015535269, 27.721587294868204], [92.53638789302151, 27.666318438614525], [92.53913965462066, 27.610199886381835], [92.58732420219427, 27.61729771700936], [92.61277518458567, 27.593623152334295], [92.61912357600359, 27.545178126375873], [92.64438458717028, 27.539011842160143], [92.65377174832739, 27.490768934052134], [92.69749098442266, 27.451376793321625], [92.73638308021962, 27.46658407967605], [92.75439387855972, 27.445721037833064], [92.80181180297156, 27.448563549126316], [92.80518324940314, 27.428604951231186], [92.84201797502737, 27.463003957959867], [92.92387143334874, 27.415414737775887], [92.90353893915682, 27.39126320895119], [92.92733354943687, 27.304412882344618], [92.89937488220059, 27.268720966808218], [92.89996974658176, 27.22291634271603], [92.826852542739, 27.16298586664634]]]}}, {"type": "Feature", "properties": {"dtname": "Ukhrul", "stname": "Manipur", "stcode11": "14", "dtcode11": "279", "dist_lgd": 260, "state_lgd": 14, "year_stat": "2011_c", "incidents": 9, "riskLevel": "moderate", "riskScore": 63}, "geometry": {"type": "Polygon", "coordinates": [[[94.57272053867621, 25.642722200641863], [94.59245252616866, 25.681285010158344], [94.56856907699859, 25.69209024318265], [94.46690054600415, 25.58299523459842], [94.41882988684226, 25.46688447711852], [94.38267988587364, 25.42157825035833], [94.37728920544812, 25.357733614331774], [94.32303407405145, 25.27883552533044], [94.12845603164713, 25.112582188353066], [94.11754505827362, 25.069627689257782], [94.14640282681987, 25.03546376230656], [94.14567636284288, 25.00097437059541], [94.17295229159859, 24.941267595218147], [94.16252193935996, 24.911721953647987], [94.31801990361264, 24.884515368732373], [94.3473365720302, 24.93676096896573], [94.39309080036618, 24.950011850823305], [94.40585299313115, 24.99383906031979], [94.4519742560242, 24.98889811159326], [94.46172311933887, 25.047771076219863], [94.4809481578721, 25.057823375755092], [94.52248611018439, 25.044113781688395], [94.54668390412688, 25.064474570922872], [94.55664892904835, 25.048660343781588], [94.58045035484649, 25.062953780210474], [94.60409866100775, 25.054695834754764], [94.6477933021289, 25.064898796229826], [94.66403305661503, 25.092550604047634], [94.69476379725731, 25.10288878637489], [94.74338503475516, 25.07558576788945], [94.73660614639856, 25.134778900257135], [94.60583305988641, 25.181291412681933], [94.57564007143444, 25.214123768959603], [94.58479409013087, 25.266544446275578], [94.63455309064847, 25.357923015754043], [94.6346024575649, 25.395006475102665], [94.6670982080774, 25.414644398992202], [94.68027829801085, 25.454012325598033], [94.62813305678998, 25.45976032381049], [94.55274040326461, 25.50709393715373], [94.55113922544093, 25.580197491990504], [94.5906396549584, 25.638194828133305], [94.57272053867621, 25.642722200641863]]]}}, {"type": "Feature", "properties": {"dtname": "Meluri", "stname": "Nagaland", "stcode11": "13", "dtcode11": "847", "dist_lgd": 788, "state_lgd": 13, "year_stat": "2025", "incidents": 2, "riskLevel": "low", "riskScore": 33}, "geometry": {"type": "Polygon", "coordinates": [[[94.42851419362732, 25.588589475192762], [94.46962383819533, 25.616248729807705], [94.50091091717115, 25.611522539188808], [94.56856907699859, 25.69209024318265], [94.59113192005601, 25.685660540299835], [94.57156495128459, 25.639093276216297], [94.5906396549584, 25.638194828133305], [94.55113922544093, 25.580197491990504], [94.55274040326461, 25.50709393715373], [94.66108191663353, 25.449408324392692], [94.7514205583964, 25.49388967895274], [94.78345043092449, 25.480400542850834], [94.80799317703779, 25.49329397303125], [94.84592230759624, 25.5619383462388], [94.89850393241582, 25.565327647226066], [94.85158937178691, 25.6102319616378], [94.85660139255727, 25.717408236817406], [94.81924982303096, 25.76371121760417], [94.75544257643483, 25.782313049350503], [94.71795150303646, 25.72179647276624], [94.71290902039483, 25.75947198365645], [94.60683167476692, 25.778598219386968], [94.55972256959022, 25.732034601224544], [94.52662829136679, 25.74633205575894], [94.5422933019375, 25.811334189384404], [94.49428157764812, 25.83168876674716], [94.45329705222956, 25.658828181186585], [94.42358708610921, 25.609756734584177], [94.42851419362732, 25.588589475192762]]]}}, {"type": "Feature", "properties": {"dtname": "Kurung Kumey", "stname": "Arunachal Pradesh", "stcode11": "12", "dtcode11": "256", "dist_lgd": 233, "state_lgd": 12, "year_stat": "2011_c", "incidents": 2, "riskLevel": "low", "riskScore": 33}, "geometry": {"type": "Polygon", "coordinates": [[[93.28824227632468, 28.348106068386745], [93.2828751317596, 28.364757943689515], [93.25980017532838, 28.3669949193783], [93.20649204970086, 28.32155256576638], [93.1221713001797, 28.32837661329923], [93.09051995525448, 28.305868604353254], [93.02234264734626, 28.31038581766961], [93.02826955192779, 28.268694272719024], [92.9972984230138, 28.229427664048252], [92.96270561475932, 28.25855730062789], [92.85263302717664, 28.182600964951668], [92.82558213897602, 28.179060106332813], [92.81852212285128, 28.210254671117305], [92.80603444984723, 28.20690902814482], [92.67967329422424, 28.11918619837254], [92.66653978373495, 28.063753084205327], [92.7207091691411, 28.030505160181356], [92.74243231917322, 27.992586965940067], [92.73261312406002, 27.979105320324376], [92.75800276589058, 27.95696046709049], [92.8597456513394, 27.956261076395858], [92.93071741777221, 27.919589853056184], [92.93158879707252, 27.874956049782195], [92.96688564106633, 27.82600939990602], [93.07262302376652, 27.828839041912904], [93.09550710167461, 27.810583683378855], [93.17454803814762, 27.82118102710255], [93.19120569878537, 27.84556454418511], [93.22177041728843, 27.830743832185767], [93.23693774681865, 27.796625004644884], [93.20311502922293, 27.729793109700765], [93.22362862108119, 27.713317094863495], [93.19477840826475, 27.676052090283207], [93.22828434306038, 27.64808973219791], [93.22998156066939, 27.60438432166203], [93.27194006107858, 27.594673919347123], [93.34076465994625, 27.633242036383123], [93.37896714604902, 27.62076655431978], [93.43039257531758, 27.630513249135955], [93.46810469536126, 27.604338566605513], [93.50920726839134, 27.615251780901694], [93.5475569245888, 27.597870343827605], [93.55841120438643, 27.603426579650645], [93.51468751534227, 27.65020857479655], [93.53755521067451, 27.673900071249868], [93.5323203951373, 27.721965182900572], [93.50947757056201, 27.74290444166317], [93.5922828127915, 27.833323959835383], [93.60180065726284, 27.907563142140084], [93.58466853793308, 27.905659573967952], [93.61851133916362, 27.95358567237607], [93.58799978385738, 27.977519294878842], [93.57015382457529, 28.057231239627978], [93.50590837888525, 28.069211580393095], [93.48592090693272, 28.103392782961215], [93.46022272793806, 28.11291062936643], [93.44778844989624, 28.282031812665295], [93.38627417192745, 28.306254485050662], [93.360464679991, 28.34361231938092], [93.28824227632468, 28.348106068386745]]]}}, {"type": "Feature", "properties": {"dtname": "Lohit", "stname": "Arunachal Pradesh", "stcode11": "12", "dtcode11": "259", "dist_lgd": 234, "state_lgd": 12, "year_stat": "2011_c", "incidents": 2, "riskLevel": "low", "riskScore": 33}, "geometry": {"type": "Polygon", "coordinates": [[[96.36892981501332, 28.378909746612262], [96.3072148974275, 28.38251517888981], [96.29046001392321, 28.344560495299824], [96.2382496250813, 28.299521584290105], [96.26788484418346, 28.23893160472981], [96.21552021820051, 28.23089611773344], [96.14201224541257, 28.16991182727509], [96.09741089155602, 28.191715221853652], [95.99070437937789, 28.196657096226716], [95.95995631562364, 28.114557424742884], [95.99020298560033, 28.039950675895952], [95.99127394540399, 27.97466182889036], [95.94830106288441, 27.93711512782631], [95.93774670900055, 27.89820011777977], [95.9155042545808, 27.88938761587654], [95.92508817103962, 27.881678010176085], [95.81167278340148, 27.797623228678958], [95.77429730341724, 27.73093828797125], [96.02321551803122, 27.85024420139661], [96.10959511006384, 27.84651524385399], [96.19315643013196, 27.823429440786555], [96.2086038489779, 27.712994242816407], [96.27696619725826, 27.63683789435696], [96.27038962297836, 27.60212671905765], [96.30158871466709, 27.572794142210228], [96.29258964817062, 27.556995782188167], [96.32772589674782, 27.579229074103342], [96.37277447417361, 27.644955411385116], [96.43975558994107, 27.652436492769773], [96.51916213085327, 27.636613662391735], [96.5820942045636, 27.65605746416065], [96.64084229309148, 27.627880211603472], [96.70151745744832, 27.660960330809214], [96.71647027288196, 27.703410760128374], [96.69631898684916, 27.74486112809515], [96.71051433025885, 27.765702035326782], [96.70145220292777, 27.776811278140514], [96.71909612122099, 27.784225568173998], [96.71229635422054, 27.820973580044353], [96.68110461703907, 27.829836995338276], [96.66241811672205, 27.866530009080385], [96.58826011580798, 27.91191422369353], [96.59581261981252, 27.951777546692014], [96.4773163833853, 28.00054941825846], [96.42766247407785, 27.997962750289933], [96.40349563338508, 27.98336109325288], [96.40774486410494, 27.967585844155607], [96.39048176142362, 27.98967742710568], [96.32648848181701, 28.013706314869403], [96.2752050303808, 28.071302343758642], [96.32925751712074, 28.132075853639748], [96.33701229208285, 28.17729320631299], [96.33745400358953, 28.20402232300505], [96.30597235940459, 28.25393893287428], [96.37206174184404, 28.268677472034994], [96.42460852191208, 28.340304060893295], [96.42401741967535, 28.35630431421423], [96.3954778505724, 28.335916706149156], [96.36892981501332, 28.378909746612262]]]}}, {"type": "Feature", "properties": {"dtname": "Lower Dibang Valley", "stname": "Arunachal Pradesh", "stcode11": "12", "dtcode11": "258", "dist_lgd": 235, "state_lgd": 12, "year_stat": "2011_c", "incidents": 0, "riskLevel": "low", "riskScore": 15}, "geometry": {"type": "Polygon", "coordinates": [[[95.45869631971131, 28.547341263644725], [95.41134706611305, 28.5507923369404], [95.39260311583863, 28.512231042661544], [95.33657670612767, 28.476929006735883], [95.33873990772236, 28.438941516377312], [95.3200441790124, 28.425832299670176], [95.33789732481675, 28.405949326833888], [95.3379348312765, 28.36575864399315], [95.36849627542037, 28.356625957179475], [95.38523955987769, 28.30804948099647], [95.4350285946685, 28.314528626221815], [95.46554801382672, 28.259208313238158], [95.53542219169594, 28.28617581138269], [95.56365753015827, 28.25488031500979], [95.56748177690037, 28.078480287093853], [95.55823138334699, 28.035344201758726], [95.50000267286862, 27.951811740256254], [95.51535398006399, 27.8797121152394], [95.60527847961629, 27.95461543125858], [95.98306332574083, 27.966723597252024], [95.99037483600914, 28.039175086626788], [95.95995669920427, 28.114733314999548], [95.98749189432738, 28.19268620823267], [96.09741089155602, 28.191715221853652], [96.14201224541257, 28.16991182727509], [96.21552021820051, 28.23089611773344], [96.26788484418346, 28.23893160472981], [96.2382496250813, 28.299521584290105], [96.29046001392321, 28.344560495299824], [96.3072148974275, 28.38251517888981], [96.2533894059767, 28.407040372118196], [96.36355547494279, 28.48745302929758], [96.32772459958055, 28.518538942085375], [96.31028214555778, 28.47064550134272], [96.29393208514134, 28.497957098306628], [96.23526113494691, 28.496198192364233], [96.21527631122783, 28.52036986330376], [96.17071615231359, 28.53425724761722], [96.16798795621932, 28.513276998345336], [96.12745707912092, 28.510574178922855], [96.11625799267955, 28.489007096813044], [96.00862848490316, 28.512747030048843], [95.97253581890757, 28.476551094344856], [95.92617576225241, 28.45826541312018], [95.9082861152031, 28.42326035922504], [95.86113152383196, 28.402126042606135], [95.83970734210959, 28.350644882275517], [95.88047651171013, 28.314845884746465], [95.83299545459843, 28.27470094123846], [95.79587586331614, 28.315627671388686], [95.69435003509449, 28.34300584031474], [95.67901696280109, 28.37058555526316], [95.58539233493285, 28.373768562126557], [95.56369159157887, 28.40612419168033], [95.58914458709484, 28.48464831928702], [95.56058933071209, 28.50515155089382], [95.52329028657871, 28.503640422810076], [95.52155750556594, 28.51810347785623], [95.45869631971131, 28.547341263644725]]]}}, {"type": "Feature", "properties": {"dtname": "Wokha", "stname": "Nagaland", "stcode11": "13", "dtcode11": "264", "dist_lgd": 250, "state_lgd": 13, "year_stat": "2011_c", "incidents": 3, "riskLevel": "low", "riskScore": 37}, "geometry": {"type": "Polygon", "coordinates": [[[94.29160639076733, 26.47507675814279], [94.28382133988521, 26.56139781579653], [94.18327469418784, 26.45527859280869], [94.1775812671385, 26.382012115603523], [94.16015509687689, 26.354293701914404], [94.1745558813988, 26.340460462147103], [94.10505415672448, 26.319948598176858], [94.07462336894545, 26.264379828375702], [94.04768703480816, 26.249364694946504], [94.03203289744565, 26.19753669402165], [94.00107849426395, 26.172267428362748], [93.98738784144886, 26.066786362356062], [93.9530007572759, 26.002965940195697], [93.97944800275845, 25.922363652623787], [94.0344332830214, 25.94002937168863], [94.03984634317563, 25.96275970019341], [94.08496796800704, 25.965107368619282], [94.09544532099966, 25.991487379744147], [94.11069096924965, 25.970051311933904], [94.13215661091735, 25.97050902021763], [94.1394348673505, 25.986670409829113], [94.16247666337131, 25.973218506007424], [94.21464346685394, 26.021765283143807], [94.24419079029714, 26.001853593718057], [94.31704080283501, 26.018482695643605], [94.33280440530476, 25.99819073516438], [94.36277126534185, 26.008660981818036], [94.39056812623248, 26.0840494812681], [94.38695177030837, 26.115871825715885], [94.33522734218741, 26.17843040259895], [94.37124106872739, 26.193054402368258], [94.38475067867334, 26.224005375240793], [94.33506723814925, 26.24034572926787], [94.35934970190056, 26.268921681148065], [94.3518615082872, 26.31004763031898], [94.36599441159811, 26.33674401378978], [94.34347754072367, 26.331527684721614], [94.35853301832296, 26.356979322607735], [94.29873162637833, 26.43443997308029], [94.31557539458676, 26.45822598576131], [94.29160639076733, 26.47507675814279]]]}}, {"type": "Feature", "properties": {"dtname": "Papum Pare", "stname": "Arunachal Pradesh", "stcode11": "12", "dtcode11": "248", "dist_lgd": 237, "state_lgd": 12, "year_stat": "2011_c", "incidents": 9, "riskLevel": "moderate", "riskScore": 63}, "geometry": {"type": "Polygon", "coordinates": [[[93.34359489567363, 27.631506201963123], [93.26952973744082, 27.595169131902495], [93.33012616356469, 27.554484809096177], [93.29462444709225, 27.52301610412749], [93.3267678073834, 27.462678306007476], [93.31505920819104, 27.4431778496725], [93.3680514708933, 27.4164324571169], [93.37194370393274, 27.371290071695697], [93.30682075872036, 27.344343308175915], [93.2895221851617, 27.329294661188463], [93.29441998963526, 27.290476865915675], [93.2250906184263, 27.250609855803745], [93.22121835493563, 27.20354000095183], [93.27295497139836, 27.211126450752865], [93.30944897681509, 27.172283555284285], [93.21606096788766, 27.13877457032988], [93.21293909140832, 27.116587766256647], [93.3125361387986, 27.079268053608274], [93.3428436489746, 27.03816260512182], [93.34625045219742, 26.992433318139998], [93.3851764216671, 26.983492097677804], [93.3895816098018, 26.958202316335797], [93.46249008918993, 26.93788044361535], [93.66505698416321, 26.96850615533965], [93.767424570637, 27.039439081186018], [93.77087090512225, 27.062035818915582], [93.77828134595451, 27.048936728113606], [93.78118575018502, 27.065517692300997], [93.78379293063412, 27.0514538517705], [93.80022384661267, 27.057853227714947], [93.79304415063756, 27.06827771288743], [93.79378222533964, 27.07233935523967], [93.8033586336793, 27.058057924028688], [93.8292265556351, 27.06681381939974], [93.8377744154323, 27.085371752748006], [93.82506641982508, 27.116422826165063], [93.79596978026161, 27.137645308298765], [93.99125470786133, 27.328346488704227], [94.05981417256615, 27.361537147373276], [94.08959746187492, 27.407048514332136], [94.15942434344443, 27.461617556376762], [94.15666608702577, 27.474857511871246], [94.20246188130828, 27.494467006236405], [94.20702635062429, 27.53532081934035], [94.1918666486891, 27.5440329776473], [94.0878691284211, 27.495157357392877], [93.98006190783036, 27.502970584372797], [93.92287066436856, 27.491224995169798], [93.8150385002573, 27.391545441356328], [93.84721180588852, 27.332571348659165], [93.77554968595648, 27.296252728258025], [93.74240759939366, 27.310412520164853], [93.64766264839864, 27.291471421119915], [93.58860796576259, 27.32778877967924], [93.59664740336353, 27.349248274701512], [93.57514514007663, 27.39354572369948], [93.55110871679685, 27.402008610041115], [93.572946004074, 27.43742338988477], [93.62342914462695, 27.464742179147215], [93.57049874440672, 27.47364644465635], [93.58540003786557, 27.51382795572836], [93.53348235787244, 27.57422093963587], [93.52662280709158, 27.60922392169772], [93.46810469536126, 27.604338566605513], [93.43039257531758, 27.630513249135955], [93.37896714604902, 27.62076655431978], [93.34359489567363, 27.631506201963123]]]}}, {"type": "Feature", "properties": {"dtname": "Senapati", "stname": "Manipur", "stcode11": "14", "dtcode11": "272", "dist_lgd": 257, "state_lgd": 14, "year_stat": "2011_c", "incidents": 19, "riskLevel": "high", "riskScore": 94}, "geometry": {"type": "Polygon", "coordinates": [[[94.38267988587364, 25.42157825035833], [94.48673096369895, 25.614371623705694], [94.42560327661099, 25.587413204887895], [94.41581708380471, 25.537332818691223], [94.30913978843286, 25.48935178231398], [94.28241048542583, 25.506673606901984], [94.21059155378119, 25.495364302112524], [94.18653221358014, 25.52597856210784], [94.19070790641426, 25.54763322307084], [94.15600749256512, 25.550537834151072], [94.13460048573265, 25.519015997128943], [94.08804909241351, 25.52815362431595], [94.08192379310483, 25.55518634108333], [94.01085632105998, 25.59176569328276], [94.0065036771829, 25.56693478490362], [93.96135122486585, 25.55229493877234], [93.83279542391833, 25.559053888352327], [93.81601623918895, 25.540402504628535], [93.76698905391254, 25.536387992704757], [93.76061175920036, 25.511595161606184], [93.76566010604412, 25.492859997272664], [93.78474704836538, 25.502548901643465], [93.80386083144897, 25.49156999082147], [93.8052089296026, 25.46158935876264], [93.81913594893184, 25.461044122976567], [93.83006682178555, 25.42738523959823], [93.88602682174249, 25.42325380232382], [93.91347478057007, 25.40460162376402], [93.91985483490684, 25.38655191437214], [93.88642430469615, 25.334542762656756], [93.91773853435316, 25.32879820114757], [93.93753164142093, 25.30209198423237], [93.96365783980067, 25.323184234820808], [93.98372630206259, 25.311651864823254], [93.98147840370969, 25.276060843930463], [94.01155912341238, 25.2606015861537], [93.99934264999604, 25.201311414042856], [94.04790496699441, 25.1644844571807], [94.08398474665724, 25.165491906948763], [94.13971330466438, 25.17763287276905], [94.15580062223327, 25.19513820997186], [94.21252355058125, 25.17864334217219], [94.31181439283391, 25.265438200682333], [94.37728920544812, 25.357733614331774], [94.38267988587364, 25.42157825035833]]]}}, {"type": "Feature", "properties": {"dtname": "Tamenglong", "stname": "Manipur", "stcode11": "14", "dtcode11": "273", "dist_lgd": 258, "state_lgd": 14, "year_stat": "2011_c", "incidents": 13, "riskLevel": "moderate", "riskScore": 71}, "geometry": {"type": "Polygon", "coordinates": [[[93.80861814839524, 25.459537298361276], [93.71424014302411, 25.3577372778223], [93.68899485327319, 25.357783509391098], [93.60415447866585, 25.198355942133762], [93.55097751425635, 25.24695705539658], [93.50146702457725, 25.240654908392926], [93.50714389208262, 25.272133777401866], [93.47314087721952, 25.275630257146844], [93.4705555500863, 25.30505046226011], [93.39366166709242, 25.254740938285384], [93.34587005520046, 25.169808384722494], [93.33237064292963, 25.09351872331333], [93.2999572472674, 25.04603935364143], [93.2642049493397, 25.04936186507792], [93.2438827938584, 25.018286081257333], [93.26300557626453, 24.961335798064688], [93.23681458599656, 24.937163002747823], [93.2488367726816, 24.91484602505106], [93.20719017183063, 24.85512263384309], [93.238733691074, 24.84165628270438], [93.22688360183447, 24.793671115880706], [93.17593653264124, 24.787848433133316], [93.15422713042625, 24.71232565185365], [93.20671989659287, 24.721045556981508], [93.20047243988027, 24.70362051867074], [93.22207836515771, 24.704374016185685], [93.22925314465328, 24.680493041771427], [93.28221281557872, 24.669219850594448], [93.29510159444193, 24.705672140795752], [93.31084442157412, 24.699390324342275], [93.33662885859896, 24.72453668935846], [93.31801129409851, 24.733333207770574], [93.33377392998102, 24.749674621366772], [93.32519441355318, 24.763496586994133], [93.35527436699296, 24.76349604617821], [93.35960324324424, 24.816285539315068], [93.3954225590854, 24.808735332622174], [93.39817328672362, 24.83917632987495], [93.42154327414868, 24.845502259196994], [93.46139589356314, 24.84514589205831], [93.55160863913392, 24.80734453614595], [93.58529454690512, 24.846460364142064], [93.63789638471692, 24.793365345803537], [93.72050236714166, 24.825898339855545], [93.73331207270031, 24.85473481568421], [93.70248707902178, 24.911369970903113], [93.79766301563897, 24.970489051254244], [93.75922891331322, 25.065128762935505], [93.76764877126729, 25.084777229743448], [93.79802372336152, 25.080925297656176], [93.77571518617452, 25.153525122111386], [93.8272415142158, 25.22139709106387], [93.95527880758132, 25.290107256366227], [93.91773853435316, 25.32879820114757], [93.88642430469615, 25.334542762656756], [93.91985483490684, 25.38655191437214], [93.91347478057007, 25.40460162376402], [93.88602682174249, 25.42325380232382], [93.83006682178555, 25.42738523959823], [93.80861814839524, 25.459537298361276]]]}}, {"type": "Feature", "properties": {"dtname": "Tawang", "stname": "Arunachal Pradesh", "stcode11": "12", "dtcode11": "245", "dist_lgd": 238, "state_lgd": 12, "year_stat": "2011_c", "incidents": 4, "riskLevel": "low", "riskScore": 41}, "geometry": {"type": "Polygon", "coordinates": [[[92.31277332002435, 27.788488548252417], [92.27754015131283, 27.869092549209398], [92.21866064285216, 27.869514902347227], [92.0514279222626, 27.763932939090058], [91.99352554457415, 27.771182324914697], [91.92770463803043, 27.722594229987394], [91.88828756228985, 27.726213078974006], [91.8590089797454, 27.74259763313673], [91.8241463085964, 27.81448423104462], [91.76130681975081, 27.79995771680743], [91.70983112255557, 27.807973329196024], [91.66317784141866, 27.85295323676491], [91.57553729859477, 27.864293343243897], [91.56988803092817, 27.848014171725787], [91.55359236889205, 27.8513603697696], [91.56597693955597, 27.81861469564666], [91.61464458581803, 27.821850008611438], [91.64540461243688, 27.763376736090063], [91.62854768480788, 27.6994269972166], [91.56406937872825, 27.641402872391527], [91.58437425242009, 27.60822253902896], [91.56603236740563, 27.58389767438945], [91.65245214467416, 27.48304127224493], [91.69505915685325, 27.505327665068997], [91.71462317915052, 27.47453934768585], [91.76697176032415, 27.464755437616915], [91.82525392235856, 27.46785277616782], [91.84860474602361, 27.486456289644174], [91.9533699800082, 27.460032310171847], [92.01630977833167, 27.480772135708307], [92.02186084756127, 27.450099512166023], [92.02595902387118, 27.4697813213309], [92.1087860780941, 27.50331994765727], [92.16834078367852, 27.57279687984748], [92.20945819867367, 27.56089857263026], [92.23078446492843, 27.572817558641564], [92.21821980810121, 27.618208954114625], [92.24413126331397, 27.639659273863224], [92.24407597200826, 27.668149635929687], [92.28904597379612, 27.652785275338513], [92.38910016664799, 27.672256235260985], [92.41445847344478, 27.746451809857657], [92.46189185157445, 27.74225603375929], [92.47054827636704, 27.78354658667367], [92.42301850900738, 27.830682963062795], [92.38976450942816, 27.821429640333122], [92.38510007109574, 27.800629718307544], [92.31277332002435, 27.788488548252417]]]}}, {"type": "Feature", "properties": {"dtname": "Thoubal", "stname": "Manipur", "stcode11": "14", "dtcode11": "276", "dist_lgd": 259, "state_lgd": 14, "year_stat": "2011_c", "incidents": 2, "riskLevel": "low", "riskScore": 33}, "geometry": {"type": "Polygon", "coordinates": [[[94.11438100229844, 24.696699789604953], [94.12616336036216, 24.72363296624891], [94.10861474793067, 24.700537093797738], [94.02939072671793, 24.677829101338027], [94.00954212532517, 24.65451929769656], [93.99501741012502, 24.666833491106054], [94.00037053198851, 24.68790317283024], [93.95687497100909, 24.673423192260742], [93.96355831095877, 24.693614663930287], [93.94089588785548, 24.718265256092167], [93.90359436796521, 24.7003854963611], [93.90199076199536, 24.675026241658472], [93.93196913484107, 24.66228031910836], [93.93185813271637, 24.645824359000308], [93.88868940488844, 24.61457384123212], [93.91011630221794, 24.606938282675806], [93.8985224394469, 24.55756282538776], [93.94560246975114, 24.525375482036186], [93.96490443731034, 24.5641221886867], [93.98209629011492, 24.552763799773754], [93.96606615570377, 24.543014792711205], [94.00747197661757, 24.52445741318], [94.03753992856512, 24.522261916682027], [94.03763549314166, 24.538364537624684], [94.05561084935054, 24.530744560055393], [94.05474541420246, 24.512896043358317], [94.08613329672959, 24.5181173181346], [94.07091199821373, 24.563641542104293], [94.09907531694309, 24.55992206718201], [94.10291869869906, 24.569964045054384], [94.10423728899222, 24.58398318727837], [94.09755325913638, 24.574365175207248], [94.08952257831284, 24.59567324901999], [94.1087664221782, 24.599329345930805], [94.09244379092063, 24.60441127863315], [94.10355957119576, 24.648307011615973], [94.11313745456916, 24.62453012469093], [94.11915753600523, 24.62871480117292], [94.09816621289238, 24.669423124344206], [94.12854866591925, 24.689281804096204], [94.11438100229844, 24.696699789604953]]]}}, {"type": "Feature", "properties": {"dtname": "Tirap", "stname": "Arunachal Pradesh", "stcode11": "12", "dtcode11": "254", "dist_lgd": 239, "state_lgd": 12, "year_stat": "2011_c", "incidents": 1, "riskLevel": "low", "riskScore": 29}, "geometry": {"type": "Polygon", "coordinates": [[[95.53498644590108, 27.261677322928342], [95.50881036317524, 27.261874704347818], [95.4581294387496, 27.20978009898317], [95.45681301698951, 27.135456372323098], [95.38382855719631, 27.104808853347397], [95.38882543596424, 27.04474906083392], [95.36021107402904, 27.032672388965302], [95.37716607792412, 27.008819199874438], [95.36812412495772, 26.935531800736946], [95.37906964663873, 26.91268897580496], [95.44042999738527, 26.867181784328697], [95.5048208803198, 26.876692050315718], [95.49647225337785, 26.817843660314022], [95.50565059126565, 26.79963538779775], [95.54312732934874, 26.835375974702348], [95.60848871618359, 26.812858823737763], [95.63187553893538, 26.87363138614678], [95.66699781870992, 26.90286226476619], [95.69511223315517, 26.892555294928236], [95.66343398189056, 26.974479831227256], [95.64753799110414, 26.961524790220473], [95.61423765821918, 26.982206952736767], [95.65161335200244, 27.05426701726789], [95.64304981660352, 27.08894287873592], [95.60599649493804, 27.122742663930683], [95.64793491979725, 27.159483339192374], [95.63389310565617, 27.23038016818852], [95.5875730734385, 27.222940949318904], [95.53498644590108, 27.261677322928342]]]}}, {"type": "Feature", "properties": {"dtname": "Kamjong", "stname": "Manipur", "stcode11": "14", "dtcode11": "770", "dist_lgd": 717, "state_lgd": 14, "year_stat": "2016_c", "incidents": 3, "riskLevel": "low", "riskScore": 37}, "geometry": {"type": "Polygon", "coordinates": [[[94.74338503475516, 25.07558576788945], [94.66707879997573, 25.09482754029891], [94.6477933021289, 25.064898796229826], [94.60409866100775, 25.054695834754764], [94.58045035484649, 25.062953780210474], [94.55664892904835, 25.048660343781588], [94.54668390412688, 25.064474570922872], [94.52626104840056, 25.04409410830715], [94.50940519785158, 25.0567404567874], [94.46172311933887, 25.047771076219863], [94.4519742560242, 24.98889811159326], [94.40585299313115, 24.99383906031979], [94.39309080036618, 24.950011850823305], [94.3473365720302, 24.93676096896573], [94.31801990361264, 24.884515368732373], [94.16252193935996, 24.911721953647987], [94.169828154958, 24.943147059280847], [94.13826888285779, 24.899324710704285], [94.13601945287732, 24.857815017087102], [94.15126843657195, 24.83391559034123], [94.13430328081584, 24.805260475931682], [94.15964429055182, 24.797725241939357], [94.18076584961794, 24.766181225282008], [94.17344041366609, 24.73516454933024], [94.1869605518672, 24.715988887253847], [94.15022864561372, 24.665117592107425], [94.16338006940815, 24.636783491407755], [94.2822643133594, 24.60162424018449], [94.33399921044672, 24.563831589294526], [94.33319394804964, 24.549228622178976], [94.37072570614721, 24.550296054012154], [94.36089160259355, 24.52116993108623], [94.37676789781739, 24.51483367668002], [94.37522182355157, 24.498441761107188], [94.42073991085049, 24.480279647607254], [94.45724596806511, 24.552405880089562], [94.49224632938758, 24.57463389196525], [94.54445976980652, 24.644901886797722], [94.54966357639844, 24.712769788998962], [94.57943168777217, 24.72370843464919], [94.58512448600081, 24.70541995660764], [94.60511778981616, 24.712309348885384], [94.62935570521417, 24.75696952766285], [94.61860732511043, 24.779795054005096], [94.63185538157826, 24.839455217036182], [94.68794996892774, 24.888055215062618], [94.71231596162741, 24.93171979688765], [94.6965912175819, 24.968470016315855], [94.73858358088404, 25.023560977154578], [94.74338503475516, 25.07558576788945]]]}}, {"type": "Feature", "properties": {"dtname": "Upper Siang", "stname": "Arunachal Pradesh", "stcode11": "12", "dtcode11": "252", "dist_lgd": 240, "state_lgd": 12, "year_stat": "2011_c", "incidents": 2, "riskLevel": "low", "riskScore": 33}, "geometry": {"type": "Polygon", "coordinates": [[[94.7930085863959, 29.215298292338925], [94.72292292265091, 29.291317694381487], [94.63097645642956, 29.34123641496377], [94.55071098237534, 29.220750760880716], [94.42981867767558, 29.21962054427027], [94.37487728730076, 29.18495278588163], [94.36249076908932, 29.152604680808526], [94.2930631060186, 29.144916105154245], [94.22410190304062, 29.0878295883645], [94.19158787091372, 29.037249196759518], [94.34276369358483, 28.9838339543218], [94.51706892676303, 28.836523862115687], [94.52536020076565, 28.811534937783748], [94.63333342463099, 28.784166725825642], [94.63395264323783, 28.766631777689234], [94.74557569335646, 28.68634203966632], [94.74666025634845, 28.587916669290465], [94.76016382063256, 28.559926529664658], [94.78074669505708, 28.5565797217047], [94.76592884071509, 28.54859241120708], [94.82653615442018, 28.576620930993947], [94.87473148357383, 28.547336697909703], [94.9436985687203, 28.58179931295245], [94.96517709043256, 28.558195238020186], [95.01216907505916, 28.551080826145515], [95.0150065898353, 28.52193394676444], [95.07842596006142, 28.528875485682057], [95.08004919871185, 28.50812552910962], [95.10072240861966, 28.497480750693718], [95.10195565177429, 28.457577456028307], [95.06571645079293, 28.41336906837601], [95.0773295752403, 28.395116668232937], [95.06150884979995, 28.35532280433207], [95.10304888800033, 28.327806608689333], [95.09622777343552, 28.270043005742746], [95.12027982470632, 28.22540707626598], [95.16285899629811, 28.21593723126241], [95.16711519255472, 28.187561182618165], [95.19812730530693, 28.163924492159143], [95.20692624692103, 28.178158864329355], [95.24636517507918, 28.178856565155872], [95.25894513111405, 28.19815183936523], [95.28992575611889, 28.203807280616246], [95.28613977311632, 28.236530317371514], [95.31465506075715, 28.23860322398304], [95.32845626743759, 28.265985780733327], [95.3201769275535, 28.28833555732781], [95.3741888517651, 28.32206451781335], [95.36849627542037, 28.356625957179475], [95.3379348312765, 28.36575864399315], [95.33789732481675, 28.405949326833888], [95.3200441790124, 28.425832299670176], [95.33873990772236, 28.438941516377312], [95.33657670612767, 28.476929006735883], [95.39260311583863, 28.512231042661544], [95.40957749908935, 28.54947402026228], [95.38184224555921, 28.570284003620024], [95.36528286061356, 28.626011610861596], [95.35083150543275, 28.70437035574528], [95.3893033819162, 28.74127049563809], [95.35534792655918, 28.82316718503577], [95.32411690155872, 28.843324185309562], [95.3278194238849, 28.921300283092744], [95.30704237591677, 28.954298339342362], [95.25595535998207, 28.951140939124475], [95.24502898858623, 28.987495702650158], [95.27788285697835, 29.032498116172412], [95.27140337441104, 29.058742288632793], [95.24201768124364, 29.06355079638409], [95.24172055627692, 29.11061503483271], [95.10637501442582, 29.11890537366685], [95.09505459703063, 29.139594063237915], [94.99276775382951, 29.170764015105533], [94.9798191292021, 29.17334710329768], [94.97528041278863, 29.156543243703513], [95.02244648103583, 29.13394267934327], [94.95840574343276, 29.15639000025142], [94.91577890723197, 29.15207269304866], [94.8786685578173, 29.175025220936316], [94.80412874595805, 29.16240532185829], [94.7930085863959, 29.215298292338925]]]}}, {"type": "Feature", "properties": {"dtname": "Upper Subansiri", "stname": "Arunachal Pradesh", "stcode11": "12", "dtcode11": "249", "dist_lgd": 241, "state_lgd": 12, "year_stat": "2011_c", "incidents": 1, "riskLevel": "low", "riskScore": 29}, "geometry": {"type": "Polygon", "coordinates": [[[94.02337402204898, 28.651205748953572], [93.96771075629164, 28.707319796775796], [93.93562864672977, 28.666105798262628], [93.85060106501385, 28.707036012617774], [93.78414477827303, 28.663364770035106], [93.73987674789592, 28.68455316738917], [93.61944740974081, 28.653387967203734], [93.52241007402338, 28.659071285991242], [93.49614673883234, 28.685966641131618], [93.47049553543881, 28.652653497390666], [93.44597333199945, 28.674722212663887], [93.40601092318586, 28.651284175029218], [93.3333633352175, 28.639083854673896], [93.32492011657445, 28.609178566294194], [93.30162075020544, 28.59895155871177], [93.27773551159133, 28.50130910601909], [93.18045103855945, 28.43487510500123], [93.22422235178844, 28.405498876112766], [93.222213593049, 28.33417051013048], [93.25980017532838, 28.3669949193783], [93.2828751317596, 28.364757943689515], [93.29424916510253, 28.34032199512606], [93.33692349074082, 28.35331074090553], [93.42486888673781, 28.282621997684092], [93.57155679092813, 28.25588445270039], [93.61343272987452, 28.27268540485908], [93.62766570101648, 28.30694957136949], [93.65876716380012, 28.30462672573653], [93.68023027221874, 28.322935598003944], [93.76630130642594, 28.278667209388235], [93.77322908155774, 28.260088959750277], [93.83764206394657, 28.244734675899412], [93.8451933740901, 28.173786402676186], [93.87190211466024, 28.15392399832854], [93.87507787209034, 28.11745253671655], [93.89120801594208, 28.10323070473123], [93.87636186017708, 28.051448520887174], [93.91306428821447, 28.030265496769413], [93.91834882011278, 28.006292328662816], [93.93985571511327, 28.002679466704297], [93.95010629829387, 27.980844985980305], [94.04930269796579, 27.956551743000517], [94.06820408607852, 27.939097873396776], [94.04767579868057, 27.91185753512893], [94.0741796029917, 27.849297237311315], [94.1491057290507, 27.86596216570136], [94.16014747018014, 27.843751422010953], [94.19188576034679, 27.83652401499496], [94.19344502277929, 27.8113861422393], [94.25750563291308, 27.807733606660012], [94.33254230565096, 27.75777719310312], [94.44830340110843, 27.825177330381848], [94.58912465341825, 27.86162007210585], [94.59292696240281, 27.890043149931817], [94.54256736086269, 27.92540558474772], [94.51300621594054, 28.015398252943427], [94.39051729865542, 28.084057463012766], [94.39148260490352, 28.141873981850633], [94.35649722119179, 28.198485816771154], [94.38346396330142, 28.257971179914566], [94.41701696442803, 28.254190623211613], [94.37485203565814, 28.294949966190437], [94.40136535402642, 28.340276589086894], [94.32965840726342, 28.357803248667413], [94.3085777547804, 28.37551324229263], [94.30852261079835, 28.41689107296365], [94.29283452699958, 28.42872010278367], [94.2418098361793, 28.446711400127768], [94.2316368647443, 28.428147144636274], [94.13917678496263, 28.444439943653737], [94.09689218532553, 28.536030863801304], [94.00143300091607, 28.577723963764], [94.02337402204898, 28.651205748953572]]]}}, {"type": "Feature", "properties": {"dtname": "West Kameng", "stname": "Arunachal Pradesh", "stcode11": "12", "dtcode11": "246", "dist_lgd": 242, "state_lgd": 12, "year_stat": "2011_c", "incidents": 3, "riskLevel": "low", "riskScore": 37}, "geometry": {"type": "Polygon", "coordinates": [[[92.51212015535269, 27.721587294868204], [92.41445847344478, 27.746451809857657], [92.40878571663016, 27.702483102050262], [92.38228729143094, 27.669575295610848], [92.28904597379612, 27.652785275338513], [92.24407597200826, 27.668149635929687], [92.24413126331397, 27.639659273863224], [92.21821980810121, 27.618208954114625], [92.23078446492843, 27.572817558641564], [92.20945819867367, 27.56089857263026], [92.16834078367852, 27.57279687984748], [92.1087860780941, 27.50331994765727], [92.02559973728341, 27.469299352991467], [92.02216645711589, 27.448020493338984], [92.05846986338557, 27.399707469604778], [92.04824120179282, 27.36313242216395], [92.06458382056545, 27.32697937061101], [92.12497536612585, 27.28201826062531], [92.10347304534679, 27.268664930038124], [92.06707321571112, 27.27717028720488], [92.03800245211943, 27.2584219953824], [92.07257126996596, 27.233105978030334], [92.05837835829576, 27.190309454264657], [92.02672187141386, 27.168278959670708], [92.03580448123172, 27.134911417037824], [92.0231336192834, 27.109551920039955], [92.04412407013209, 27.051362379364235], [92.08174568580922, 27.040815569038724], [92.07841545498121, 27.017361379158537], [92.11811391630646, 26.97437292487824], [92.1200185468297, 26.888983723781696], [92.27609015635821, 26.901996421898463], [92.32309889097162, 26.927533702873724], [92.39832962586198, 26.924690655124813], [92.44746824535278, 26.95881182111951], [92.57933242471073, 26.958891931701224], [92.62371839220654, 26.976889333379713], [92.64479910128341, 26.986663262637595], [92.64453511786247, 27.008746009375514], [92.59026130510112, 27.07901320116615], [92.60805307620865, 27.14024363617784], [92.74997964888173, 27.19528521774784], [92.81429143874874, 27.17786229173962], [92.80884996757705, 27.20177082667915], [92.83336601396347, 27.214454613736805], [92.83625889280887, 27.232771635795718], [92.79940397126045, 27.260150337668005], [92.80574310643766, 27.295075169643138], [92.84424950158422, 27.292933830310567], [92.80431161857454, 27.329655600009847], [92.80016320577901, 27.350231181155046], [92.82288658676086, 27.379396266646143], [92.80374152164408, 27.44642175830869], [92.75439387855972, 27.445721037833064], [92.73638308021962, 27.46658407967605], [92.69242046356439, 27.454963376376057], [92.65377174832739, 27.490768934052134], [92.65021929765425, 27.531951841841664], [92.61912357600359, 27.545178126375873], [92.61277518458567, 27.593623152334295], [92.58732420219427, 27.61729771700936], [92.53913965462066, 27.610199886381835], [92.53638789302151, 27.666318438614525], [92.51212015535269, 27.721587294868204]]]}}, {"type": "Feature", "properties": {"dtname": "Lower Siang", "stname": "Arunachal Pradesh", "stcode11": "12", "dtcode11": "779", "dist_lgd": 719, "state_lgd": 12, "year_stat": "2018", "incidents": 0, "riskLevel": "low", "riskScore": 15}, "geometry": {"type": "Polygon", "coordinates": [[[95.06875639463017, 28.01638673531855], [94.92939677315283, 28.050437302931215], [94.8807374560701, 27.99998929027702], [94.8997573113076, 27.971578628751026], [94.86588690844164, 27.917878314958994], [94.9057979300277, 27.861061237657275], [94.92580894143391, 27.856647712744767], [94.8991935259403, 27.822550326162837], [94.80902019844424, 27.785811574644683], [94.7459644824148, 27.772962487355183], [94.71741094989908, 27.82507268161198], [94.59483319641888, 27.870805131286364], [94.44830340110843, 27.825177330381848], [94.33254230565096, 27.75777719310312], [94.31714169172626, 27.773967381006674], [94.31418943783382, 27.739018932620247], [94.35546845435874, 27.719210740852223], [94.26691552863338, 27.66578472916948], [94.21044172377493, 27.608424303117957], [94.2514573003596, 27.637634823303404], [94.26740808029354, 27.62948696238908], [94.25425799678554, 27.614230771767083], [94.27764041958905, 27.589330101844297], [94.29826006205816, 27.601932335735782], [94.3668018775626, 27.574273044034744], [94.43168210607004, 27.600332897949123], [94.46173180335272, 27.555242438197187], [94.47780439843244, 27.576141589285967], [94.49895896968692, 27.57216837292084], [94.68267757057399, 27.645893772389527], [94.6879103289692, 27.665141729695176], [94.75430704932184, 27.66054834323873], [94.79372746679526, 27.695180256373042], [94.84097038322008, 27.700609712378306], [94.85234573528983, 27.727603387718705], [95.13640185497444, 27.81564697567297], [95.11521868944611, 27.85678004923799], [95.12069062069249, 27.9034900897462], [95.07185301138202, 27.91596914164587], [95.08907436036897, 27.967662932032702], [95.06875639463017, 28.01638673531855]]]}}, {"type": "Feature", "properties": {"dtname": "Chumoukedima", "stname": "Nagaland", "stcode11": "13", "dtcode11": "818", "dist_lgd": 758, "state_lgd": 13, "year_stat": "2022", "incidents": 3, "riskLevel": "low", "riskScore": 37}, "geometry": {"type": "Polygon", "coordinates": [[[93.9958344449439, 25.878744965890846], [93.84481645267498, 25.79458849297296], [93.82353440509178, 25.840902309024806], [93.79005267540148, 25.811226499764754], [93.78463122677917, 25.859381764338497], [93.70214711070417, 25.853576839018544], [93.71432185737562, 25.844513277001152], [93.64613622657626, 25.822379582809827], [93.6174208904099, 25.775988302163686], [93.56756666667556, 25.75810456266284], [93.54245085559813, 25.730939824069644], [93.54143339136796, 25.699591689227155], [93.59081974914614, 25.665087935402155], [93.6266639626937, 25.666820635922726], [93.68770832025926, 25.700976097701545], [93.70087494983646, 25.675012797051853], [93.71769872603825, 25.680554021710854], [93.73414209985316, 25.66094684778202], [93.73159007865746, 25.69690637936137], [93.78516797016142, 25.664255809167653], [93.86136254435105, 25.683487542730425], [93.89433319103517, 25.642609345294037], [93.91926997865626, 25.677733389942848], [93.91528697624724, 25.706013271863853], [93.9871846137855, 25.7260356501734], [93.99488708523855, 25.741640201913224], [93.97754299763771, 25.772224863599476], [94.02853198401873, 25.816410202184873], [94.04263616100343, 25.85506636119201], [93.9958344449439, 25.878744965890846]]]}}, {"type": "Feature", "properties": {"dtname": "Kohima", "stname": "Nagaland", "stcode11": "13", "dtcode11": "270", "dist_lgd": 245, "state_lgd": 13, "year_stat": "2011_c", "incidents": 21, "riskLevel": "high", "riskScore": 95}, "geometry": {"type": "Polygon", "coordinates": [[[94.02869525371992, 25.91417975982192], [93.99870372684346, 25.89453739366483], [94.00989959282448, 25.886193091701244], [94.00075282532906, 25.878475896257797], [94.04272985259264, 25.852161930869492], [94.02845887193436, 25.816283917216722], [93.97754299763771, 25.772224863599476], [93.99492031841247, 25.740862551767513], [93.98207979704632, 25.72109154671855], [93.91528697624724, 25.706013271863853], [93.91929912000407, 25.677830526022397], [93.89568281901973, 25.63091437679372], [93.93882943391863, 25.559322187107213], [94.00353494998475, 25.565483153676325], [94.01085632105998, 25.59176569328276], [94.08192379310483, 25.55518634108333], [94.08804909241351, 25.52815362431595], [94.13460048573265, 25.519015997128943], [94.15600749256512, 25.550537834151072], [94.19539484844285, 25.554412647105252], [94.21439634840411, 25.610043032671843], [94.21326439568766, 25.672499738316496], [94.28182930687804, 25.806351442261494], [94.25606498403069, 25.80501562838166], [94.2067251688657, 25.86615646067659], [94.16106857302806, 25.85924358001023], [94.16141114466335, 25.901319121718952], [94.14652815437842, 25.916721932798815], [94.1148743013569, 25.894221727114076], [94.07693516356618, 25.91507621415433], [94.06940748001294, 25.89844730712737], [94.01929218789074, 25.898649562353572], [94.02869525371992, 25.91417975982192]]]}}, {"type": "Feature", "properties": {"dtname": "Kiphire", "stname": "Nagaland", "stcode11": "13", "dtcode11": "269", "dist_lgd": 614, "state_lgd": 13, "year_stat": "2011_c", "incidents": 3, "riskLevel": "low", "riskScore": 37}, "geometry": {"type": "Polygon", "coordinates": [[[94.67391809284864, 26.025952687839563], [94.56982017416951, 25.88966670532321], [94.5958820873109, 25.87537410132982], [94.61027557841102, 25.817985130185097], [94.69573424007221, 25.792293595646576], [94.71677523912196, 25.72196293090099], [94.75544257643483, 25.782313049350503], [94.82040430639307, 25.762842335208852], [94.85660139255727, 25.717408236817406], [94.85138017481849, 25.61077356531651], [94.88162673430244, 25.585085903934495], [94.91508900199209, 25.607680898824267], [94.9359798835747, 25.66761134576885], [95.04896571930186, 25.759355045640838], [95.04971642701176, 25.800882107996], [95.00902578543838, 25.867172846845882], [95.01887442103839, 25.88547107591344], [94.98151979993506, 25.87593669967584], [94.93801455421851, 25.91370523802318], [94.92554207531923, 25.949274024872782], [94.89712036877478, 25.943591359111952], [94.8699928228394, 25.98055763561632], [94.81161833375674, 25.992533660985867], [94.79893144496542, 26.016409567069918], [94.78095320965605, 26.008285068764593], [94.71764260025803, 26.02562514172978], [94.69108391966284, 26.0122905123944], [94.67391809284864, 26.025952687839563]]]}}, {"type": "Feature", "properties": {"dtname": "Zunheboto", "stname": "Nagaland", "stcode11": "13", "dtcode11": "263", "dist_lgd": 251, "state_lgd": 13, "year_stat": "2011_c", "incidents": 11, "riskLevel": "moderate", "riskScore": 67}, "geometry": {"type": "Polygon", "coordinates": [[[94.51598501235468, 26.23945021190407], [94.47886563487141, 26.293561393148035], [94.44554225301292, 26.206105218349713], [94.40546023262092, 26.21169981526481], [94.33522734218741, 26.17843040259895], [94.38695177030837, 26.115871825715885], [94.39056812623248, 26.0840494812681], [94.36277126534185, 26.008660981818036], [94.33280440530476, 25.99819073516438], [94.31704080283501, 26.018482695643605], [94.29868252895652, 26.006632211089116], [94.29877267309864, 25.940251076336914], [94.23450326844166, 25.912211538663467], [94.21059761740932, 25.861571322096616], [94.25606498403069, 25.80501562838166], [94.2815043296459, 25.807355076016005], [94.25821660993459, 25.758603228810756], [94.26792996374438, 25.75307290902811], [94.31811174377403, 25.75510925798544], [94.33666031316906, 25.826331603360718], [94.3539325786663, 25.81875332326494], [94.45387785258659, 25.849266128760156], [94.46644723455222, 25.829992982092836], [94.54166438422057, 25.812177762097686], [94.52662829136679, 25.74633205575894], [94.55972256959022, 25.732034601224544], [94.60683167476692, 25.778598219386968], [94.71290902039483, 25.75947198365645], [94.68496773286438, 25.800407579271923], [94.61027557841102, 25.817985130185097], [94.5958820873109, 25.87537410132982], [94.56982017416951, 25.88966670532321], [94.68707996315149, 26.038064672074153], [94.6705468018256, 26.050788492345063], [94.69283013857397, 26.07283035964023], [94.68833005870086, 26.13765885426301], [94.70573754939447, 26.172008898210652], [94.67231162125299, 26.210668206811846], [94.6564507330346, 26.203313267603036], [94.63824561831876, 26.217362692377694], [94.6124312880562, 26.19363224438032], [94.58723701542691, 26.213149033672757], [94.56318440720061, 26.183264325959303], [94.51551766023486, 26.17799142116043], [94.49617103742288, 26.21887129402148], [94.51598501235468, 26.23945021190407]]]}}, {"type": "Feature", "properties": {"dtname": "Mokokchung", "stname": "Nagaland", "stcode11": "13", "dtcode11": "262", "dist_lgd": 246, "state_lgd": 13, "year_stat": "2011_c", "incidents": 5, "riskLevel": "moderate", "riskScore": 55}, "geometry": {"type": "Polygon", "coordinates": [[[94.73661818831496, 26.763869488076057], [94.65301540021666, 26.718753295214885], [94.61912601774539, 26.711991469643774], [94.60963581713028, 26.736937220701098], [94.5970714639336, 26.73455265308131], [94.59387920804501, 26.697195116951356], [94.5773228746764, 26.700660989765634], [94.56709682807944, 26.683531349286312], [94.56235294992982, 26.70506863637176], [94.52069961081592, 26.69921385632894], [94.49267442692611, 26.66588940526854], [94.4602839005744, 26.661630131145813], [94.46549491973974, 26.63306096989922], [94.40292176879949, 26.61056803831097], [94.41338313537334, 26.577188666070413], [94.40087598060573, 26.534152575680164], [94.37217357658616, 26.50604435933199], [94.34779179958865, 26.50445789214495], [94.3528476141274, 26.49005878484602], [94.32552280893539, 26.4819494541897], [94.29874436359076, 26.437676725941028], [94.35853301832296, 26.356979322607735], [94.34347754072367, 26.331527684721614], [94.36599441159811, 26.33674401378978], [94.3518615082872, 26.31004763031898], [94.35934970190056, 26.268921681148065], [94.33500134312989, 26.24060294098463], [94.38367022008391, 26.228840401939014], [94.37124106872739, 26.193054402368258], [94.40546023262092, 26.21169981526481], [94.44572242271954, 26.20621796181139], [94.47886563487141, 26.293561393148035], [94.51598501235468, 26.23945021190407], [94.49617103742288, 26.21887129402148], [94.51545664666077, 26.178023960724563], [94.56318440720061, 26.183264325959303], [94.5862445683791, 26.210619646074345], [94.55938991355903, 26.28264573309561], [94.65063545041531, 26.33857540375912], [94.65746622725935, 26.375887552691292], [94.70224323858484, 26.408333421686347], [94.71168590125342, 26.437544987962692], [94.68493549861704, 26.516388435968768], [94.72585338341456, 26.56565435617895], [94.73311544861302, 26.600959627324016], [94.70665297758474, 26.63821203333061], [94.66690256668666, 26.647954173324184], [94.72375475182422, 26.698480493737325], [94.74892200133313, 26.698119195329756], [94.74343383303803, 26.73142003522244], [94.75666322341256, 26.729595896200596], [94.73661818831496, 26.763869488076057]]]}}, {"type": "Feature", "properties": {"dtname": "Mon", "stname": "Nagaland", "stcode11": "13", "dtcode11": "261", "dist_lgd": 247, "state_lgd": 13, "year_stat": "2011_c", "incidents": 9, "riskLevel": "moderate", "riskScore": 63}, "geometry": {"type": "Polygon", "coordinates": [[[95.20601549086854, 26.95111895577243], [95.19252093129685, 27.035206752624717], [95.10181256272597, 26.96178784561581], [95.0167640502639, 26.92106292588876], [94.98261821674532, 26.912998245650893], [94.96123830310181, 26.93712384537832], [94.93085092820552, 26.932559006387134], [94.92395958335179, 26.946505451996526], [94.88940549967253, 26.92888266585435], [94.81761966016632, 26.847716916347533], [94.8144599879697, 26.81954310636472], [94.79507470795609, 26.81402809414069], [94.80373196279199, 26.80312550333277], [94.78899187021425, 26.795986999703658], [94.81618587531102, 26.778810680279506], [94.79377721190244, 26.76807968896532], [94.83421706630638, 26.71869429013242], [94.8048857041457, 26.68924316862912], [94.77997200143079, 26.698421604148482], [94.79009646473877, 26.68842855381132], [94.77948996095775, 26.658323434823902], [94.7873791777853, 26.633045218246433], [94.8945447380568, 26.60476430514928], [94.87944421084433, 26.577479875394502], [94.89384642907741, 26.560206962380228], [94.88241570395525, 26.553846058061286], [94.8976171299404, 26.50542647102685], [94.88918956444118, 26.47612712600093], [94.90581302621604, 26.45465261119104], [94.89261355962195, 26.423944016746596], [94.91610408568671, 26.385164704605835], [94.89658232193706, 26.349633286766558], [94.93762666437377, 26.298697811898787], [94.99970271817853, 26.28542809883788], [95.04401701179275, 26.327724942673036], [95.12838784688253, 26.3393194999736], [95.12948220061281, 26.384535208626428], [95.09977243122353, 26.393731590369196], [95.09408221475302, 26.43541571332929], [95.06197521556962, 26.45018299965764], [95.1145382740089, 26.518510712708125], [95.10754536113754, 26.54153811039375], [95.15419427017403, 26.583142396039598], [95.14892756174925, 26.61586720402213], [95.20959620972701, 26.648846826628834], [95.23320930642075, 26.68109382714308], [95.21252421180174, 26.729432931136284], [95.24135039737922, 26.781451253854367], [95.2116203637938, 26.79259038060016], [95.19561926472923, 26.834236800318603], [95.20518804996539, 26.845018321266902], [95.1811430342999, 26.859202886195682], [95.23048054708278, 26.88515403416621], [95.2306367407545, 26.91494513078997], [95.20601549086854, 26.95111895577243]]]}}, {"type": "Feature", "properties": {"dtname": "Tuensang", "stname": "Nagaland", "stcode11": "13", "dtcode11": "267", "dist_lgd": 249, "state_lgd": 13, "year_stat": "2011_c", "incidents": 8, "riskLevel": "moderate", "riskScore": 61}, "geometry": {"type": "Polygon", "coordinates": [[[94.7468936701003, 26.458198597867458], [94.70802793536534, 26.447342495205895], [94.70244887463149, 26.408567929670326], [94.65746622725935, 26.375887552691292], [94.65738413202214, 26.34712183364196], [94.56435557676915, 26.287773439096874], [94.55966349008891, 26.256291561710942], [94.59970411880754, 26.19751142231082], [94.63824561831876, 26.217362692377694], [94.6564507330346, 26.203313267603036], [94.66661866042932, 26.212655540815195], [94.70573754939447, 26.172008898210652], [94.68833005870086, 26.13765885426301], [94.69283013857397, 26.07283035964023], [94.6705468018256, 26.050788492345063], [94.68707996315149, 26.038064672074153], [94.67364062661358, 26.026186426801168], [94.68584395138913, 26.013974480631695], [94.71764260025803, 26.02562514172978], [94.78095320965605, 26.008285068764593], [94.79876631036169, 26.01645674898497], [94.81161833375674, 25.992533660985867], [94.87018360973441, 25.980161550014937], [94.93132285993666, 26.04828069886991], [94.89039979904645, 26.12746622999271], [94.91500233882167, 26.17233642403225], [94.88494226240421, 26.19828714679604], [94.90020869587322, 26.244093306786596], [94.94179972514408, 26.265656323829695], [94.93764779993576, 26.298691480343], [94.89658232193706, 26.349633286766558], [94.91060082659317, 26.37695723503849], [94.84712605007697, 26.37209169333334], [94.7468936701003, 26.458198597867458]]]}}, {"type": "Feature", "properties": {"dtname": "Keyi Panyor", "stname": "Arunachal Pradesh", "stcode11": "12", "dtcode11": "849", "dist_lgd": 786, "state_lgd": 12, "year_stat": "2024", "incidents": 0, "riskLevel": "low", "riskScore": 15}, "geometry": {"type": "Polygon", "coordinates": [[[93.90636883358484, 27.749861581057406], [93.91586440882031, 27.7808473259905], [93.88260886324046, 27.79885396925598], [93.76960743186166, 27.76861373166737], [93.76446554524394, 27.704777192758257], [93.59865041737672, 27.611477831063123], [93.53282821725898, 27.598124277365056], [93.53348235787244, 27.57422093963587], [93.58540003786557, 27.51382795572836], [93.57049874440672, 27.47364644465635], [93.62342914462695, 27.464742179147215], [93.572946004074, 27.43742338988477], [93.55102427426182, 27.40263068390487], [93.57514514007663, 27.39354572369948], [93.59664740336353, 27.349248274701512], [93.58530063658444, 27.33242261602094], [93.6224140788986, 27.3014756126583], [93.64766264839864, 27.291471421119915], [93.74348575739766, 27.310434671352606], [93.77554968595648, 27.296252728258025], [93.84830292029385, 27.333437964324112], [93.8150385002573, 27.391545441356328], [93.87474329815602, 27.458278796958474], [93.91492270939953, 27.478570408028972], [93.85497530798362, 27.5097172616111], [93.76431784424491, 27.665334011741724], [93.78406737044502, 27.69127013667672], [93.82808739843003, 27.69840851970613], [93.85664093094576, 27.7341004352758], [93.90636883358484, 27.749861581057406]]]}}, {"type": "Feature", "properties": {"dtname": "Longleng", "stname": "Nagaland", "stcode11": "13", "dtcode11": "268", "dist_lgd": 615, "state_lgd": 13, "year_stat": "2011_c", "incidents": 1, "riskLevel": "low", "riskScore": 29}, "geometry": {"type": "Polygon", "coordinates": [[[94.80666984992811, 26.795156905198844], [94.7714283403592, 26.789806865365442], [94.75832868557629, 26.76600574614671], [94.7401846401301, 26.775983262028785], [94.73625385409359, 26.74968900302946], [94.75666322341256, 26.729595896200596], [94.74343383303803, 26.73142003522244], [94.74892200133313, 26.698119195329756], [94.72375475182422, 26.698480493737325], [94.66706980873805, 26.648746548131108], [94.70665297758474, 26.63821203333061], [94.7331519390782, 26.600715427982387], [94.72585338341456, 26.56565435617895], [94.68633856558118, 26.524509566291524], [94.68825680558103, 26.479427346921195], [94.7052907489317, 26.447251316362475], [94.76304471325713, 26.45302204107194], [94.84712605007697, 26.37209169333334], [94.90434140162603, 26.372774705310864], [94.91450022639195, 26.40022933562975], [94.89261355962195, 26.423944016746596], [94.90581302621604, 26.45465261119104], [94.88918956444118, 26.47612712600093], [94.8976171299404, 26.50542647102685], [94.88241570395525, 26.553846058061286], [94.89384642907741, 26.560206962380228], [94.87944587182929, 26.577276748382804], [94.8945447380568, 26.60476430514928], [94.7873791777853, 26.633045218246433], [94.77948996095775, 26.658323434823902], [94.79009646473877, 26.68842855381132], [94.77997200143079, 26.698421604148482], [94.8048857041457, 26.68924316862912], [94.8341813969014, 26.718351808739357], [94.79362747711764, 26.768469712696966], [94.81491440973936, 26.77505854808584], [94.80666984992811, 26.795156905198844]]]}}, {"type": "Feature", "properties": {"dtname": "Noney", "stname": "Manipur", "stcode11": "14", "dtcode11": "771", "dist_lgd": 714, "state_lgd": 14, "year_stat": "2016_c", "incidents": 8, "riskLevel": "moderate", "riskScore": 61}, "geometry": {"type": "Polygon", "coordinates": [[[93.6276126923299, 24.797062978815877], [93.57522115731261, 24.8454635858538], [93.57025810999663, 24.814857541396705], [93.55160863913392, 24.80734453614595], [93.46139589356314, 24.84514589205831], [93.39817328672362, 24.83917632987495], [93.3954225590854, 24.808735332622174], [93.35960324324424, 24.816285539315068], [93.35527436699296, 24.76349604617821], [93.32519441355318, 24.763496586994133], [93.33377392998102, 24.749674621366772], [93.31801129409851, 24.733333207770574], [93.33662885859896, 24.72453668935846], [93.31084442157412, 24.699390324342275], [93.29510159444193, 24.705672140795752], [93.28221281557872, 24.669219850594448], [93.233544338375, 24.677989886406497], [93.22207836515771, 24.704374016185685], [93.20346853425355, 24.703097184955258], [93.21493145319887, 24.69807843862869], [93.2034920072319, 24.667907501220416], [93.21780045841732, 24.67168528633357], [93.21640499928529, 24.60004335779991], [93.17071775562512, 24.515793344392694], [93.19072278155659, 24.52084062393523], [93.2193260879256, 24.49448210987248], [93.23218043077073, 24.510823082341023], [93.2636290672588, 24.509591326066865], [93.27792543071378, 24.563640393377213], [93.34513881757603, 24.574968387677263], [93.3866070902667, 24.564911259814107], [93.39233710210429, 24.574962157662235], [93.44520156688098, 24.538489998773436], [93.50958296180947, 24.564823536650664], [93.53388238934657, 24.55725452063827], [93.53964698991587, 24.57860550840129], [93.56828554437998, 24.591132220322933], [93.59253514506324, 24.565960655172283], [93.6226787980398, 24.60361309712527], [93.64695496639759, 24.590994099380765], [93.65844742733935, 24.607307529023615], [93.69709761132185, 24.612187064742486], [93.72133761440463, 24.592075299365163], [93.73760595328307, 24.6276879171501], [93.70772363998559, 24.64573854433136], [93.71912839571124, 24.65941201338404], [93.69102588933337, 24.670582110634797], [93.66190828668441, 24.793312689683756], [93.6276126923299, 24.797062978815877]]]}}, {"type": "Feature", "properties": {"dtname": "Pherzawl", "stname": "Manipur", "stcode11": "14", "dtcode11": "772", "dist_lgd": 715, "state_lgd": 14, "year_stat": "2016_c", "incidents": 1, "riskLevel": "low", "riskScore": 29}, "geometry": {"type": "Polygon", "coordinates": [[[93.21338915275555, 24.71703741887941], [93.1529685206446, 24.714011695948336], [93.13950452984372, 24.695535333821205], [93.13809199014489, 24.646421073989018], [93.11781162429058, 24.610262420209338], [93.15616425840322, 24.59128276684657], [93.1479786954483, 24.55904712890952], [93.05818063197562, 24.573837223951003], [93.07080901259418, 24.55804752335292], [93.04999425424873, 24.544207525293942], [93.03255519675605, 24.495297435905638], [93.04636632083722, 24.473565253008232], [93.03292385995876, 24.42875043780292], [93.04256195830393, 24.414911052824714], [93.01195047440548, 24.41671517661047], [92.99830801620544, 24.399756235407352], [93.02035462531683, 24.387850224224902], [93.01754570481451, 24.344219188633993], [93.039317161751, 24.3407418429519], [93.00414948920685, 24.277906571993658], [93.018116428769, 24.20745989230021], [92.99889485683447, 24.19496733020308], [93.00126510393243, 24.158057340302303], [92.96943383723556, 24.121401508949578], [93.04938714672856, 24.08804708292252], [93.07516464965778, 24.100270904122745], [93.09794822135692, 24.071263315596834], [93.09650687268692, 24.04233672364511], [93.13777225637907, 24.083954486091805], [93.16539451082964, 24.072170226096965], [93.16533577358648, 24.052055542666395], [93.21216921275195, 24.047062755226502], [93.21929213789605, 24.080995743913554], [93.24344927678374, 24.082273217614006], [93.26198616718179, 24.05715231406124], [93.25063848412108, 24.020712362617264], [93.2835304500644, 24.048397032698762], [93.33211983779387, 24.053132702206856], [93.33085290242616, 24.085359414300473], [93.35405953570836, 24.091084358728732], [93.34286523189759, 24.097230451983084], [93.34512875105496, 24.103689407941513], [93.38390366701299, 24.085221369783373], [93.39641259685158, 24.094668251339503], [93.39932766408454, 24.178693268058655], [93.41383194261199, 24.202135477853037], [93.47180861995761, 24.224820120209607], [93.45909075366205, 24.268274416613718], [93.49635101213467, 24.36249582972624], [93.47354824074299, 24.38262364637797], [93.37074403980341, 24.395251054195707], [93.36792996207302, 24.451798975081278], [93.40657004899174, 24.517143156647766], [93.38084870424255, 24.528462398229262], [93.3866070902667, 24.564911259814107], [93.34513881757603, 24.574968387677263], [93.27792543071378, 24.563640393377213], [93.2636290672588, 24.509591326066865], [93.23218043077073, 24.510823082341023], [93.2193260879256, 24.49448210987248], [93.19072278155659, 24.52084062393523], [93.17071775562512, 24.515793344392694], [93.19068970468955, 24.56734672038986], [93.20785046859878, 24.56736089686336], [93.19924598080264, 24.588722324066264], [93.21355456404041, 24.587476101280632], [93.20781247165888, 24.62265919960118], [93.22068502694806, 24.632730140089247], [93.20778796561794, 24.659107270022844], [93.21780045841732, 24.67168528633357], [93.2034920072319, 24.667907501220416], [93.21493145319887, 24.69807843862869], [93.20026889600993, 24.70454350659286], [93.21338915275555, 24.71703741887941]]]}}, {"type": "Feature", "properties": {"dtname": "Tengnoupal", "stname": "Manipur", "stcode11": "14", "dtcode11": "769", "dist_lgd": 716, "state_lgd": 14, "year_stat": "2016_c", "incidents": 2, "riskLevel": "low", "riskScore": 33}, "geometry": {"type": "Polygon", "coordinates": [[[94.10558810275295, 24.646386137730513], [94.09243462810474, 24.604516709007775], [94.1087664221782, 24.599329345930805], [94.08952257831284, 24.59567324901999], [94.09755325913638, 24.574365175207248], [94.10423728899222, 24.58398318727837], [94.09907531694309, 24.55992206718201], [94.0691308797538, 24.554864046622473], [94.08613329672959, 24.5181173181346], [94.05474541420246, 24.512896043358317], [94.05561084935054, 24.530744560055393], [94.03763549314166, 24.538364537624684], [94.03314604482999, 24.50245506873651], [94.04772951164634, 24.470326511403265], [94.09109210489578, 24.472823519743788], [94.0703377726262, 24.443011983260785], [94.10437501240335, 24.423359351033984], [94.11337036077285, 24.3561901932504], [94.14339746003624, 24.336061256364957], [94.15502883825017, 24.266047525927092], [94.19361537479818, 24.223663449271683], [94.1682172376, 24.15092526723297], [94.12677740916453, 24.167822327164497], [94.16267481285836, 24.13624418890861], [94.25281559439173, 24.106269084607355], [94.26173185328696, 24.167107793194063], [94.28318777069174, 24.179349822018814], [94.29271339816667, 24.236018824606916], [94.3194723707309, 24.263763327102172], [94.32716244183973, 24.327664178024285], [94.35400427500576, 24.334471421994436], [94.38011200222668, 24.37463531711352], [94.36713086217922, 24.394618350301293], [94.39763410537411, 24.407286159668285], [94.4068807861904, 24.480724248369228], [94.36089160259355, 24.52116993108623], [94.37072570614721, 24.550296054012154], [94.33319394804964, 24.549228622178976], [94.33399921044672, 24.563831589294526], [94.2822643133594, 24.60162424018449], [94.17393543659163, 24.635737915966843], [94.14799313682525, 24.618560770371626], [94.11361934861678, 24.624331167192594], [94.10558810275295, 24.646386137730513]]]}}, {"type": "Feature", "properties": {"dtname": "Kangpokpi", "stname": "Manipur", "stcode11": "14", "dtcode11": "767", "dist_lgd": 712, "state_lgd": 14, "year_stat": "2016_c", "incidents": 4, "riskLevel": "low", "riskScore": 41}, "geometry": {"type": "Polygon", "coordinates": [[[93.97260546157746, 25.316298228896436], [93.93753164142093, 25.30209198423237], [93.95227459423452, 25.286868526920014], [93.8272415142158, 25.22139709106387], [93.77435362407144, 25.15041420988845], [93.79802372336152, 25.080925297656176], [93.76764877126729, 25.084777229743448], [93.75922891331322, 25.065128762935505], [93.79766301563897, 24.970489051254244], [93.7082117261205, 24.91889831314826], [93.707065225188, 24.892500462059385], [93.73331207270031, 24.85473481568421], [93.72050236714166, 24.825898339855545], [93.66050126982795, 24.792497832401867], [93.69102588933337, 24.670582110634797], [93.71912839571124, 24.65941201338404], [93.70772363998559, 24.64573854433136], [93.73796137172523, 24.620611768593907], [93.76669335097888, 24.649338615114438], [93.7730185496928, 24.70683468767148], [93.75623801299894, 24.735866316844874], [93.77078938660348, 24.731819207349588], [93.79060289890292, 24.766189692171423], [93.78062764756024, 24.80525570237049], [93.80788462186347, 24.83668498263139], [93.80496355298611, 24.86438368436534], [93.84472791472058, 24.9513970562052], [93.86280754287604, 24.956539973901382], [93.87102458190023, 24.987589954136144], [93.90079909916024, 24.988203243809913], [93.88698988489737, 25.010467668111463], [93.90671678972194, 25.00291193667762], [93.92479623012952, 25.023887144911882], [93.9183526990382, 25.083550139182456], [93.93600573612986, 25.09042897288243], [93.91852021777068, 25.11761735740512], [93.93457430126732, 25.13483596226926], [93.96483730710747, 25.113118840922326], [93.92918901612339, 25.058036775276566], [93.93241120567387, 25.03887093815561], [93.92605067442318, 25.02126476013661], [93.91312568177594, 25.001866568690552], [93.92442294509468, 24.981034191176008], [93.90685862382384, 24.988783029978187], [93.9007547619111, 24.97593618916052], [93.91670617785223, 24.97024141421759], [93.88642285930688, 24.941323469314014], [93.90420396741196, 24.927314071199977], [93.90667557142343, 24.94498178435808], [93.93340188843044, 24.96573511291807], [93.91062987355745, 24.900736654019024], [93.95077810787069, 24.90178520793207], [93.95975487997843, 24.91658294202294], [93.94524111883483, 24.916841031199287], [93.9612354706533, 24.92960607722535], [93.95135444899067, 24.938503658694145], [93.97851289517523, 24.917150080851243], [93.98211345242844, 24.93409994234376], [93.95295110559353, 24.961162612847826], [93.99083764702435, 24.943326729836983], [94.01214740493914, 24.951175118931054], [94.01935746486915, 24.99760352934723], [93.99673098156377, 25.000530049249903], [94.01720251070714, 25.006844895852584], [94.01259172874666, 25.032554365862175], [94.0304698351395, 25.05030434959475], [94.02918034127838, 25.020489697221116], [94.04554479001077, 25.01260653028075], [94.02868398255804, 25.003831825370483], [94.04701405742148, 24.996858643345288], [94.0308166809589, 24.966757246316504], [94.04507656383015, 24.973423315896454], [94.04372902892024, 24.9578116208525], [94.06144201238743, 24.951521234599237], [94.05020617586783, 24.942716802039204], [94.06515637001748, 24.940947406901977], [94.06182771842772, 24.88296951913043], [94.09182540056052, 24.88989482932843], [94.13368619930107, 24.938191464610515], [94.14174018242309, 24.918734729652254], [94.09280399558662, 24.850205900625458], [94.05828850443031, 24.695738300234282], [94.07487605695002, 24.70749315801231], [94.09122857785205, 24.692506755005645], [94.12616336036216, 24.72363296624891], [94.13212418532886, 24.70721395222563], [94.11438100229844, 24.696699789604953], [94.12854866591925, 24.689281804096204], [94.09816621289238, 24.669423124344206], [94.11180903670679, 24.63787169829298], [94.14799313682525, 24.618560770371626], [94.16848348567379, 24.632168267279496], [94.15022864561372, 24.665117592107425], [94.1869605518672, 24.715988887253847], [94.17344041366609, 24.73516454933024], [94.18076584961794, 24.766181225282008], [94.15964429055182, 24.797725241939357], [94.13430328081584, 24.805260475931682], [94.15126843657195, 24.83391559034123], [94.13601945287732, 24.857815017087102], [94.13826888285779, 24.899324710704285], [94.169828154958, 24.943147059280847], [94.14640282681987, 25.03546376230656], [94.11754505827362, 25.069627689257782], [94.12845603164713, 25.112582188353066], [94.1949369232436, 25.177375397827493], [94.15580062223327, 25.19513820997186], [94.13971330466438, 25.17763287276905], [94.04757288768161, 25.164662356340337], [93.99934264999604, 25.201311414042856], [94.01115685333659, 25.262358575159936], [93.98147840370969, 25.276060843930463], [93.98899593899517, 25.296691146955478], [93.97260546157746, 25.316298228896436]]]}}, {"type": "Feature", "properties": {"dtname": "Kakching", "stname": "Manipur", "stcode11": "14", "dtcode11": "768", "dist_lgd": 711, "state_lgd": 14, "year_stat": "2016_c", "incidents": 0, "riskLevel": "low", "riskScore": 15}, "geometry": {"type": "Polygon", "coordinates": [[[93.9711741713437, 24.5620944259618], [93.94560246975114, 24.525375482036186], [93.8985224394469, 24.55756282538776], [93.86693035458433, 24.538624425087665], [93.88074808577441, 24.488659656618356], [93.83748950755343, 24.42346694718474], [93.84852535932785, 24.350626484960003], [93.85995014119614, 24.3518237043459], [93.85126895793601, 24.311947388815675], [93.87714330374442, 24.286179326304588], [93.8579209341059, 24.23270562563157], [93.87638312509648, 24.221003287029582], [93.87938421230609, 24.251285593891346], [93.89857641382243, 24.222247216055614], [93.90867419626814, 24.224140655900147], [93.88292617874154, 24.270525224076685], [93.89683067640829, 24.274767652276868], [93.8839811251769, 24.27472266080289], [93.88348075907207, 24.297223659668912], [93.90349535924786, 24.292620320154704], [93.8911732385642, 24.31795634826044], [93.90841466579604, 24.312126830305374], [93.89190902974879, 24.34871671163079], [93.90267141997768, 24.37868352234955], [93.91405277009859, 24.368424179067684], [93.92217423825801, 24.384197674891176], [93.90976623144667, 24.393471218969758], [93.92154281873303, 24.409277824888967], [93.93722307012082, 24.39759412595331], [93.93170042628174, 24.418914054716634], [93.95534286015602, 24.41220382819456], [93.93334485618968, 24.432854224126164], [93.9612128178368, 24.43586704909667], [93.9427221322854, 24.446442997229152], [93.96258484082135, 24.449406704965313], [93.96346956369693, 24.491478179144675], [94.00009786994357, 24.46053723240409], [94.00203306205115, 24.441461647216435], [94.04772951164634, 24.470326511403265], [94.03753992856512, 24.522261916682027], [93.96606615570377, 24.543014792711205], [93.98209629011492, 24.552763799773754], [93.9711741713437, 24.5620944259618]]]}}, {"type": "Feature", "properties": {"dtname": "Siang", "stname": "Arunachal Pradesh", "stcode11": "12", "dtcode11": "764", "dist_lgd": 679, "state_lgd": 12, "year_stat": "2015_c", "incidents": 2, "riskLevel": "low", "riskScore": 33}, "geometry": {"type": "Polygon", "coordinates": [[[94.52536020076565, 28.811534937783748], [94.51706892676303, 28.836523862115687], [94.39565915742533, 28.932122800353127], [94.38266510679061, 28.878354034381456], [94.43620297834869, 28.80994453090536], [94.43411644796352, 28.75476689867983], [94.48454569498934, 28.691011137915655], [94.46751619111278, 28.62586404106977], [94.45037862170415, 28.615507780760204], [94.45720088521423, 28.591301406331695], [94.53621499439961, 28.588808281290326], [94.53811856221591, 28.53360478606388], [94.56000960378138, 28.49648519362189], [94.54484773690636, 28.468720782888877], [94.50040410565416, 28.460674305690418], [94.49720365533355, 28.41778887175302], [94.58309037590571, 28.385126419036265], [94.66875097255459, 28.39845140109173], [94.68588309188436, 28.280430134609208], [94.7201473296456, 28.280430134609208], [94.73252052673972, 28.257587309680417], [94.75524728179376, 28.257587309680417], [94.74800880635466, 28.206711640359647], [94.77475595978468, 28.186917316653123], [94.80045413877933, 28.1859655326822], [94.83662194615349, 28.219277987796637], [94.8713135017156, 28.216800603737155], [94.89946112687693, 28.178030960661832], [94.89805547635802, 28.147797518606982], [94.9433838897746, 28.12073981066759], [94.9030539163979, 28.078440652192977], [94.92939677315283, 28.050437302931215], [95.0673671868742, 28.02344916600985], [95.21723881655119, 28.056256885866464], [95.2384859052968, 28.047394209026738], [95.21285515025409, 28.112440902621774], [95.22232169463452, 28.152763383721798], [95.16711519255472, 28.187561182618165], [95.16285899629811, 28.21593723126241], [95.12027982470632, 28.22540707626598], [95.09397668965663, 28.27769991011036], [95.10304888800033, 28.327806608689333], [95.06150884979995, 28.35532280433207], [95.0773295752403, 28.395116668232937], [95.06571645079293, 28.41336906837601], [95.10195565177429, 28.457577456028307], [95.10072240861966, 28.497480750693718], [95.08004919871185, 28.50812552910962], [95.07842596006142, 28.528875485682057], [95.0150065898353, 28.52193394676444], [95.01216907505916, 28.551080826145515], [94.96517709043256, 28.558195238020186], [94.9436985687203, 28.58179931295245], [94.87473148357383, 28.547336697909703], [94.82653615442018, 28.576620930993947], [94.80404093024916, 28.57293350202501], [94.78899114796879, 28.557045470786836], [94.76592884071509, 28.54859241120708], [94.78074669505708, 28.5565797217047], [94.76016382063256, 28.559926529664658], [94.74666025634845, 28.587916669290465], [94.74557569335646, 28.68634203966632], [94.63395264323783, 28.766631777689234], [94.62017273291782, 28.793770777630186], [94.52536020076565, 28.811534937783748]]]}}, {"type": "Feature", "properties": {"dtname": "West Siang", "stname": "Arunachal Pradesh", "stcode11": "12", "dtcode11": "250", "dist_lgd": 243, "state_lgd": 12, "year_stat": "2011_c", "incidents": 1, "riskLevel": "low", "riskScore": 29}, "geometry": {"type": "Polygon", "coordinates": [[[94.60974033880854, 28.38227106635997], [94.49720365533355, 28.41778887175302], [94.4854374552668, 28.395750951792593], [94.44615239504208, 28.403567241810354], [94.37761920785594, 28.308913971707327], [94.39161867631286, 28.265773665621293], [94.41701696442803, 28.254190623211613], [94.38346396330142, 28.257971179914566], [94.35649722119179, 28.198485816771154], [94.39148260490352, 28.141873981850633], [94.39183581708335, 28.082682717039084], [94.46709028007363, 28.048733712800193], [94.48423781269707, 28.021717095942865], [94.50611481269627, 28.055642453844854], [94.56750490666187, 28.049217908656185], [94.6031968216328, 28.062066998796034], [94.79093629520632, 27.98711397712857], [94.90648198543846, 28.01635192065197], [94.93018459835196, 28.04937218399665], [94.9030539163979, 28.078440652192977], [94.9433838897746, 28.12073981066759], [94.89805547635802, 28.147797518606982], [94.89946112687693, 28.178030960661832], [94.8713135017156, 28.216800603737155], [94.83662194615349, 28.219277987796637], [94.80045413877933, 28.1859655326822], [94.77475595978468, 28.186917316653123], [94.74800880635466, 28.206711640359647], [94.75524728179376, 28.257587309680417], [94.73252052673972, 28.257587309680417], [94.7201473296456, 28.280430134609208], [94.68588309188436, 28.280430134609208], [94.66875097255459, 28.39845140109173], [94.60974033880854, 28.38227106635997]]]}}, {"type": "Feature", "properties": {"dtname": "Shi Yomi", "stname": "Arunachal Pradesh", "stcode11": "12", "dtcode11": "785", "dist_lgd": 725, "state_lgd": 12, "year_stat": "2018", "incidents": 0, "riskLevel": "low", "riskScore": 15}, "geometry": {"type": "Polygon", "coordinates": [[[94.45037862170415, 28.615507780760204], [94.46751619111278, 28.62586404106977], [94.48454569498934, 28.691011137915655], [94.43411644796352, 28.75476689867983], [94.43620297834869, 28.80994453090536], [94.38266510679061, 28.878354034381456], [94.39565915742533, 28.932122800353127], [94.34276369358483, 28.9838339543218], [94.19158787091372, 29.037249196759518], [94.16445814566544, 28.957456727201738], [94.00724331315693, 28.840699639838853], [93.98670429268793, 28.80375546374028], [94.01030081366807, 28.7727858170189], [93.97295441304789, 28.743218110354924], [93.96771075629164, 28.707319796775796], [94.02337402204898, 28.651205748953572], [94.00143300091607, 28.577723963764], [94.09689218532553, 28.536030863801304], [94.11486670610118, 28.47569676391532], [94.15185126442661, 28.43605913069777], [94.2316368647443, 28.428147144636274], [94.2418098361793, 28.446711400127768], [94.29283452699958, 28.42872010278367], [94.30852261079835, 28.41689107296365], [94.3085777547804, 28.37551324229263], [94.38613545504002, 28.335837582858268], [94.43473098185612, 28.373586033153234], [94.44615239504208, 28.403567241810354], [94.4854374552668, 28.395750951792593], [94.50040410565416, 28.460674305690418], [94.54484773690636, 28.468720782888877], [94.56096138858783, 28.4898227036146], [94.53811856221591, 28.53360478606388], [94.53621499439961, 28.588808281290326], [94.45720088521423, 28.591301406331695], [94.45037862170415, 28.615507780760204]]]}}, {"type": "Feature", "properties": {"dtname": "Leparada", "stname": "Arunachal Pradesh", "stcode11": "12", "dtcode11": "784", "dist_lgd": 724, "state_lgd": 12, "year_stat": "2018", "incidents": 0, "riskLevel": "low", "riskScore": 15}, "geometry": {"type": "Polygon", "coordinates": [[[94.62541215771077, 28.055572563715106], [94.50611481269627, 28.055642453844854], [94.48429494015922, 28.022011321165746], [94.51300621594054, 28.015398252943427], [94.53778194641097, 27.93334084230704], [94.5580631324271, 27.90240229194276], [94.59292696240281, 27.890043149931817], [94.59483319641888, 27.870805131286364], [94.71741094989908, 27.82507268161198], [94.7459644824148, 27.772962487355183], [94.8991935259403, 27.822550326162837], [94.92307578663927, 27.851780163820525], [94.865917715266, 27.915726047714784], [94.8997573113076, 27.971578628751026], [94.8807374560701, 27.99998929027702], [94.9064252819811, 28.016310422189157], [94.79093629520632, 27.98711397712857], [94.62541215771077, 28.055572563715106]]]}}, {"type": "Feature", "properties": {"dtname": "Pakke Kessang", "stname": "Arunachal Pradesh", "stcode11": "12", "dtcode11": "783", "dist_lgd": 723, "state_lgd": 12, "year_stat": "2018", "incidents": 0, "riskLevel": "low", "riskScore": 15}, "geometry": {"type": "Polygon", "coordinates": [[[93.22071440994269, 27.37909305034476], [93.20126770402824, 27.390105093182143], [93.16687956523316, 27.367887202218704], [93.1339967198849, 27.374023379373376], [93.08333056196587, 27.312010101778718], [92.97673569330954, 27.270460305231175], [92.98177633530314, 27.21038232165253], [93.00526614990225, 27.191563840382376], [92.9891148255727, 27.17021820780159], [92.93637335902302, 27.17762326463648], [92.87304577685602, 27.15033487280742], [92.74662239942488, 27.19433499172667], [92.60805307620865, 27.14024363617784], [92.59026353921124, 27.079035526342917], [92.59779365630061, 27.05294011691478], [92.63552300243819, 27.02391534509173], [92.64541650439504, 26.987861859644088], [92.67247752469378, 27.031649104230585], [92.79347518919992, 27.02284586102595], [92.88906293689956, 26.998593225337498], [92.91841052443091, 26.982305667820196], [92.91714540276176, 26.96293037329049], [93.02185614314457, 26.913416559178334], [93.2616599583594, 26.953527633342077], [93.3895816098018, 26.958202316335797], [93.3851764216671, 26.983492097677804], [93.36061429709649, 26.98176909803921], [93.33973963190141, 27.001066171693456], [93.3428436489746, 27.03816260512182], [93.3125361387986, 27.079268053608274], [93.21293909140832, 27.116587766256647], [93.21606096788766, 27.13877457032988], [93.30944897681509, 27.172283555284285], [93.27295497139836, 27.211126450752865], [93.22121835493563, 27.20354000095183], [93.2250906184263, 27.250609855803745], [93.29441998963526, 27.290476865915675], [93.29515681927232, 27.30840307088557], [93.2909132389556, 27.323834261362524], [93.21077226870477, 27.35110328384775], [93.22071440994269, 27.37909305034476]]]}}, {"type": "Feature", "properties": {"dtname": "Kra Daadi", "stname": "Arunachal Pradesh", "stcode11": "12", "dtcode11": "763", "dist_lgd": 677, "state_lgd": 12, "year_stat": "2015_c", "incidents": 0, "riskLevel": "low", "riskScore": 15}, "geometry": {"type": "Polygon", "coordinates": [[[93.68511983734449, 28.318790532622526], [93.62766570101648, 28.30694957136949], [93.61343272987452, 28.27268540485908], [93.57155679092813, 28.25588445270039], [93.44778844989624, 28.282031812665295], [93.46022272793806, 28.11291062936643], [93.48592090693272, 28.103392782961215], [93.50590837888525, 28.069211580393095], [93.57015382457529, 28.057231239627978], [93.58799978385738, 27.977519294878842], [93.61851133916362, 27.95358567237607], [93.58466853793308, 27.905659573967952], [93.60180065726284, 27.907563142140084], [93.5922828127915, 27.833323959835383], [93.50947757056201, 27.74290444166317], [93.5323203951373, 27.721965182900572], [93.53755521067451, 27.673900071249868], [93.51468751534227, 27.65020857479655], [93.56752557593782, 27.599292360875427], [93.7668510610068, 27.70651528194165], [93.76960743186166, 27.76861373166737], [93.91851935718464, 27.808194773649223], [93.95279466039354, 27.86346838925886], [93.90449096926376, 27.896734716043053], [93.93522209169004, 27.91693229775517], [93.94739173233742, 27.961998336661946], [93.97721768623228, 27.977340114638213], [93.95010629829387, 27.980844985980305], [93.87527852069053, 28.05345177332498], [93.89120801594208, 28.10323070473123], [93.87507787209034, 28.11745253671655], [93.87190211466024, 28.15392399832854], [93.8451933740901, 28.173786402676186], [93.84168050139175, 28.241943828243038], [93.77322908155774, 28.260088959750277], [93.76630130642594, 28.278667209388235], [93.68511983734449, 28.318790532622526]]]}}, {"type": "Feature", "properties": {"dtname": "Namsai", "stname": "Arunachal Pradesh", "stcode11": "12", "dtcode11": "762", "dist_lgd": 678, "state_lgd": 12, "year_stat": "2014_c", "incidents": 0, "riskLevel": "low", "riskScore": 15}, "geometry": {"type": "Polygon", "coordinates": [[[96.1874795868811, 27.830780930224083], [96.02321551803122, 27.85024420139661], [95.80478099837322, 27.73603007230894], [95.75283063138188, 27.724728813673554], [95.76759185233513, 27.68729571712465], [95.7904626243972, 27.680141660687163], [95.77043303313594, 27.657702790617837], [95.79578489991049, 27.641732989951908], [95.77852655919845, 27.623978867367722], [95.79096619658927, 27.599202899622817], [95.8157994893065, 27.598669995638705], [95.81433708143129, 27.57424925207122], [95.86093326744538, 27.543050722776435], [96.00191072241006, 27.556664646343613], [96.06153021988266, 27.60634239680333], [96.12579212540363, 27.61956929027271], [96.22482806530455, 27.568165966066513], [96.30078183081088, 27.564166139146366], [96.27038962297836, 27.60212671905765], [96.27696619725826, 27.63683789435696], [96.2086038489779, 27.712994242816407], [96.1874795868811, 27.830780930224083]]]}}, {"type": "Feature", "properties": {"dtname": "Kamle", "stname": "Arunachal Pradesh", "stcode11": "12", "dtcode11": "778", "dist_lgd": 718, "state_lgd": 12, "year_stat": "2018", "incidents": 0, "riskLevel": "low", "riskScore": 15}, "geometry": {"type": "Polygon", "coordinates": [[[93.97721768623228, 27.977340114638213], [93.94739173233742, 27.961998336661946], [93.93522209169004, 27.91693229775517], [93.90291574197205, 27.892172969259978], [93.95230060944513, 27.86461143085726], [93.9373095491366, 27.831202083704596], [93.90197221358136, 27.798812024123208], [93.88094424728973, 27.79992263137448], [93.91586440882031, 27.7808473259905], [93.9073883729233, 27.74291551511502], [93.92613947199071, 27.745341357853995], [93.93884439805461, 27.713094906985905], [93.92672961841998, 27.695826628873156], [93.93476802295835, 27.60678831116847], [93.96376584065402, 27.586107494822404], [93.92725416717228, 27.527469473744645], [93.92609307759955, 27.490577474966607], [93.98006190783036, 27.502970584372797], [94.0878691284211, 27.495157357392877], [94.16972875727014, 27.542906980086023], [94.20702635062429, 27.53532081934035], [94.20759375081226, 27.49261277574243], [94.26825506135076, 27.520841041271026], [94.25869971670787, 27.55545808887365], [94.2249517335539, 27.574094621302496], [94.22664141968755, 27.59774110873053], [94.20948428856533, 27.60871595024965], [94.35603810931806, 27.72877365937182], [94.31418943783382, 27.739018932620247], [94.31714169172626, 27.773967381006674], [94.29405591059587, 27.790422220004263], [94.19344502277929, 27.8113861422393], [94.19188576034679, 27.83652401499496], [94.16014747018014, 27.843751422010953], [94.1491057290507, 27.86596216570136], [94.0741796029917, 27.849297237311315], [94.04767579868057, 27.91185753512893], [94.06820408607852, 27.939097873396776], [93.97721768623228, 27.977340114638213]]]}}, {"type": "Feature", "properties": {"dtname": "East Siang", "stname": "Arunachal Pradesh", "stcode11": "12", "dtcode11": "251", "dist_lgd": 232, "state_lgd": 12, "year_stat": "2011_c", "incidents": 3, "riskLevel": "low", "riskScore": 37}, "geometry": {"type": "Polygon", "coordinates": [[[95.38158629667015, 28.310808628869736], [95.3743874333418, 28.322680777339794], [95.3201769275535, 28.28833555732781], [95.32845626743759, 28.265985780733327], [95.31465506075715, 28.23860322398304], [95.28266018838913, 28.232103153673403], [95.28902667636847, 28.203009254120214], [95.22904348876659, 28.17337402432212], [95.20692624692103, 28.178158864329355], [95.201100713626, 28.163164973268227], [95.18505338366364, 28.17359988726262], [95.1923803009374, 28.164559630653297], [95.22232169463452, 28.152763383721798], [95.21285515025409, 28.112440902621774], [95.2384859052968, 28.047394209026738], [95.21723881655119, 28.056256885866464], [95.0673671868742, 28.02344916600985], [95.08907436036897, 27.967662932032702], [95.07185301138202, 27.91596914164587], [95.12069062069249, 27.9034900897462], [95.11521868944611, 27.85678004923799], [95.13640185497444, 27.81564697567297], [95.30876058086574, 27.86801078029963], [95.37957712111239, 27.839178931122895], [95.5153262868004, 27.879702503276242], [95.50000267286862, 27.951811740256254], [95.55823138334699, 28.035344201758726], [95.56748177690037, 28.078480287093853], [95.56365753015827, 28.25488031500979], [95.53542219169594, 28.28617581138269], [95.46554801382672, 28.259208313238158], [95.4350285946685, 28.314528626221815], [95.38158629667015, 28.310808628869736]]]}}, {"type": "Feature", "properties": {"dtname": "Longding", "stname": "Arunachal Pradesh", "stcode11": "12", "dtcode11": "761", "dist_lgd": 666, "state_lgd": 12, "year_stat": "2012_c", "incidents": 0, "riskLevel": "low", "riskScore": 15}, "geometry": {"type": "Polygon", "coordinates": [[[95.36397225634326, 27.102196085377994], [95.29182971560067, 27.066487345640454], [95.24643619229228, 27.02380500310556], [95.23222939356612, 27.04275341494817], [95.19252093129685, 27.035206752624717], [95.19204327909395, 26.9845341911003], [95.21184288098122, 26.96483790973271], [95.23048054708278, 26.88515403416621], [95.1811430342999, 26.859202886195682], [95.20518804996539, 26.845018321266902], [95.19561926472923, 26.834236800318603], [95.2116203637938, 26.79259038060016], [95.24135039737922, 26.781451253854367], [95.21252421180174, 26.729432931136284], [95.25952168243978, 26.655318392696056], [95.30395971718778, 26.65100893220255], [95.33578689295683, 26.674483126999597], [95.43138003324313, 26.70069809769069], [95.45909141134968, 26.74388473166366], [95.48275926485157, 26.74705340030071], [95.50502494970456, 26.792535763218748], [95.5048208803198, 26.876692050315718], [95.44042999738527, 26.867181784328697], [95.36812412495772, 26.935531800736946], [95.37716607792412, 27.008819199874438], [95.36021107402904, 27.032672388965302], [95.38882543596424, 27.04474906083392], [95.38701704644892, 27.084343291665864], [95.36397225634326, 27.102196085377994]]]}}, {"type": "Feature", "properties": {"dtname": "Hnahthial", "stname": "Mizoram", "stcode11": "15", "dtcode11": "793", "dist_lgd": 726, "state_lgd": 15, "year_stat": "201920", "incidents": 0, "riskLevel": "low", "riskScore": 15}, "geometry": {"type": "Polygon", "coordinates": [[[92.92006143029374, 23.187330964089515], [92.8637695315854, 23.169437383019517], [92.86274719309651, 23.090768812143732], [92.87812805216981, 23.07478142273259], [92.89031043002956, 22.952503202714023], [92.85080460612882, 22.87750303636808], [92.87838189540786, 22.86315172736439], [92.86805530577104, 22.850614188245583], [92.89030592408011, 22.828441219859926], [92.89176178144025, 22.798721345353496], [92.85981750578233, 22.762247098246252], [92.90667724672102, 22.723747244943567], [92.93290169114846, 22.776221186104483], [92.92641352097402, 22.792145146657123], [92.99268112826752, 22.752433600288374], [93.00965918742436, 22.75320022429365], [93.03284185006152, 22.797991232002712], [93.083048241235, 22.80849829889627], [93.09651335942158, 22.786710415649452], [93.12985611794078, 22.903874132140775], [93.164536983551, 22.910493530188482], [93.13803911440893, 22.950564520922786], [93.14015158364792, 22.990782124245882], [93.0384638691306, 23.049807119695537], [93.03723017412337, 23.081469069720477], [92.95760645920305, 23.11603139026302], [92.95378672469859, 23.165128265683304], [92.92006143029374, 23.187330964089515]]]}}, {"type": "Feature", "properties": {"dtname": "Noklak", "stname": "Nagaland", "stcode11": "13", "dtcode11": "792", "dist_lgd": 736, "state_lgd": 13, "year_stat": "2022", "incidents": 1, "riskLevel": "low", "riskScore": 29}, "geometry": {"type": "Polygon", "coordinates": [[[95.12632112884098, 26.3394254152618], [95.04401701179275, 26.327724942673036], [94.99970271817853, 26.28542809883788], [94.93764779993576, 26.298691480343], [94.94179972514408, 26.265656323829695], [94.90094745958311, 26.24482636775401], [94.88690288491914, 26.217887119782425], [94.89631302138793, 26.194148798693032], [94.9699508402603, 26.215320561616444], [95.00920277690557, 26.170083617733486], [94.97454812683027, 26.111545427264296], [95.00393185897536, 26.102134693648146], [94.92554550329034, 26.056887216766164], [94.86850667338955, 25.977587598647105], [94.89712036877478, 25.943591359111952], [94.93603094740871, 25.940225802362498], [94.93592985280327, 25.916513259314968], [94.98198859115594, 25.875665663631718], [95.01717321490952, 25.88765545874739], [95.03135204908091, 25.9311461096057], [95.09560817304471, 25.95523848766856], [95.1858880883442, 26.073099058383274], [95.1162779388117, 26.1068255186097], [95.1222131213686, 26.18632561976702], [95.14268026763173, 26.211634223827357], [95.11459852221836, 26.23288937813197], [95.12729752119803, 26.25398067039258], [95.12632112884098, 26.3394254152618]]]}}, {"type": "Feature", "properties": {"dtname": "Lakhimpur", "stname": "Assam", "stcode11": "18", "dtcode11": "307", "dist_lgd": 295, "state_lgd": 18, "year_stat": "2011_c", "incidents": 4, "riskLevel": "low", "riskScore": 41}, "geometry": {"type": "Polygon", "coordinates": [[[94.27761151180323, 27.466713596607647], [94.26815341787467, 27.520812244237145], [94.15666608702577, 27.474857511871246], [94.15942434344443, 27.461617556376762], [94.08959746187492, 27.407048514332136], [94.05981417256615, 27.361537147373276], [93.99125470786133, 27.328346488704227], [93.79477051498426, 27.136047218877092], [93.82506641982508, 27.116422826165063], [93.83567088712536, 27.074297474984764], [93.8033586336793, 27.058057924028688], [93.79378222533964, 27.07233935523967], [93.78941804529767, 27.0505954738888], [93.77087090512225, 27.062035818915582], [93.767424570637, 27.039439081186018], [93.6977834283289, 26.994203072624636], [93.74385707063044, 26.958536596947013], [93.73951574103438, 26.898622163723406], [93.78070723380284, 26.88573776435555], [93.7891123836408, 26.859348918838723], [93.76981030828374, 26.845454362388683], [93.78861723315447, 26.829490465758116], [93.8238404790754, 26.825289802326274], [93.83512561873104, 26.85106254230827], [93.88205811871617, 26.85811435801141], [93.92612410720609, 26.930364793615393], [93.9736493928708, 26.922683286664668], [93.99661343790716, 26.942315290380556], [94.02281483156442, 26.932004348621923], [94.02435441101072, 26.956536006155094], [94.05990291174317, 26.983006218850168], [94.07997045323191, 26.959977936067954], [94.13433297372923, 26.968793562307855], [94.13389364185976, 26.988339049022944], [94.18771122723773, 27.0028570357389], [94.18730680030693, 27.03615124326665], [94.22310237726839, 27.031708215866455], [94.2544351221017, 27.088290427076053], [94.2801362197227, 27.094831554967556], [94.31190906718004, 27.07126351105368], [94.3237362323118, 27.088565192771682], [94.36961873468049, 27.09911256631091], [94.41809585366066, 27.093083442393855], [94.4352259445945, 27.119818711993382], [94.46810673729232, 27.114188354704122], [94.48021161120433, 27.139296626046065], [94.5065239764436, 27.12137645594825], [94.51063962139249, 27.142391959796843], [94.53315574486864, 27.147838003657018], [94.52604262124258, 27.162227591764836], [94.5732259685843, 27.185875831188604], [94.58658167107096, 27.26743832222858], [94.61373391618508, 27.30655213165116], [94.60649002659974, 27.32881583074806], [94.62897137269796, 27.33885529424999], [94.61819610422117, 27.365094082692863], [94.59315548572627, 27.358483862279325], [94.59230508029118, 27.377828001007344], [94.51298236117817, 27.34932979333201], [94.49828817790132, 27.32971646928573], [94.46039391994219, 27.332314484356488], [94.44263020232269, 27.308456897355104], [94.42671805264091, 27.33797678068907], [94.40602009414702, 27.330918074604817], [94.39000837340254, 27.35068893367478], [94.30687708225081, 27.319166435697408], [94.29890468232628, 27.350500613862902], [94.24704242658954, 27.391988592124335], [94.26539489106312, 27.40000907020087], [94.29028436801147, 27.383433566350597], [94.30531499820997, 27.397122711955596], [94.30704186112166, 27.436002574326565], [94.27761151180323, 27.466713596607647]]]}}, {"type": "Feature", "properties": {"dtname": "Darrang", "stname": "Assam", "stcode11": "18", "dtcode11": "325", "dist_lgd": 283, "state_lgd": 18, "year_stat": "2011_c", "incidents": 0, "riskLevel": "low", "riskScore": 15}, "geometry": {"type": "Polygon", "coordinates": [[[92.20626639463768, 26.64173073431656], [92.17097345112884, 26.659586269326404], [92.11591873468767, 26.632169232301045], [92.08068770306822, 26.64097420807445], [92.07584625081074, 26.61837191902487], [92.03076231479707, 26.604529432662716], [92.04091800534094, 26.591055719278227], [92.02087325141603, 26.586405106309744], [92.0262754311755, 26.54130033566255], [92.06144271295251, 26.53702200036876], [92.06609541479573, 26.58219471461312], [92.11640434237069, 26.568973050122093], [92.11654279341724, 26.55091689288149], [92.07646205492117, 26.54163432483416], [92.07169757660546, 26.510003687845817], [92.0566456437583, 26.509904951695653], [92.0719876030848, 26.473891476681434], [92.04687172463375, 26.47824029868193], [92.04668558382542, 26.50081027511189], [92.02508400998721, 26.508887818186107], [92.03447766057391, 26.52434152773307], [92.01941161788858, 26.5218724108109], [92.02772527611148, 26.53679603111326], [91.99610793960625, 26.55451931160152], [91.92603315356104, 26.527068653866486], [91.9206556675904, 26.572115735889636], [91.87577916155898, 26.535658737657407], [91.8407412677256, 26.539891849953488], [91.84586615192993, 26.524017868050034], [91.81834548166661, 26.50581862975378], [91.78305284268664, 26.50432634716932], [91.76466273341278, 26.458806608382268], [91.78085765028811, 26.4114781298335], [91.82065516973802, 26.374191487083852], [91.82169320538819, 26.332081338681505], [91.81412222842813, 26.31115130073245], [91.79334353744136, 26.321574415207376], [91.78183889444601, 26.305437585928885], [91.78448172274052, 26.251341770631484], [91.74657168138187, 26.21006626113732], [91.77091764434563, 26.198479117849033], [91.87988518914446, 26.21672135887642], [91.97823466614963, 26.27478956086817], [92.04016955689399, 26.272959599385583], [92.15451298596733, 26.410802743855243], [92.18197400989239, 26.424360123688043], [92.22094366892593, 26.41673937137279], [92.24470083293338, 26.44601472371845], [92.28126765578705, 26.454114208655852], [92.34015711758107, 26.50043173796767], [92.3465465808721, 26.520824909300728], [92.38184488911982, 26.529855123303847], [92.35985574074556, 26.57478955268807], [92.3322430335898, 26.574662770609773], [92.33718552655381, 26.588229002641036], [92.30187392413819, 26.615146337209904], [92.28658310769744, 26.651185056128583], [92.27148322906862, 26.655622767195055], [92.27679144504937, 26.610506724393364], [92.24172717308599, 26.596781255381053], [92.25705335979278, 26.556233025735118], [92.23700500901344, 26.551612745599687], [92.22155028057604, 26.61021524008036], [92.19634626571748, 26.623617947942236], [92.20626639463768, 26.64173073431656]]]}}, {"type": "Feature", "properties": {"dtname": "Champhai", "stname": "Mizoram", "stcode11": "15", "dtcode11": "284", "dist_lgd": 262, "state_lgd": 15, "year_stat": "2011_c", "incidents": 1, "riskLevel": "low", "riskScore": 29}, "geometry": {"type": "MultiPolygon", "coordinates": [[[[93.25266369011504, 23.389014809889552], [93.21630298839827, 23.37341160319756], [93.19744799557499, 23.279632102169884], [93.17783748995333, 23.269754376761735], [93.16179223509927, 23.193824456389116], [93.14492016097628, 23.18894143416287], [93.17283633879792, 23.14084489674985], [93.16282836901598, 23.101522378088628], [93.17669989671518, 23.060311072013608], [93.2098653628316, 23.04853955936772], [93.22946170022458, 23.011649860864246], [93.27501219334904, 23.00391061359411], [93.31339625592021, 23.018937715168853], [93.35205975832514, 23.070397137878338], [93.33926061515758, 23.07383377899367], [93.35566459425405, 23.1160521673143], [93.38561298582722, 23.133835432030846], [93.36823432566432, 23.14409881522365], [93.3686458025735, 23.17529590892929], [93.38861304266919, 23.216918220326583], [93.36261471228359, 23.279137595223812], [93.37288265720369, 23.329417999547434], [93.35696563685644, 23.35378633099611], [93.34507774830638, 23.35714079633476], [93.33659696481311, 23.3375473060752], [93.28809562186298, 23.34110315999164], [93.25266369011504, 23.389014809889552]]], [[[93.3682804325946, 23.859399842204574], [93.35273970214685, 23.83294163300756], [93.35912681993669, 23.79992744780855], [93.33259591525004, 23.802358426692102], [93.24247044190746, 23.713190922994354], [93.25646024628857, 23.70012505263462], [93.24407807322814, 23.63020250401633], [93.27366812593614, 23.59810409579639], [93.26287812958023, 23.573528007230216], [93.28396233759513, 23.54326022086978], [93.25688429781503, 23.474018003960566], [93.27453083290067, 23.42149041927454], [93.3899902624077, 23.42917913198035], [93.39472258822273, 23.50375956616034], [93.41853631465202, 23.540007095278682], [93.40981531985514, 23.563648662984416], [93.42855343916501, 23.58879798683019], [93.4165015658548, 23.647628637261], [93.43690617320446, 23.687040715667997], [93.40727484560409, 23.70724376688671], [93.41095264090377, 23.729403778011694], [93.39155395892443, 23.756691970912513], [93.401884060974, 23.812444891904338], [93.38088638587377, 23.820769156667183], [93.3682804325946, 23.859399842204574]]]]}}, {"type": "Feature", "properties": {"dtname": "Khawzawl", "stname": "Mizoram", "stcode11": "15", "dtcode11": "795", "dist_lgd": 728, "state_lgd": 15, "year_stat": "201920", "incidents": 1, "riskLevel": "low", "riskScore": 29}, "geometry": {"type": "Polygon", "coordinates": [[[93.17244894122994, 23.799154277606213], [93.15142697029455, 23.761680884345747], [93.16576564889097, 23.742004277041296], [93.15803025328444, 23.71213538962602], [93.11724386297988, 23.681968427765838], [93.1201588987718, 23.641701915760315], [93.07819835469536, 23.658180029975846], [93.06530352118712, 23.679292154223813], [93.02600782041785, 23.67520714436546], [93.04087467426535, 23.52386310034049], [93.0144256474236, 23.49840158384674], [93.04560435544022, 23.46642165365611], [93.07747753573159, 23.47807551636669], [93.06996804485946, 23.46500136462611], [93.09892584979579, 23.4464954884038], [93.0741052610533, 23.401105874332], [93.03247325243582, 23.397690219663822], [93.0485875625824, 23.36972993839913], [93.0051302365964, 23.2933832756497], [93.04310673442149, 23.24943628494517], [93.03838489464071, 23.23693360805342], [93.0542676999554, 23.24352355908438], [93.08268077099501, 23.226073177152365], [93.1053737224449, 23.240403958367697], [93.15794155902319, 23.199049987338764], [93.22632896311343, 23.38545735604532], [93.2601080306712, 23.38916194373053], [93.2843881929387, 23.34331870997628], [93.33625394132525, 23.33753505417768], [93.34574665542651, 23.357570079022313], [93.38763068639695, 23.359396960759426], [93.40251176866025, 23.38876918739865], [93.37977738241783, 23.434396455121583], [93.35102904304625, 23.418999847705216], [93.32003702201366, 23.431305442323975], [93.27453083290067, 23.42149041927454], [93.26404385805306, 23.435624889663742], [93.25688429781503, 23.474018003960566], [93.28396233759513, 23.54326022086978], [93.26287812958023, 23.573528007230216], [93.27366812593614, 23.59810409579639], [93.24407807322814, 23.63020250401633], [93.25646024628857, 23.70012505263462], [93.24144017219294, 23.70793380407484], [93.26061183732355, 23.730620161126463], [93.20486811934768, 23.75366995679632], [93.17244894122994, 23.799154277606213]]]}}, {"type": "Feature", "properties": {"dtname": "Bajali", "stname": "Assam", "stcode11": "18", "dtcode11": "799", "dist_lgd": 739, "state_lgd": 18, "year_stat": "2022", "incidents": 0, "riskLevel": "low", "riskScore": 15}, "geometry": {"type": "Polygon", "coordinates": [[[91.18635233115312, 26.627744015724797], [91.144167571175, 26.62544304504198], [91.14232100505674, 26.600915808945093], [91.12557979031783, 26.603591696114684], [91.1097981164395, 26.553990281035063], [91.07986078222918, 26.547001397774864], [91.07192221824815, 26.51622813113063], [91.0520492446634, 26.52941350009188], [90.99106915526824, 26.52389514912562], [91.00026657516932, 26.46881448078501], [91.01739104714105, 26.452551814900506], [90.99698247372945, 26.43517844137023], [91.00229075169396, 26.42425673744554], [91.05683852726074, 26.42877784167878], [91.05893486096058, 26.415007509855013], [91.0848170301968, 26.425735687019202], [91.09893289067011, 26.41170824260571], [91.12281178089015, 26.425710034648638], [91.20260201741299, 26.40248757190626], [91.20825455584553, 26.41327263508042], [91.21608155266155, 26.381795049119606], [91.23650889187945, 26.390148569322417], [91.2309982207865, 26.439889560089576], [91.26594433015403, 26.490944896177258], [91.24799161059201, 26.538324973635703], [91.29845296969425, 26.580976578148768], [91.23688364925309, 26.58841092603928], [91.23357903119044, 26.608050528851713], [91.24933391371373, 26.616734990633052], [91.1977752211694, 26.623007594857988], [91.19857321709418, 26.603917710224287], [91.19360863455734, 26.603705014940125], [91.17671842883864, 26.621568240333325], [91.18635233115312, 26.627744015724797]]]}}, {"type": "Feature", "properties": {"dtname": "Saitual", "stname": "Mizoram", "stcode11": "15", "dtcode11": "794", "dist_lgd": 727, "state_lgd": 15, "year_stat": "201920", "incidents": 1, "riskLevel": "low", "riskScore": 29}, "geometry": {"type": "Polygon", "coordinates": [[[92.99647091024545, 24.112656099781386], [92.96720909475572, 24.106804275605224], [92.9666545925786, 24.093970257393412], [92.99233924294512, 24.088504806801982], [92.99760567199378, 23.999788820953587], [92.98329624703462, 23.957394250686853], [92.99664325472766, 23.931571083766386], [92.97911385097188, 23.917859450196072], [92.97709701098817, 23.88520704295963], [93.00223194001148, 23.86847059339864], [93.00032837129687, 23.80279746829893], [93.03181222264244, 23.746175497001463], [93.02631135935572, 23.67570840571866], [93.06530352118712, 23.679292154223813], [93.07819835469536, 23.658180029975846], [93.1201588987718, 23.641701915760315], [93.12571886042444, 23.69925527159154], [93.14838878895192, 23.6991594764056], [93.16180357902468, 23.72424482886737], [93.15141812009237, 23.761607634399777], [93.16770911358397, 23.79833837134677], [93.18842375918257, 23.78938089163993], [93.20486811934768, 23.75366995679632], [93.25385792842008, 23.737967956624107], [93.33289563365302, 23.80254380282701], [93.35912681993669, 23.79992744780855], [93.36567064972611, 23.859791318956894], [93.38020518081741, 23.82179695894634], [93.39066904740267, 23.817068856098178], [93.39313511599536, 23.92884009359317], [93.3507639151716, 23.9416499531941], [93.32862338540062, 23.985379651249378], [93.33896286137018, 24.021477668098672], [93.32580093088019, 24.050354208337723], [93.2835304500644, 24.048397032698762], [93.25063848412108, 24.020712362617264], [93.26198616718179, 24.05715231406124], [93.24344927678374, 24.082273217614006], [93.21929213789605, 24.080995743913554], [93.21216921275195, 24.047062755226502], [93.16533577358648, 24.052055542666395], [93.16539451082964, 24.072170226096965], [93.14346868110648, 24.08523862566368], [93.09650687268692, 24.04233672364511], [93.09794822135692, 24.071263315596834], [93.07516464965778, 24.100270904122745], [93.04938714672856, 24.08804708292252], [92.99647091024545, 24.112656099781386]]]}}, {"type": "Feature", "properties": {"dtname": "Pakyong", "stname": "Sikkim", "stcode11": "11", "dtcode11": "801", "dist_lgd": 741, "state_lgd": 11, "year_stat": "2022", "incidents": 2, "riskLevel": "low", "riskScore": 33}, "geometry": {"type": "Polygon", "coordinates": [[[88.75357359069949, 27.326072097822685], [88.70657953635444, 27.331066126143696], [88.64450907905395, 27.271842617988938], [88.59794185292795, 27.2820745661058], [88.58863156599962, 27.265387316329278], [88.55843021243574, 27.264011408053044], [88.59695602287053, 27.189322093020973], [88.6602594888654, 27.1605520349019], [88.69153224869565, 27.1783921353107], [88.73862480241327, 27.13539956101994], [88.76460813901846, 27.177017500647167], [88.78676036934601, 27.181986008226485], [88.80309608276906, 27.24783621564671], [88.87910881189406, 27.261138605940175], [88.91356480044259, 27.29009080313192], [88.91511276386542, 27.314209340128997], [88.76263729457388, 27.295234317391614], [88.73836195715775, 27.29909613330303], [88.75357359069949, 27.326072097822685]]]}}, {"type": "Feature", "properties": {"dtname": "Soreng", "stname": "Sikkim", "stcode11": "11", "dtcode11": "802", "dist_lgd": 742, "state_lgd": 11, "year_stat": "2022", "incidents": 0, "riskLevel": "low", "riskScore": 15}, "geometry": {"type": "Polygon", "coordinates": [[[88.09150006094478, 27.254515531001477], [88.02801760113795, 27.249607260958452], [88.012389250814, 27.2157409383599], [88.06466005225708, 27.21431199968898], [88.09630732332252, 27.13313504299528], [88.15178073643277, 27.109576442891814], [88.19462679210562, 27.134849882350274], [88.23002325117959, 27.11898050203187], [88.28315429101686, 27.12824466837295], [88.30080718527638, 27.173651503304253], [88.33436076940964, 27.1945287611509], [88.32301467367203, 27.220504254960396], [88.27570237766287, 27.248268735390113], [88.14982175963145, 27.2485642736617], [88.1304748915794, 27.236788863177445], [88.09150006094478, 27.254515531001477]]]}}, {"type": "Feature", "properties": {"dtname": "Eastern West Khasi Hills", "stname": "Meghalaya", "stcode11": "17", "dtcode11": "800", "dist_lgd": 740, "state_lgd": 17, "year_stat": "2022", "incidents": 0, "riskLevel": "low", "riskScore": 15}, "geometry": {"type": "Polygon", "coordinates": [[[91.78839491257722, 25.782195811900426], [91.73798893012066, 25.828861757396613], [91.6979490290374, 25.80465457335726], [91.58696751706712, 25.81188995732435], [91.43745951284075, 25.792336708314718], [91.4330025161687, 25.653615164945283], [91.34299406995143, 25.560938023906314], [91.3339379712142, 25.50269426223094], [91.37759351675587, 25.462931683709648], [91.30682035256102, 25.430183661078768], [91.29045399221371, 25.406773620979255], [91.41542377963248, 25.437110988604424], [91.43681810674472, 25.410108174050745], [91.4928479668847, 25.420129222978304], [91.54163280735874, 25.439776868259443], [91.53103196565895, 25.517111177885297], [91.54723687359686, 25.510512569094047], [91.65379239155219, 25.55187235981284], [91.65861454440406, 25.527957194868847], [91.68908319527402, 25.525919869186612], [91.74353415580937, 25.575152291983787], [91.73743751185992, 25.62523184416302], [91.78196320241669, 25.59098541464727], [91.82805864503358, 25.68865143639863], [91.80828073386716, 25.733263633360448], [91.7683248620939, 25.743274875764786], [91.78839491257722, 25.782195811900426]]]}}, {"type": "Feature", "properties": {"dtname": "Baksa", "stname": "Assam", "stcode11": "18", "dtcode11": "324", "dist_lgd": 616, "state_lgd": 18, "year_stat": "2011_c", "incidents": 0, "riskLevel": "low", "riskScore": 15}, "geometry": {"type": "Polygon", "coordinates": [[[91.50086661657164, 26.66248824891728], [91.40680679357583, 26.838393888249755], [91.37600584330586, 26.79522768836486], [91.33724792706627, 26.780860907100088], [91.23688719220857, 26.8120026222404], [91.0975627451645, 26.82199287939753], [91.05406044592209, 26.780985435184128], [90.9592823758392, 26.784483295302966], [90.89897581809117, 26.688753556093076], [90.90081825285745, 26.59859247667645], [90.86968890187583, 26.576850972391938], [90.8783871800758, 26.556761019836948], [90.91806570329331, 26.545289677655635], [90.96529939042688, 26.58451558171278], [90.96354595984066, 26.598698651603893], [90.99482273064862, 26.600784496681964], [90.97700456793636, 26.500003088823647], [90.93544230631416, 26.4810340843406], [90.96017992396204, 26.463662724813332], [90.94793395885489, 26.459072494054098], [90.94731025675651, 26.455719752970943], [90.96638025774979, 26.459522857605478], [90.95906022965593, 26.437847098352886], [90.97925211414969, 26.455182109004546], [90.97895605458486, 26.426415680307155], [91.01729611408015, 26.443808135372844], [90.99106915526824, 26.52389514912562], [91.0520492446634, 26.52941350009188], [91.07192221824815, 26.51622813113063], [91.07986078222918, 26.547001397774864], [91.1097981164395, 26.553990281035063], [91.11747098570896, 26.59162954132195], [91.16167867714672, 26.632045451197854], [91.18635233115312, 26.627744015724797], [91.17671842883864, 26.621568240333325], [91.19360863455734, 26.603705014940125], [91.1977752211694, 26.623007594857988], [91.24933391371373, 26.616734990633052], [91.23357903119044, 26.608050528851713], [91.23688364925309, 26.58841092603928], [91.29845296969425, 26.580976578148768], [91.26165660303097, 26.544881897998156], [91.26432600528824, 26.53332419468164], [91.30949909999218, 26.55126936840045], [91.2939387853729, 26.492762594196403], [91.34965283109663, 26.509985038217593], [91.361415118102, 26.500961327371172], [91.35264667069853, 26.524002258126544], [91.45870767327649, 26.54234811399243], [91.42882170922569, 26.54933769629707], [91.43428908601355, 26.563429098155172], [91.47671803144208, 26.57014456037007], [91.49836732827976, 26.53325673851746], [91.52809385663895, 26.56381475213391], [91.50071732555458, 26.57244082813754], [91.5028999262678, 26.60072219517296], [91.48795366404416, 26.61336495600444], [91.5093307300282, 26.628291673175816], [91.50086661657164, 26.66248824891728]]]}}, {"type": "Feature", "properties": {"dtname": "Tseminyu", "stname": "Nagaland", "stcode11": "13", "dtcode11": "817", "dist_lgd": 757, "state_lgd": 13, "year_stat": "2022", "incidents": 1, "riskLevel": "low", "riskScore": 29}, "geometry": {"type": "Polygon", "coordinates": [[[94.24339667689104, 26.002030611720684], [94.21464346685394, 26.021765283143807], [94.19265961494662, 25.98943406803999], [94.16070623755823, 25.97295110965951], [94.1394348673505, 25.986670409829113], [94.13215661091735, 25.97050902021763], [94.10379268580864, 25.97233656480084], [94.09544532099966, 25.991487379744147], [94.08496796800704, 25.965107368619282], [94.0397428042543, 25.96271532593744], [94.0346064440722, 25.940151053180223], [93.97801389720458, 25.926619134120624], [93.9671221828124, 25.90188304935326], [93.99958889169014, 25.878181532273064], [94.00990118284255, 25.88615278204894], [94.00042616734902, 25.901736876020163], [94.02342612164051, 25.922284613291986], [94.02324017307167, 25.897904049648357], [94.04313732840552, 25.90838137811139], [94.06940748001294, 25.89844730712737], [94.07693516356618, 25.91507621415433], [94.11497518216332, 25.89422978413073], [94.14652815437842, 25.916721932798815], [94.16141114466335, 25.901319121718952], [94.16106857302806, 25.85924358001023], [94.21163400375262, 25.862121241787698], [94.23450326844166, 25.912211538663467], [94.29877267309864, 25.940251076336914], [94.29868252895652, 26.006632211089116], [94.24339667689104, 26.002030611720684]]]}}, {"type": "Feature", "properties": {"dtname": "Dimapur", "stname": "Nagaland", "stcode11": "13", "dtcode11": "265", "dist_lgd": 244, "state_lgd": 13, "year_stat": "2011_c", "incidents": 0, "riskLevel": "low", "riskScore": 15}, "geometry": {"type": "Polygon", "coordinates": [[[93.77672398435713, 25.968651491967318], [93.74538162575365, 25.94277902799963], [93.75131325996517, 25.93280877419142], [93.6815292388145, 25.904386428359324], [93.7014915669222, 25.853281722626914], [93.76811917226921, 25.852631357258403], [93.78935991890889, 25.866568056362798], [93.79611010519385, 25.903390999609012], [93.77672398435713, 25.968651491967318]]]}}, {"type": "Feature", "properties": {"dtname": "Tamulpur", "stname": "Assam", "stcode11": "18", "dtcode11": "816", "dist_lgd": 756, "state_lgd": 18, "year_stat": "2022", "incidents": 0, "riskLevel": "low", "riskScore": 15}, "geometry": {"type": "Polygon", "coordinates": [[[91.49510696931283, 26.791205865328685], [91.40680679357583, 26.838393888249755], [91.46020722020047, 26.725496743291856], [91.49007353989262, 26.696102614694443], [91.50950994123245, 26.629836352674964], [91.48795366404416, 26.61336495600444], [91.5028999262678, 26.60072219517296], [91.50071732555458, 26.57244082813754], [91.52577032103746, 26.562887137925916], [91.58528603973853, 26.5771380073421], [91.59974253687601, 26.517839411693373], [91.63050276381918, 26.51439524210287], [91.62438009837093, 26.447639425955785], [91.67666440508597, 26.4484554288203], [91.72009327424043, 26.47699029774245], [91.72486635841653, 26.503061361135227], [91.75302368268804, 26.495330936903333], [91.75220124899425, 26.481615620281488], [91.78021068721374, 26.48215444172785], [91.78534174643734, 26.535806693301783], [91.74909771521469, 26.580563155658826], [91.76254926524722, 26.593684748151], [91.75037410535077, 26.58694545868197], [91.75156344244758, 26.604993307387424], [91.73737176506259, 26.604184256676696], [91.74545855286215, 26.688002877209343], [91.70486048357711, 26.812930718280764], [91.62552430859945, 26.82086583366816], [91.49510696931283, 26.791205865328685]]]}}, {"type": "Feature", "properties": {"dtname": "Niuland", "stname": "Nagaland", "stcode11": "13", "dtcode11": "819", "dist_lgd": 764, "state_lgd": 13, "year_stat": "2023", "incidents": 0, "riskLevel": "low", "riskScore": 15}, "geometry": {"type": "Polygon", "coordinates": [[[93.96725125904065, 25.901564496611087], [93.91599580988847, 25.883701268713065], [93.88180175390714, 25.8433493840466], [93.85225737963302, 25.85822817815168], [93.83047721083487, 25.849246280095983], [93.84145488232164, 25.796304624305964], [93.90934089892255, 25.81950247523992], [93.99549492129236, 25.879977039655056], [93.96725125904065, 25.901564496611087]]]}}, {"type": "Feature", "properties": {"dtname": "Shamator", "stname": "Nagaland", "stcode11": "13", "dtcode11": "820", "dist_lgd": 765, "state_lgd": 13, "year_stat": "2023", "incidents": 0, "riskLevel": "low", "riskScore": 15}, "geometry": {"type": "Polygon", "coordinates": [[[94.995695419036, 26.190059870010163], [94.94934958900002, 26.218270112860342], [94.8945028666831, 26.194277536301176], [94.91529146608747, 26.167853047635305], [94.89049201739859, 26.126911525990593], [94.92743882402416, 26.04973339910223], [94.96633147318333, 26.08879018593354], [95.00399205867583, 26.102255103626153], [94.97454812862689, 26.111485609821628], [95.0084174759724, 26.15859956234738], [94.995695419036, 26.190059870010163]]]}}, {"type": "Feature", "properties": {"dtname": "Phek", "stname": "Nagaland", "stcode11": "13", "dtcode11": "266", "dist_lgd": 248, "state_lgd": 13, "year_stat": "2011_c", "incidents": 1, "riskLevel": "low", "riskScore": 29}, "geometry": {"type": "Polygon", "coordinates": [[[94.46015750941055, 25.849307573911478], [94.3539325786663, 25.81875332326494], [94.33666031316906, 25.826331603360718], [94.31531531973559, 25.75239757419653], [94.25821660993459, 25.758603228810756], [94.24611453607135, 25.745512366630084], [94.21326439568766, 25.672499738316496], [94.21439634840411, 25.610043032671843], [94.18595270320382, 25.52983796235255], [94.21059155378119, 25.495364302112524], [94.28241048542583, 25.506673606901984], [94.30913978843286, 25.48935178231398], [94.41581708380471, 25.537332818691223], [94.42358708610921, 25.609756734584177], [94.45329705222956, 25.658828181186585], [94.4895988011075, 25.831787148292538], [94.46552497736916, 25.830431309401312], [94.46015750941055, 25.849307573911478]]]}}, {"type": "Feature", "properties": {"dtname": "Bichom", "stname": "Arunachal Pradesh", "stcode11": "12", "dtcode11": "848", "dist_lgd": 787, "state_lgd": 12, "year_stat": "2024", "incidents": 1, "riskLevel": "low", "riskScore": 29}, "geometry": {"type": "Polygon", "coordinates": [[[92.826852542739, 27.16298586664634], [92.8940210955838, 27.213398498215646], [92.89937488220059, 27.268720966808218], [92.92733354943687, 27.304412882344618], [92.90353893915682, 27.372227519625007], [92.92387143334874, 27.415414737775887], [92.84201797502737, 27.463003957959867], [92.80518324940314, 27.428604951231186], [92.8228598888306, 27.37893885297945], [92.80016320577901, 27.350231181155046], [92.84424081667208, 27.293200546706743], [92.80574310643766, 27.295075169643138], [92.80016688168513, 27.26662605839272], [92.83625889280887, 27.232771635795718], [92.80810680212225, 27.200290528195403], [92.826852542739, 27.16298586664634]]]}}, {"type": "Feature", "properties": {"dtname": "Lower Subansiri", "stname": "Arunachal Pradesh", "stcode11": "12", "dtcode11": "255", "dist_lgd": 236, "state_lgd": 12, "year_stat": "2011_c", "incidents": 1, "riskLevel": "low", "riskScore": 29}, "geometry": {"type": "Polygon", "coordinates": [[[93.91492270939953, 27.478570408028972], [93.96376584065402, 27.586107494822404], [93.93476802295835, 27.60678831116847], [93.92672961841998, 27.695826628873156], [93.93884439805461, 27.713094906985905], [93.92613947199071, 27.745341357853995], [93.90636883358484, 27.749861581057406], [93.85664093094576, 27.7341004352758], [93.82808739843003, 27.69840851970613], [93.78406737044502, 27.69127013667672], [93.76431784424491, 27.665334011741724], [93.85497530798362, 27.5097172616111], [93.91492270939953, 27.478570408028972]]]}}]}